household_id,cluster_name,clv_pred_window,hurdle_pred_clv,obs_monetary,obs_frequency,obs_recency_days
445,Loyal Actives,55.48,464.77850539686744,1572.59,135,4
2276,Loyal Actives,202.74,132.62914612111962,477.67,19,6
1208,Loyal Actives,125.22,119.12081951784327,411.57,23,24
807,Loyal Actives,463.97,475.29806270089693,1832.6,46,5
1620,Champions,1554.56,1098.3605125574622,4728.17,167,2
1246,Loyal Actives,718.2,519.7357922811937,1334.8,26,1
2114,Loyal Actives,363.69,481.50125623834356,1286.27,60,2
1087,Champions,348.94,328.9390579750664,1333.28,79,8
2385,Champions,558.79,808.9825028689498,4489.64,249,9
1168,Declining,159.82,173.0314227404422,383.84,29,4
1181,Loyal Actives,169.06,421.1836437618616,1149.1,46,1
1241,Loyal Actives,112.03,203.3516642616339,721.73,44,5
1579,Champions,1719.65,1381.340063608731,5542.39,267,1
36,Loyal Actives,985.21,473.03951703702717,1835.45,83,4
558,Loyal Actives,347.15,320.9476595808178,1006.05,56,3
957,Loyal Actives,345.91,603.1476547629318,1887.65,269,1
1350,Loyal Actives,667.42,131.9758590210683,584.25,39,45
1513,Declining,67.7,127.14120695898255,460.17,23,20
2303,Loyal Actives,219.63,232.91533940606578,1100.82,36,29
1603,Declining,30.54,100.67718410478773,403.62,8,59
720,Loyal Actives,270.03,218.52601466969568,704.9,31,7
1283,Declining,46.39,48.80780559848979,132.65,25,33
2021,Loyal Actives,112.67,153.62204081018632,547.03,28,13
2239,Declining,198.73,214.2295134450388,1134.63,28,25
2354,Champions,702.97,594.629053758521,2232.76,34,13
781,Loyal Actives,466.91,193.14395710429454,673.12,26,5
2277,Loyal Actives,29.37,526.3504523354524,2441.86,83,6
380,Loyal Actives,1138.92,952.7844442035855,3237.9,57,2
1526,Loyal Actives,391.67,296.7323989020396,1263.31,88,8
603,Champions,13.15,127.18257637345465,491.46,30,73
342,Loyal Actives,297.71,189.8996448799895,896.89,20,16
195,Champions,247.77,555.0057131981673,1621.77,30,1
1301,Declining,20.3,158.31305306287854,591.23,38,43
1881,Champions,496.76,310.6616515064378,1266.5,57,13
773,Declining,298.71,51.185929999232286,116.1,6,28
1157,Loyal Actives,384.94,238.00071905449516,1176.63,41,29
2242,Loyal Actives,92.13,108.9135150447698,366.48,18,10
1133,Loyal Actives,345.28,157.73174320310716,600.58,51,18
2369,Champions,294.06,514.7066973515587,1518.91,40,5
2073,Declining,19.84,115.05269149529887,450.71,11,120
694,Declining,147.25,51.01201008332358,194.45,15,59
881,Loyal Actives,226.98,762.6620466992367,2215.14,72,1
65,Loyal Actives,461.82,360.3381504945493,882.98,56,1
2470,Champions,105.98,203.68018085453414,326.08,35,2
2389,Loyal Actives,207.07,138.92206129062683,600.23,29,25
2384,Truly Lapsed,0.0,45.57625808328828,128.57,5,114
2353,Declining,50.32,93.5796465585518,191.92,6,60
1660,Declining,267.17,90.79136504231879,261.91,12,9
236,Declining,138.38,127.55281505216203,276.42,11,1
954,Loyal Actives,396.75,360.16920131965253,920.3,20,1
1837,Loyal Actives,1653.43,899.0564142193726,3982.74,95,4
190,Declining,70.46,82.75775598007937,313.12,13,34
916,Loyal Actives,842.48,376.66611308055053,901.34,62,1
497,Declining,78.11,64.6024378476058,242.82,21,22
225,Declining,49.28,89.51515665275672,259.55,13,20
2418,Loyal Actives,371.82,290.6772665993467,685.26,45,1
1294,Loyal Actives,735.03,608.1766085290245,2355.76,22,27
2033,Champions,405.75,509.1117431650422,1352.22,61,1
2251,Declining,554.08,114.42611191145077,525.22,7,112
824,Loyal Actives,242.26,130.95488111515706,444.0,19,7
959,Champions,451.24,179.2352582996587,437.1,30,2
1842,Declining,11.33,106.87018599138834,177.02,6,7
2436,Declining,96.45,47.22190361255901,132.97,3,61
63,Declining,48.28,87.7273024073627,185.63,9,3
729,Declining,176.96,129.58736478962612,439.07,8,48
2213,Declining,178.04,86.50373557443015,364.7,12,64
1223,Declining,224.43,203.83901738890034,894.09,25,19
677,Declining,7.27,211.62530731193405,629.93,20,7
1992,Declining,131.39,71.6259246514825,204.18,17,23
984,Loyal Actives,288.75,120.36786790393617,552.75,16,26
2214,Declining,149.46,19.65363729329421,52.45,4,119
169,Champions,30.19,20.290037263994492,28.68,3,29
2099,Champions,38.59,201.64671524519662,442.67,35,1
711,Declining,143.2,78.35150519084567,195.51,17,9
620,Truly Lapsed,6.2,65.77618580686581,111.01,7,11
1571,Declining,79.78,43.175453201455696,122.78,10,48
2104,Declining,198.39,55.74912047380674,203.93,18,32
327,Truly Lapsed,0.0,4.45211886289406,10.01,2,143
1867,Declining,147.53,93.38447843526144,172.42,4,28
870,Single-Trip,0.0,4.169254782267585,10.83,1,140
38,Declining,0.0,102.13882614297309,250.32,14,7
1477,Truly Lapsed,10.56,30.20815797473308,44.67,3,19
1553,Declining,0.75,3.731814863178326,10.29,2,206
1308,Declining,17.96,6.378914615370936,16.5,2,181
1755,Loyal Actives,237.85,71.4565499945271,206.28,9,18
238,Declining,216.15,52.31575558495843,77.9,7,9
724,Truly Lapsed,59.19,149.1263845725957,175.11,8,6
1721,Truly Lapsed,78.08,205.8702944482017,212.38,7,1
2321,Truly Lapsed,73.61,76.06264415396926,84.23,5,23
860,Truly Lapsed,6.79,44.67236699428995,8.27,1,2
2207,Loyal Actives,554.94,707.1957427849038,2757.51,186,3
998,Loyal Actives,1026.28,886.6519817871722,3784.27,131,3
2091,Declining,36.94,100.71671942374248,409.45,7,40
1787,Declining,49.01,128.86618351474607,547.26,35,43
1558,Loyal Actives,708.22,649.9484698268446,1955.23,54,4
1269,Loyal Actives,174.66,300.6831862411402,1405.27,53,11
1767,Loyal Actives,489.08,849.893813460396,4923.79,251,10
830,Declining,102.96,155.97836534143184,353.25,34,7
1977,Declining,77.26,68.23359625445474,261.03,20,51
2028,Loyal Actives,196.73,266.238695883084,701.34,35,1
1379,Champions,2593.43,1408.0982438714507,6287.0,221,5
637,Loyal Actives,483.64,445.2035712692241,1388.4,59,5
1037,Declining,23.63,123.04342114953407,553.3,14,58
1456,Declining,4.19,182.98168705138775,814.33,38,13
307,Loyal Actives,465.76,329.2563573000764,1160.66,183,1
1862,Champions,29.56,259.83161819483104,1087.6,67,35
537,Declining,136.74,99.87228765266535,544.72,11,83
618,Champions,1259.5,1093.1640903355833,4291.43,263,1
1381,Declining,2.99,20.6661799896501,53.46,17,29
2443,Truly Lapsed,0.0,261.5168552276776,1531.09,67,104
2206,Declining,44.9,70.18892695392154,214.29,21,9
1936,Champions,521.68,776.9065633103927,2426.13,229,1
1963,Declining,202.3,303.12485507945513,818.25,19,7
365,Loyal Actives,826.09,546.2038069401856,2475.38,52,17
23,Loyal Actives,340.35,259.5340108377926,1147.63,51,15
1697,Loyal Actives,169.05,152.65483123668065,486.68,20,6
1654,Declining,107.28,66.77476996516562,186.47,12,34
93,Declining,0.0,572.4556720384729,1684.74,49,7
1435,Declining,195.26,47.5918857726005,112.18,5,35
486,Declining,281.61,124.22585186655962,445.3,15,100
1193,Loyal Actives,278.64,144.05039592328112,665.08,48,17
481,Loyal Actives,160.85,155.47327330141178,602.7,9,58
2271,Declining,37.15,95.07370433230538,229.51,29,1
953,Loyal Actives,971.13,120.53244087985516,465.13,33,12
1019,Loyal Actives,259.47,100.26352637742943,430.93,15,56
339,Loyal Actives,149.92,188.71786453280583,811.24,28,9
1961,Loyal Actives,259.74,210.22330245286386,386.47,23,2
1286,Declining,37.93,31.814289504960243,73.9,6,45
1017,Loyal Actives,1045.41,334.52937955363797,1370.14,28,40
978,Loyal Actives,553.98,157.71753478119797,589.84,30,80
33,Loyal Actives,88.41,169.9405024512623,546.83,25,4
1347,Loyal Actives,851.84,447.0535605545083,1312.92,49,1
254,Declining,105.81,50.28460214243163,149.38,14,29
2402,Declining,136.8,214.12309703099302,753.75,23,5
940,Loyal Actives,167.23,138.06643019638503,480.43,32,8
356,Champions,392.97,367.31712798045686,1232.48,73,2
180,Loyal Actives,174.09,146.68867159290534,745.82,27,29
1112,Champions,235.42,175.0753523886926,644.85,20,24
1701,Declining,216.3,233.9215367946903,671.52,11,7
1235,Declining,216.97,90.5801955283984,290.76,7,100
2396,Declining,214.59,27.716420883905073,71.56,3,232
919,Loyal Actives,202.13,123.1759890305117,523.91,38,30
1771,Declining,146.84,94.00102714390307,189.73,4,18
2212,Truly Lapsed,0.0,31.98098494125434,136.94,29,94
734,Declining,231.66,191.71345074882532,651.02,41,3
1851,Declining,139.5,154.48880041771318,667.03,18,30
53,Champions,237.29,216.0203841708468,872.65,24,13
1728,Declining,519.56,213.6245007151648,665.43,9,24
1952,Champions,248.8,14.375581359039941,30.84,2,229
2247,Loyal Actives,660.31,315.5158012591833,1091.05,21,3
1916,Loyal Actives,305.73,390.55139309995934,1193.65,65,3
1987,Loyal Actives,458.48,277.77095518976466,1032.57,33,5
2289,Loyal Actives,625.46,223.574663253166,805.59,32,12
388,Loyal Actives,156.78,97.55010567408968,492.07,20,29
1544,Champions,42.91,181.84157805013817,592.36,13,11
205,Loyal Actives,848.38,695.7462765953368,1794.09,56,1
1868,Declining,3.0,78.17834078896202,268.99,13,10
82,Declining,37.78,70.10667475551631,215.66,20,10
1054,Loyal Actives,116.91,127.01428814720913,414.2,17,23
961,Loyal Actives,291.93,484.73088868937765,1458.87,28,14
167,Declining,354.42,218.90189200224972,378.09,9,1
678,Champions,0.0,69.55567772130614,229.72,21,14
1185,Loyal Actives,523.3,75.72491722682999,183.34,12,3
746,Champions,139.62,51.592281216029384,166.64,12,70
2180,Declining,288.1,64.94219161507975,215.01,15,22
32,Loyal Actives,513.8,323.9941429346332,1066.4,32,14
1090,Declining,77.74,32.57863689601979,87.42,4,96
1700,Declining,677.45,159.95457259368578,481.87,8,6
480,Champions,625.23,201.2448512669236,740.92,19,33
2308,Truly Lapsed,18.85,165.3188320582971,411.11,18,11
181,Truly Lapsed,173.48,257.28246323167565,476.98,10,10
837,Declining,103.2,199.61064284042783,372.1,14,2
1756,Declining,0.0,325.6427819643387,938.1,23,3
1089,Champions,208.04,61.73253485616391,232.39,24,36
970,Champions,110.45,229.96074300308254,357.78,6,2
1757,Truly Lapsed,0.0,15.129738764837093,34.42,3,104
1161,Declining,265.85,194.73518827786486,388.53,14,4
2387,Declining,191.29,48.66591639037354,193.74,9,57
2255,Declining,78.58,41.03070679825135,129.76,8,26
561,Declining,475.06,149.8389754727152,597.82,12,20
2461,Declining,197.22,106.93166132186514,232.26,5,30
1600,Champions,126.31,155.68023885379915,280.49,22,1
1280,Truly Lapsed,20.06,34.24168121896337,46.48,3,28
1334,Truly Lapsed,197.12,59.05656929320515,69.55,8,9
739,Single-Trip,0.0,2.084375726231301,8.47,1,268
1361,Truly Lapsed,0.0,19.11941987757999,64.58,2,85
468,Loyal Actives,1163.0,686.7952152003633,2312.91,154,1
1216,Loyal Actives,197.89,834.3345385928633,3165.49,65,5
1490,Loyal Actives,681.31,631.9207372225595,1852.34,86,1
1351,Declining,135.31,41.5848874485233,106.92,27,6
183,Loyal Actives,49.94,273.1547391697458,711.58,59,3
2366,Champions,664.28,933.0181208487106,2931.22,93,1
308,Loyal Actives,817.49,219.06729667488833,801.26,36,12
545,Loyal Actives,397.32,412.77456554248323,1039.62,21,2
2431,Declining,130.62,94.92864008879563,378.34,13,58
1883,Loyal Actives,156.01,470.5409156366219,1476.4,56,2
1593,Declining,170.32,273.1942740490977,584.8,13,5
1046,Loyal Actives,596.12,603.733587973005,1793.78,88,1
419,Loyal Actives,35.45,197.76346371981967,862.57,24,49
433,Loyal Actives,116.58,67.39739085445134,164.97,20,5
1969,Loyal Actives,443.97,283.1893092112113,1033.48,116,3
1598,Loyal Actives,1759.43,1645.6697961238128,6779.96,285,1
1496,Truly Lapsed,0.0,51.709191994648926,163.76,5,78
1998,Loyal Actives,162.55,381.84343548502943,1279.84,142,1
92,Loyal Actives,436.24,172.39725310063253,531.02,23,4
68,Champions,508.34,704.8071136737068,2834.18,297,2
2270,Loyal Actives,556.89,515.1953477629024,2156.16,145,4
1232,Declining,0.0,95.54929621189375,364.21,16,13
402,Champions,220.04,337.59982959959456,1190.71,41,4
156,Champions,338.33,425.88434656653726,1760.85,255,7
1034,Declining,11.79,56.15774056145226,224.78,24,42
2299,Loyal Actives,154.49,249.9039379704321,1008.84,31,10
2079,Loyal Actives,303.44,486.222934874927,1939.47,47,9
2456,Loyal Actives,115.94,159.74342113851822,630.89,35,10
1136,Loyal Actives,350.16,104.7487487991524,391.19,17,15
1469,Declining,0.0,235.0518841512147,823.36,29,8
135,Loyal Actives,113.46,98.9687454038615,236.02,27,7
1203,Loyal Actives,1052.57,750.2054280842162,2791.67,96,3
1401,Champions,179.71,67.19655932731148,215.72,23,6
697,Champions,93.33,288.74539672850176,1143.7,32,39
260,Declining,51.32,58.526602926818676,190.18,9,93
1922,Loyal Actives,624.08,487.48760751868525,1309.56,45,4
394,Loyal Actives,247.97,260.14169170082414,1057.88,41,31
2137,Champions,368.97,463.1979191076679,1682.89,94,1
318,Declining,55.43,217.31949071445663,530.11,49,3
1368,Declining,653.97,241.49677103553609,1166.86,13,30
1667,Declining,44.58,22.44688513548045,84.13,8,17
1231,Loyal Actives,376.5,185.62608468194446,730.13,24,9
681,Loyal Actives,321.46,433.81738695457165,1018.95,24,1
937,Loyal Actives,300.19,171.09665202677672,601.56,28,4
1192,Loyal Actives,127.52,233.2653824696671,629.42,34,1
2383,Declining,138.66,25.105295117649554,71.05,5,109
2382,Declining,74.47,164.50945143964302,452.11,21,2
828,Truly Lapsed,0.0,120.21879340987665,600.36,21,58
1687,Loyal Actives,435.7,553.6470140655424,1724.18,47,14
701,Loyal Actives,691.38,283.24952056282376,1097.04,19,9
2128,Truly Lapsed,0.0,57.72657020928928,186.73,19,45
1426,Declining,185.81,145.49049690917727,456.88,11,12
2036,Loyal Actives,1365.51,322.2815378473522,1284.79,17,25
509,Declining,28.79,47.45112161022311,131.24,7,58
2262,Loyal Actives,254.59,156.74033492987348,471.05,47,8
1622,Loyal Actives,675.23,317.80783428368727,1386.04,43,8
519,Declining,30.48,81.38794284259322,265.01,12,16
311,Declining,79.94,308.4787568085238,704.88,20,1
255,Declining,84.58,92.34321576305513,207.65,7,15
2476,Truly Lapsed,0.0,117.76832075079531,379.53,12,76
1335,Declining,119.75,124.01616123704218,517.49,17,29
935,Champions,164.08,125.08023777002812,425.73,14,31
1735,Loyal Actives,933.6,310.6669576786833,1344.24,37,16
1324,Declining,693.51,190.92493949080733,858.03,20,25
1194,Declining,158.24,107.88013875154536,311.42,17,39
1408,Declining,37.97,213.55079826075672,672.96,36,8
84,Loyal Actives,389.02,145.4656740262906,458.25,25,8
1729,Loyal Actives,147.44,268.4594795298968,717.9,23,3
1307,Loyal Actives,115.38,306.9021560760482,1033.08,76,3
269,Declining,374.42,153.51693861906475,427.18,11,9
1061,Loyal Actives,1571.26,709.1205757744452,2674.57,48,4
1079,Declining,0.0,87.82710964820495,280.42,16,13
2391,Declining,73.39,87.64149742210294,208.66,19,7
635,Declining,8.97,21.16000721564226,149.48,7,119
1525,Declining,576.45,260.4141442566206,585.2,15,14
1200,Declining,334.95,237.6234226015206,797.93,15,5
2273,Declining,225.2,159.5420452416486,506.88,19,8
2029,Declining,400.23,242.94586883920024,833.08,22,21
111,Loyal Actives,112.12,169.83085529018405,590.44,22,8
1774,Loyal Actives,786.63,467.8441241372783,1621.29,24,9
1503,Truly Lapsed,51.63,27.68049895887667,31.19,4,10
602,Champions,713.97,555.7874228267459,924.49,25,2
2399,Truly Lapsed,0.0,15.2610129131405,40.85,3,111
1341,Truly Lapsed,56.84,90.32824561558905,263.23,6,73
477,Champions,153.67,60.125832636703066,181.76,18,10
627,Declining,213.19,469.74718522675283,862.51,19,1
2246,Truly Lapsed,0.0,63.51326422954299,187.35,3,106
1656,Declining,103.36,84.52589608461497,217.62,3,63
237,Truly Lapsed,0.0,17.798904981976406,14.72,2,91
894,Truly Lapsed,126.88,326.01163402059643,445.64,8,4
2157,Declining,26.84,65.66963829403569,165.73,4,90
994,Declining,255.06,76.61280746055057,208.67,8,10
245,Champions,533.74,122.05373416738828,382.9,18,7
299,Truly Lapsed,0.0,29.789969284156687,53.13,3,17
2463,Truly Lapsed,0.0,43.2231137145271,123.44,6,63
12,Truly Lapsed,0.0,70.58515535769007,182.36,3,54
834,Declining,1.0,15.099094889986763,35.01,4,44
1655,Truly Lapsed,105.18,17.976863191213656,16.0,1,30
599,Truly Lapsed,29.43,17.719596818386126,4.99,1,8
6,Loyal Actives,710.13,723.2491317355142,2752.74,118,2
703,Champions,1541.16,1076.6671307020372,4046.72,102,3
1005,Loyal Actives,389.58,517.1985134682114,1364.38,102,1
1434,Loyal Actives,612.09,597.5607016294068,2034.02,110,3
950,Declining,282.55,306.51946579044574,1131.38,31,5
1659,Loyal Actives,648.93,443.22565559063617,1498.48,72,5
1406,Loyal Actives,620.32,532.2799788111467,1231.22,36,1
1673,Champions,311.82,399.99111452737037,2002.16,42,49
2138,Loyal Actives,235.13,243.90197104666632,858.44,34,12
876,Champions,759.81,795.2564723969374,3076.89,101,7
1510,Champions,2135.97,1153.7025077396677,4761.8,553,1
1690,Declining,369.22,138.9620752631525,257.63,14,1
1683,Loyal Actives,325.26,238.21554048348875,631.31,31,4
1592,Champions,900.85,291.46704903140176,1048.5,24,7
1032,Loyal Actives,149.46,453.817191832908,1584.24,54,20
869,Loyal Actives,245.01,167.44537895843763,605.67,53,5
2375,Loyal Actives,648.64,618.6683317496953,1529.66,65,1
702,Champions,1118.39,1036.8803516875762,4149.14,143,2
1399,Declining,177.35,129.99358803406244,387.6,12,7
1304,Loyal Actives,127.29,97.57417954320998,368.25,39,9
2263,Loyal Actives,522.49,513.6295510156408,1511.82,123,2
459,Declining,186.94,217.48661707640076,617.41,36,2
463,Champions,910.38,659.880110103521,2284.55,262,1
1448,Declining,0.0,271.1830977398911,1419.7,68,26
1463,Champions,190.84,319.92320248099503,1343.85,52,7
2228,Truly Lapsed,0.0,540.347029596141,2809.77,88,57
424,Loyal Actives,1319.18,320.7336333911927,681.73,9,4
258,Loyal Actives,161.14,305.163560072353,1019.42,98,3
988,Champions,165.16,666.4337420503349,2241.51,79,1
115,Champions,2509.69,1369.0076641055239,5432.26,87,4
226,Declining,10.45,47.97160598413487,217.78,6,153
1651,Loyal Actives,537.98,224.26130153165894,907.88,30,8
1905,Loyal Actives,107.81,285.24328838459576,615.76,34,2
2423,Loyal Actives,377.75,270.0159925169416,1222.28,22,10
1374,Loyal Actives,247.73,339.0908501887833,1521.58,50,15
2078,Champions,152.23,66.22251517550983,212.61,12,108
2320,Declining,66.06,86.21653150590208,264.43,15,15
2000,Declining,98.94,89.67440298348079,214.31,21,5
2037,Loyal Actives,152.12,133.96853221590393,488.23,28,19
265,Declining,75.94,354.7246692011927,1489.17,21,21
1373,Declining,97.49,65.03874380192882,211.65,12,33
1375,Loyal Actives,208.86,621.242111062949,2053.52,60,4
1716,Loyal Actives,177.57,292.0252930492944,734.0,61,2
144,Loyal Actives,106.78,291.95855009700944,1101.69,51,6
775,Truly Lapsed,0.0,93.64926809349396,398.82,14,44
507,Declining,53.83,179.33965280248506,642.79,21,4
2223,Declining,178.85,102.57498925906994,126.26,14,1
1298,Loyal Actives,331.96,204.3459758374231,658.62,22,10
45,Declining,6.5,73.71621198852601,290.58,20,49
2044,Loyal Actives,58.26,108.7868558153626,378.33,16,19
514,Loyal Actives,381.68,280.55486715548926,1095.33,27,8
199,Declining,167.5,56.702372561292535,102.26,18,4
116,Loyal Actives,78.7,91.59355581393619,319.49,36,12
551,Declining,218.58,64.8813909453625,178.46,16,14
288,Champions,210.99,332.5374814149483,1193.25,35,12
945,Loyal Actives,624.87,217.8335103108992,663.11,21,7
384,Loyal Actives,987.06,443.088693811059,1288.19,26,4
562,Loyal Actives,622.99,394.79951996091387,1339.75,31,3
1244,Loyal Actives,53.22,87.70864961783504,306.66,16,16
333,Declining,79.26,214.32334754303844,569.06,15,6
727,Loyal Actives,556.92,478.63891626513623,1918.35,37,7
1372,Declining,109.48,169.30430300042275,556.64,9,21
1121,Loyal Actives,623.0,196.21373508883053,698.11,19,6
1838,Declining,62.69,215.3791680405715,578.01,17,2
185,Loyal Actives,200.08,213.4527742433117,935.93,31,22
1255,Declining,156.41,34.701286595673196,138.16,5,106
1508,Loyal Actives,202.01,183.00981739468185,549.59,25,8
501,Declining,218.75,46.48020377402291,142.54,8,54
420,Loyal Actives,8.58,193.46566146483292,407.66,15,1
974,Declining,137.87,214.46619637626767,732.89,16,9
801,Declining,290.42,99.38924189949635,476.62,8,56
1810,Champions,667.35,498.759504755806,1600.82,107,1
375,Declining,86.28,30.051648953891245,38.56,7,2
487,Truly Lapsed,43.9,37.17702140830697,45.94,4,8
163,Truly Lapsed,0.59,11.559295877150731,21.69,6,113
789,Truly Lapsed,138.65,27.733875292859086,31.07,3,8
274,Declining,51.23,17.96859841065527,34.5,4,111
1202,Declining,165.64,69.18375401407843,151.17,7,26
66,Declining,27.56,29.971038135372755,116.66,9,100
1237,Truly Lapsed,221.05,184.1934393135577,381.42,7,28
1794,Loyal Actives,536.36,355.7047375820843,1529.55,30,13
858,Declining,61.38,55.13180882598,170.14,19,36
423,Truly Lapsed,63.75,141.4472261352489,152.92,8,4
1594,Loyal Actives,748.46,319.0694274015331,1073.37,49,1
813,Declining,263.68,345.2257997540075,666.08,10,3
15,Loyal Actives,219.49,148.7010848633658,415.32,19,3
76,Declining,31.08,55.691778742138524,133.8,7,68
855,Loyal Actives,1004.1,311.9259170256162,1620.05,67,136
372,Truly Lapsed,0.0,63.09660246875754,197.78,4,62
610,Truly Lapsed,57.82,74.47500630936358,247.09,11,18
173,Truly Lapsed,0.0,80.90559687687718,228.99,8,164
1276,Declining,33.76,107.84034814527834,192.84,5,7
1254,Truly Lapsed,36.86,61.38203771316159,80.69,2,71
10,Single-Trip,0.0,23.975285188228696,29.96,1,60
613,Truly Lapsed,0.0,46.366752650696775,51.59,2,18
499,Truly Lapsed,0.0,31.90958699900575,25.02,2,13
1782,Declining,81.59,236.58788202664553,941.99,20,12
1500,Declining,163.43,69.59619758999291,225.72,18,69
1085,Champions,578.48,679.976465928997,2701.1,58,7
965,Declining,94.44,245.6893627826398,1039.23,22,7
1182,Loyal Actives,215.47,95.76111451865938,271.02,24,5
1584,Loyal Actives,806.32,957.4719055381381,3661.66,172,1
1925,Loyal Actives,162.33,264.60832156209364,858.38,37,7
2083,Loyal Actives,1322.22,1005.9756964699917,2890.96,149,1
2149,Champions,591.45,628.403070224646,2221.07,59,1
322,Declining,143.7,181.96122504283179,819.42,24,34
1940,Loyal Actives,114.97,237.86279125526016,888.95,25,24
1384,Loyal Actives,245.44,103.36484183499238,351.2,17,15
2009,Truly Lapsed,0.0,10.85657242017083,20.48,2,242
1835,Champions,1485.43,1158.4993522405905,4689.77,136,3
2381,Loyal Actives,299.15,321.67499775099776,862.27,36,2
1978,Loyal Actives,67.4,244.97559466519945,614.89,34,8
987,Loyal Actives,273.72,332.57372377180303,870.42,41,1
1826,Loyal Actives,214.18,171.0751315399532,617.7,43,3
94,Champions,149.34,40.01677164326703,125.81,16,36
600,Champions,916.35,878.8138104847243,2951.78,84,2
397,Champions,833.78,807.5714086011824,2474.65,102,2
1577,Loyal Actives,448.65,510.74246175108715,1834.75,38,5
721,Declining,46.85,84.05622612168932,250.76,24,12
2487,Declining,7.65,106.35794536336383,363.49,14,25
636,Loyal Actives,1229.38,1232.0962625531529,5052.77,114,3
1601,Truly Lapsed,0.0,138.28340536894086,565.51,8,80
2109,Loyal Actives,412.37,464.8834692708153,1291.7,62,1
1101,Declining,3.58,42.02043709006428,115.54,8,53
769,Loyal Actives,228.33,174.87076621426613,450.87,19,2
638,Champions,1292.7,872.964928191939,3888.19,83,6
35,Champions,84.99,177.5398724473368,478.86,28,3
1039,Loyal Actives,905.77,483.4408396681147,1909.99,36,10
132,Loyal Actives,161.98,416.9465325716192,1439.19,56,6
182,Declining,151.54,162.40231007138166,682.08,19,26
1763,Loyal Actives,661.63,764.966528114206,2471.15,91,2
2358,Loyal Actives,427.25,355.6101627182208,965.7,34,1
2205,Declining,145.32,128.28979294195926,466.3,18,12
1904,Declining,11.97,51.87448488620967,107.57,9,5
1026,Truly Lapsed,0.0,51.05950498773893,263.08,7,127
1586,Declining,234.23,298.7348052282881,861.82,30,3
1717,Loyal Actives,420.99,131.52392202230595,532.86,34,8
429,Declining,75.45,64.39369061404652,192.74,19,9
529,Truly Lapsed,0.0,187.85988040271684,793.6,19,38
2042,Loyal Actives,663.9,475.78445114333925,2284.55,15,31
1715,Loyal Actives,130.97,113.31881625901568,356.26,22,16
1839,Loyal Actives,387.28,277.35066813351557,793.21,39,2
1801,Declining,251.7,51.020874411318594,101.93,14,6
2225,Loyal Actives,470.6,548.6101435860325,1395.38,45,2
1522,Loyal Actives,163.29,169.27605830867316,621.59,27,7
2103,Declining,4.59,48.777550102296736,118.34,8,19
2323,Champions,75.76,129.2618767602038,348.67,15,9
1071,Loyal Actives,284.05,309.9755185421868,802.18,32,2
835,Declining,50.9,88.67717418778717,124.02,8,5
2059,Declining,152.73,199.41479629823482,885.14,18,8
286,Declining,302.55,80.52684456184672,441.83,17,90
138,Loyal Actives,858.68,322.87631278039237,1329.73,22,10
2132,Declining,148.17,131.08890722359016,260.92,19,8
427,Declining,230.41,75.2710601248015,234.68,14,171
1416,Declining,33.77,1.3064313925302944,7.98,1,224
2304,Declining,6.4,19.258527437397493,32.36,6,41
1780,Declining,183.05,42.332846038561534,90.98,7,28
577,Loyal Actives,940.39,465.7062796542394,1238.7,13,13
2473,Declining,71.88,15.822977867163255,55.32,3,154
566,Truly Lapsed,0.0,84.1275663861872,376.37,31,42
498,Declining,106.63,255.69058930787756,692.36,41,2
925,Declining,85.69,26.41762487736172,102.81,22,105
1156,Declining,249.38,90.61207931335032,390.13,13,90
2155,Truly Lapsed,23.43,63.6922543811543,70.67,4,4
406,Declining,576.47,199.5197118151345,579.1,19,43
30,Champions,104.0,68.05295427600034,142.34,9,22
1825,Declining,25.99,286.6071684619169,913.36,23,2
1641,Declining,10.79,72.066552560446,257.45,19,19
2471,Loyal Actives,247.8,67.01412329015135,178.25,13,8
231,Single-Trip,0.0,1.9304366128912511,7.5,1,105
50,Truly Lapsed,61.84,36.16031360294064,47.37,5,7
892,Declining,50.91,143.65467335424827,151.2,7,8
1106,Declining,232.43,89.1143115031571,242.9,9,40
1415,Declining,87.05,28.35922366991663,80.61,7,55
521,Loyal Actives,203.71,92.31676772195493,333.25,20,37
1360,Declining,93.33,94.79427387749675,196.29,8,2
555,Declining,13.34,41.59583736124799,134.89,7,132
846,Declining,383.14,123.04561234380269,414.0,15,27
11,Truly Lapsed,0.0,3.9043956256417975,10.05,2,146
838,Declining,66.06,65.08843529237355,120.91,10,2
767,Declining,34.21,102.334936128321,285.89,6,38
2286,Declining,193.11,56.91914991741374,98.32,5,15
917,Truly Lapsed,146.13,36.9693461237414,64.02,4,31
2166,Truly Lapsed,0.0,7.616289015978488,19.13,5,51
488,Declining,56.87,35.56659163073368,135.1,7,73
1714,Truly Lapsed,0.0,21.062228891436003,46.88,3,29
355,Truly Lapsed,0.0,32.5180813208972,144.06,3,187
572,Truly Lapsed,0.0,114.38626649343756,154.14,6,41
1947,Loyal Actives,1197.68,1315.1426123611438,4120.63,46,2
1314,Champions,1909.95,2000.001322969978,6546.03,170,1
1752,Loyal Actives,888.91,953.6593761247832,3419.08,98,2
515,Loyal Actives,230.13,251.49853875851815,1119.12,31,17
2379,Loyal Actives,110.0,193.77276640256,553.03,23,8
64,Loyal Actives,1020.2,422.00215109827735,1424.02,107,6
1824,Loyal Actives,368.52,364.8546315281137,1310.43,63,7
749,Declining,0.0,233.8882551184437,636.36,51,1
396,Loyal Actives,399.41,334.21472963298544,884.7,55,3
862,Loyal Actives,277.4,344.4253510572933,1051.22,45,2
2126,Loyal Actives,464.13,550.2729512186605,2251.0,64,4
1836,Loyal Actives,330.13,293.17929599696726,950.99,32,9
705,Loyal Actives,176.46,257.0265329703765,655.42,43,1
594,Declining,217.44,176.46765460090225,991.75,27,27
1332,Loyal Actives,357.23,259.64444432498584,1093.23,24,12
1966,Loyal Actives,1128.49,665.8136458070304,2369.58,62,4
1736,Declining,21.27,62.68340519362426,221.35,12,51
2241,Loyal Actives,116.13,219.71498242979823,914.23,41,5
669,Loyal Actives,837.76,1146.9943581832028,3497.73,47,1
271,Declining,59.59,79.40927333861715,239.11,27,21
345,Loyal Actives,1462.42,576.4273777969777,2200.45,74,6
1746,Declining,334.91,155.29003493177268,870.61,27,70
1144,Truly Lapsed,0.0,44.9901281854379,99.79,9,56
1134,Loyal Actives,504.14,844.1302501925923,2811.56,29,7
1277,Loyal Actives,1109.15,591.8152894617509,2039.95,104,3
2478,Loyal Actives,313.27,298.812269946287,1059.02,52,18
287,Loyal Actives,521.74,390.03064371002677,1504.82,121,6
847,Loyal Actives,420.58,190.71289131591996,578.52,20,5
72,Loyal Actives,1058.19,1041.7300019089892,3254.46,40,2
1889,Loyal Actives,72.23,217.95124210436532,723.95,13,30
1968,Loyal Actives,344.95,300.19351831794813,1047.29,40,5
1403,Champions,35.29,442.154798255194,1833.43,64,14
1574,Declining,820.07,339.1374094204357,1844.55,13,26
1486,Declining,129.78,67.15364214377642,218.87,6,155
1569,Declining,62.41,109.7688359960881,398.56,26,27
1336,Loyal Actives,892.93,600.1195556979765,2395.6,44,8
1685,Loyal Actives,233.48,118.1432933730145,360.07,34,7
398,Champions,202.14,213.64378101315887,982.77,70,15
1495,Loyal Actives,292.47,215.13846468822723,753.0,67,3
604,Loyal Actives,274.3,281.7463659131303,664.79,19,1
1878,Declining,0.0,80.76174602395929,154.74,8,8
29,Loyal Actives,76.07,129.12637150657417,459.69,30,43
2485,Loyal Actives,58.69,161.55176652442435,617.55,36,14
1224,Loyal Actives,536.33,187.3129847590848,754.93,35,10
1535,Loyal Actives,1418.63,865.5342982787159,4191.61,144,5
408,Loyal Actives,541.82,287.08459397819405,1129.43,28,24
1251,Declining,10.74,28.026153908570162,119.99,16,26
1405,Loyal Actives,471.39,173.84535925069392,671.46,15,12
1346,Loyal Actives,285.78,193.1328837905236,560.47,36,7
1225,Loyal Actives,208.94,188.05557528338662,585.98,23,4
3,Loyal Actives,75.5,282.5420528439908,910.29,17,26
1345,Declining,207.15,91.70898966268597,305.13,14,34
444,Declining,115.27,111.93187331632704,583.24,22,63
743,Loyal Actives,169.41,290.12390600819566,985.46,33,2
2120,Loyal Actives,583.0,163.89065729709066,719.56,28,19
130,Truly Lapsed,0.0,25.671571353648908,48.07,4,220
1065,Loyal Actives,690.39,510.7434933439079,2186.4,23,17
1859,Declining,61.8,181.03106193663427,681.13,12,12
453,Declining,51.67,82.28399283870074,192.5,12,7
1857,Loyal Actives,75.06,384.50238032425915,1363.16,50,2
2106,Truly Lapsed,0.0,140.69450845472144,383.85,10,66
280,Champions,395.33,179.56117019599608,1005.38,46,21
89,Declining,14.2,49.81273900489151,143.93,7,31
2153,Loyal Actives,475.11,133.18578978997166,248.93,11,4
1238,Declining,114.82,568.0565985608426,1049.87,10,1
1310,Declining,60.97,139.8431334827243,394.49,14,10
1072,Loyal Actives,333.27,294.7034045901745,1357.82,33,7
2350,Truly Lapsed,0.0,151.91087060613023,772.59,20,85
1189,Declining,170.41,147.346436928539,299.77,12,1
850,Loyal Actives,284.84,176.71582440827706,559.64,38,8
146,Declining,65.49,109.76816639837193,414.55,17,40
268,Declining,66.52,226.45372105361588,457.59,17,1
369,Declining,22.8,138.09677212669789,662.38,16,28
2293,Declining,524.33,269.07865390797673,1208.48,20,30
665,Declining,39.66,102.25415476768833,184.93,13,3
2118,Declining,180.37,182.082672449543,578.32,15,5
2452,Loyal Actives,704.66,251.6553464596081,933.06,46,11
2338,Loyal Actives,313.95,287.6860534213409,1178.02,39,7
455,Declining,42.19,180.19101492282556,631.01,7,23
213,Declining,0.0,99.38910883323027,294.56,3,36
2216,Loyal Actives,89.57,78.3598500892136,248.16,19,21
2474,Declining,51.62,66.82966055029614,163.23,17,5
547,Declining,36.05,179.41549518749144,728.75,27,20
1698,Loyal Actives,562.91,191.50136035766073,730.42,16,26
1507,Declining,641.12,25.797690581535242,95.09,3,211
1013,Declining,7.86,48.84125001964177,167.46,10,34
229,Declining,26.89,140.0062090350741,562.75,24,16
348,Loyal Actives,1103.77,265.8540083636163,1296.2,60,15
1099,Declining,68.09,42.7105347597431,151.81,8,63
61,Truly Lapsed,0.0,15.422413324745857,28.88,3,83
532,Declining,22.97,21.04899515999097,32.57,4,106
2398,Declining,235.87,320.70336874094795,941.31,33,6
1625,Declining,256.01,58.8501810613446,114.93,16,12
1210,Declining,112.81,209.28654155703376,472.5,18,9
1002,Declining,365.02,65.14868038302544,173.48,7,12
516,Declining,13.42,57.81145605830569,165.0,11,31
1893,Champions,7.99,90.76659251910745,200.96,7,19
1860,Truly Lapsed,97.63,83.41194964556585,160.05,17,13
736,Loyal Actives,1222.99,166.38038938157078,560.93,19,18
366,Declining,18.05,78.38559060427886,221.02,25,7
1843,Declining,223.96,76.7587830091157,193.65,11,8
1033,Declining,128.3,332.01692384814146,505.73,7,1
1910,Declining,64.97,68.85411106941427,208.78,10,29
315,Truly Lapsed,16.96,31.114332431751237,75.21,4,50
2403,Declining,55.26,9.64117795406742,25.54,3,136
590,Declining,288.27,103.01918783133976,156.87,11,13
2458,Loyal Actives,125.06,88.26930649702905,298.48,15,43
848,Declining,618.97,278.1021583956531,1086.55,12,8
948,Single-Trip,0.0,5.743001322329661,14.35,1,186
1885,Champions,146.06,36.02291400651015,48.84,3,13
200,Truly Lapsed,555.01,181.1828767929072,247.49,29,3
2122,Truly Lapsed,113.09,32.28760550386104,25.49,1,46
1737,Truly Lapsed,136.21,93.49666857754478,94.18,6,8
1550,Truly Lapsed,490.2,137.77102112736273,129.1,20,3
1718,Truly Lapsed,247.46,56.9286053586385,34.79,1,27
1773,Champions,355.73,480.77253099329783,1442.0,43,7
728,Champions,318.07,689.5350377143106,4243.83,207,20
79,Loyal Actives,358.85,560.470939511817,2153.28,85,3
2046,Declining,3.99,69.70496787366869,223.9,21,14
2055,Loyal Actives,445.58,415.2420244704353,1290.83,79,3
2433,Declining,91.89,101.50155302190888,395.17,18,25
563,Champions,282.82,212.95368266157038,1115.58,31,46
1078,Champions,523.09,860.4801150140821,3099.87,103,4
1117,Champions,301.79,593.9386781001562,1636.87,79,1
843,Loyal Actives,906.61,341.1186752786189,793.72,25,1
1191,Loyal Actives,334.15,444.52532798049464,1109.3,44,1
1875,Loyal Actives,339.47,187.93393034550704,287.39,12,1
2176,Declining,36.7,410.0691914958398,1352.52,80,1
943,Champions,246.95,594.179785380829,2595.98,116,5
1293,Loyal Actives,595.59,406.4046331139957,1471.86,80,3
1730,Champions,252.22,364.94537606654393,1580.94,73,5
754,Declining,198.67,216.71792072911222,603.53,14,8
1029,Champions,2025.42,1923.431337046833,6222.92,120,1
520,Loyal Actives,257.23,131.47289771746233,614.69,33,27
335,Loyal Actives,321.22,439.8257883696902,1368.72,64,3
122,Declining,130.94,135.92195077437958,334.53,29,4
1092,Declining,219.94,126.05911153310329,427.37,22,20
2438,Loyal Actives,522.61,361.65933197414824,957.4,65,1
303,Loyal Actives,671.98,657.2940079567595,2615.32,114,3
215,Loyal Actives,334.5,318.3666026037634,698.14,62,1
1055,Loyal Actives,169.78,141.98669845442217,331.45,25,2
142,Loyal Actives,205.2,301.3954262845776,763.92,58,2
1274,Loyal Actives,1613.56,1254.9384518827585,5315.13,108,1
2098,Declining,26.67,397.3086841567658,636.17,10,1
2016,Loyal Actives,43.33,225.03789663032873,849.06,47,4
1772,Declining,76.38,277.79261360270596,970.81,41,5
227,Loyal Actives,282.19,119.94403395945602,493.28,49,6
1809,Loyal Actives,335.25,162.07595126686275,617.78,22,12
2,Declining,328.69,193.4990925410413,691.43,13,16
893,Loyal Actives,1443.77,668.4800627973458,2155.63,48,2
744,Champions,1094.67,656.112364052038,2091.11,74,3
796,Declining,36.52,35.20110854222939,168.7,19,48
517,Loyal Actives,562.52,671.5485522525954,1842.28,47,1
1446,Loyal Actives,160.81,556.16791056177,1187.72,22,1
2074,Declining,35.02,57.44090232747106,268.68,15,56
2373,Declining,163.07,383.95507744914175,1780.03,78,4
1319,Declining,100.08,94.49775918194577,282.39,18,3
1681,Loyal Actives,439.59,320.4305429522422,1103.65,36,7
1768,Loyal Actives,253.49,150.09898157608305,848.52,43,26
533,Loyal Actives,358.87,224.25732964668313,930.01,27,10
2357,Declining,17.16,32.428676339058256,100.4,15,60
1075,Loyal Actives,225.97,115.03192886900143,440.34,23,18
2410,Loyal Actives,482.86,308.046753647775,1103.68,23,10
228,Declining,181.36,293.4242260846279,1523.53,33,7
1471,Champions,76.79,67.18942737278186,171.21,13,19
1100,Champions,39.11,34.30326231718217,89.71,8,106
1555,Loyal Actives,90.03,210.11397624420096,789.17,41,9
1712,Declining,104.36,112.98997541563786,308.14,7,49
782,Loyal Actives,108.31,207.70133610830354,808.1,36,6
1056,Loyal Actives,632.95,443.26209194279113,2046.08,28,19
877,Loyal Actives,442.38,522.8377955077043,1374.52,25,8
2026,Declining,78.01,168.67443984074387,795.74,11,14
1030,Declining,116.93,132.41907125786167,432.78,13,35
1162,Champions,0.0,58.43308190337937,214.77,13,61
1938,Declining,264.1,71.18712709572688,231.97,7,61
2482,Declining,233.86,196.13681017241407,435.3,18,1
667,Champions,366.87,140.8159073046952,388.27,30,6
673,Loyal Actives,205.23,101.93925745091855,213.39,16,2
2222,Loyal Actives,273.81,576.6148378724307,1677.26,23,2
821,Declining,126.52,71.67111311183352,204.22,8,86
292,Declining,108.33,57.77912225361791,223.98,22,36
963,Champions,172.01,279.72877993934145,981.52,21,6
1243,Declining,21.22,62.20470310144494,183.17,8,126
918,Declining,20.0,276.5867283457734,606.73,15,7
626,Declining,24.71,96.86399856691958,400.56,19,22
639,Declining,157.09,129.21332056555602,508.94,52,12
1900,Loyal Actives,1839.35,854.62760632354,3221.63,21,5
930,Declining,115.92,74.16158125323635,413.68,17,41
2230,Declining,361.3,86.31400455202126,352.09,11,40
1077,Truly Lapsed,820.48,190.23349240389243,262.33,9,5
261,Truly Lapsed,0.0,179.00027545440628,438.62,17,22
1102,Loyal Actives,364.81,238.9718954540093,570.98,26,2
550,Declining,49.99,118.27473781469675,252.15,9,9
1148,Champions,136.04,149.37207984336064,185.24,10,2
2165,Declining,129.33,14.670178107315403,49.98,6,127
1560,Declining,412.71,148.2669960882627,399.41,21,3
1472,Single-Trip,0.0,112.30335863901085,180.01,1,141
1432,Declining,130.83,56.43547336053303,90.92,4,58
1311,Truly Lapsed,145.17,56.297641147987285,113.33,4,20
107,Declining,161.52,8.075812879344015,29.25,3,203
1170,Declining,2.0,5.044436038389414,13.99,2,86
2001,Champions,166.76,51.456697913731695,130.79,4,58
1315,Truly Lapsed,119.21,293.64552700129315,338.87,3,2
1606,Declining,97.73,142.56023347925603,342.47,6,12
1140,Truly Lapsed,668.05,289.2196859438746,356.28,14,4
1221,Declining,111.91,85.66539772039654,197.23,2,261
2249,Single-Trip,0.0,13.744137911299141,139.68,1,252
279,Champions,377.15,315.50263653309,1076.21,32,34
747,Loyal Actives,162.17,152.64768088867834,542.52,63,9
745,Loyal Actives,804.69,1200.4198060867004,3171.06,74,1
1991,Champions,51.31,64.06927101295412,118.31,17,2
2015,Loyal Actives,945.12,741.1108588741224,2797.59,55,8
972,Loyal Actives,602.31,316.3788601318324,880.36,54,4
401,Loyal Actives,838.61,304.07362716514854,770.77,33,1
760,Declining,0.0,273.3437454194289,1068.11,38,9
2416,Loyal Actives,581.37,519.6389614439447,2025.13,57,4
1776,Loyal Actives,95.05,416.16831024955354,1247.46,65,2
2196,Loyal Actives,142.18,124.6253534157295,426.27,27,9
891,Loyal Actives,1015.05,835.0279167478348,3041.73,57,2
2395,Loyal Actives,395.0,792.9691656665403,2260.64,105,1
246,Loyal Actives,29.73,109.09449789185771,361.65,21,11
1282,Loyal Actives,601.6,689.6090035153148,3187.5,104,4
1023,Loyal Actives,6931.12,3125.890266276099,17926.3,285,1
1289,Loyal Actives,271.97,232.81185787513678,606.53,247,1
1642,Loyal Actives,237.96,230.33270501411877,708.32,48,5
896,Loyal Actives,430.22,844.5560300024624,2472.86,50,1
2019,Loyal Actives,1107.71,1423.3051688602923,8806.97,187,18
2071,Loyal Actives,236.15,377.16955150562524,1130.69,134,1
277,Declining,241.58,124.07677183325417,340.58,8,6
1444,Declining,23.67,87.82218152720486,241.63,13,11
1279,Loyal Actives,634.14,802.3206352431029,2467.75,106,1
1974,Declining,0.0,385.1134808792124,2475.93,89,48
980,Loyal Actives,112.41,175.84512508081175,840.22,17,21
2080,Loyal Actives,456.43,532.8390819222842,1791.8,20,6
88,Loyal Actives,1309.28,1286.358690824269,5333.81,94,3
1473,Loyal Actives,858.3,471.50900545572335,1762.48,49,10
1607,Declining,269.38,322.7987820908048,1804.98,51,8
1738,Loyal Actives,300.74,159.10304153650412,578.65,22,4
1359,Declining,150.53,165.79913070264212,559.8,45,10
405,Champions,395.63,501.5910954465341,1552.03,44,1
1612,Champions,1053.1,883.1140376350314,3905.98,61,4
1049,Declining,130.66,122.62641078446372,330.8,24,4
450,Loyal Actives,209.02,236.25558388594595,621.75,28,1
1671,Declining,123.48,120.74614067079408,434.97,11,48
1458,Loyal Actives,702.79,350.3386461854009,1202.37,51,3
1047,Loyal Actives,158.35,130.13796686042554,389.05,38,4
2027,Loyal Actives,72.18,261.08876861497413,1173.99,79,15
1233,Champions,5.0,134.47732739118868,549.15,11,26
1511,Loyal Actives,776.01,482.34522718806073,1838.43,70,8
2160,Declining,178.7,103.16511736246636,285.45,23,6
874,Truly Lapsed,0.0,66.44716949987755,65.47,3,1
1114,Declining,51.59,95.9022974259029,334.15,15,16
751,Declining,190.71,21.240095374568376,30.86,3,7
1377,Declining,13.36,119.51841841277756,398.39,13,28
783,Declining,35.45,24.446541642461487,81.48,3,232
1385,Loyal Actives,724.03,595.4274787036769,1958.67,35,2
897,Loyal Actives,182.09,65.13324916157377,230.27,25,62
26,Loyal Actives,149.39,211.84251408699964,785.04,33,8
323,Truly Lapsed,0.0,36.11462364479908,35.64,5,2
96,Truly Lapsed,0.0,70.68958752708244,318.95,11,153
1915,Truly Lapsed,0.0,83.3540729264685,204.85,9,36
1933,Loyal Actives,169.6,286.85783798064136,1100.38,42,8
124,Declining,11.8,124.28679578999078,236.08,20,1
1744,Loyal Actives,188.09,118.73704977689013,349.64,30,7
1278,Declining,5.79,227.87314029697112,404.54,8,2
2215,Loyal Actives,272.05,305.9714502062083,1207.55,57,9
2043,Loyal Actives,384.66,283.95821464903014,663.36,26,1
2281,Loyal Actives,1785.25,604.4895727207019,1740.72,50,1
347,Declining,22.25,44.82324089139107,121.08,3,71
1265,Loyal Actives,172.58,183.3321903601494,727.78,32,11
1589,Declining,40.86,57.152128470065215,146.36,7,38
2477,Declining,408.26,128.10996722351337,402.21,8,57
1460,Loyal Actives,254.49,332.4796796863174,1051.13,23,5
100,Champions,283.11,418.78144568441047,1051.26,16,1
1016,Loyal Actives,933.21,297.45143361204885,1050.19,20,12
1242,Declining,2.78,44.08022801682643,168.66,8,24
2434,Declining,56.82,137.7622102918716,492.1,11,10
2202,Declining,24.82,64.52571119017396,152.1,5,31
1957,Declining,457.59,240.88329636903524,914.58,19,20
902,Declining,21.98,4.726438632481802,17.13,1,223
2401,Declining,143.17,132.21269122799475,404.29,33,8
991,Declining,27.76,203.18134685724897,954.33,16,45
2306,Single-Trip,0.0,1.3820736887626486,11.6,1,217
1482,Declining,35.74,19.330328544573796,52.05,3,159
2061,Declining,9.2,69.51395175591226,72.54,7,52
2480,Truly Lapsed,0.0,251.14645086572477,781.57,16,14
1581,Declining,379.33,390.35574948437807,634.02,15,5
933,Loyal Actives,445.37,340.5031349623879,1374.92,40,6
1817,Declining,329.37,236.77056188441546,381.64,19,3
2468,Loyal Actives,100.0,481.73406559258115,1571.39,52,4
1281,Loyal Actives,265.18,30.91910769862144,80.52,6,92
820,Loyal Actives,755.03,180.05168863733442,555.87,35,5
1127,Declining,153.81,402.26049197439016,1070.62,16,4
1741,Declining,27.9,13.94412118743699,31.01,3,70
436,Declining,361.95,211.04046174358177,788.9,11,27
951,Truly Lapsed,241.97,27.260298885796505,46.78,2,33
1786,Champions,68.43,68.33425806532847,165.1,19,22
1983,Declining,88.05,138.21299334097927,455.61,12,30
1080,Loyal Actives,153.49,229.28985109258895,681.91,31,1
1044,Declining,3.0,54.80257356138908,182.59,8,47
556,Truly Lapsed,0.0,62.65090503109721,135.68,3,151
1230,Declining,11.51,43.52832809349061,144.09,11,40
2413,Declining,44.08,74.16184665766758,114.97,6,6
270,Declining,116.11,105.48242213412979,472.0,12,74
1934,Truly Lapsed,0.0,44.610953691402614,68.14,3,9
2151,Truly Lapsed,85.35,10.7722516948832,5.76,2,59
2283,Truly Lapsed,425.82,258.9438037855163,361.17,7,10
1339,Truly Lapsed,129.99,98.65287899786831,179.28,2,18
415,Declining,67.73,57.77795822244295,38.13,1,268
234,Truly Lapsed,0.0,36.94275202511721,54.99,5,20
1818,Truly Lapsed,107.35,16.06194372358158,4.0,1,7
1309,Single-Trip,0.0,81.6678325857125,29.76,1,8
1449,Declining,54.18,73.78872178665566,273.0,17,30
1109,Loyal Actives,411.74,379.5743702398063,1616.95,42,4
95,Loyal Actives,1057.72,833.9177310222864,2981.64,114,2
679,Loyal Actives,509.28,903.9107049192731,3176.89,157,5
975,Loyal Actives,704.15,586.9058651018819,2405.49,95,5
1206,Loyal Actives,677.06,714.3145525207839,2277.46,99,1
330,Champions,99.97,334.6816053648406,1377.38,141,5
1619,Champions,578.37,735.662821797232,2162.93,87,1
2345,Loyal Actives,737.59,336.0991342597623,1550.39,35,24
810,Declining,71.31,54.427718571934484,204.31,14,56
2329,Declining,26.6,261.4121533697438,950.34,38,12
1872,Loyal Actives,448.13,709.2804845539416,1849.97,76,1
1973,Declining,10.81,62.719953706932976,207.33,13,124
1960,Champions,368.94,343.1649887764693,1204.09,42,2
977,Loyal Actives,145.01,237.38314423437686,522.89,15,1
530,Declining,192.24,103.53769250492918,424.26,17,64
2363,Declining,135.82,107.59395898535338,384.22,21,19
1110,Loyal Actives,1115.15,960.4485957354402,3610.49,98,4
83,Loyal Actives,174.19,124.12713985949829,426.84,42,10
2219,Champions,21.0,45.38557576294107,149.96,5,140
634,Truly Lapsed,0.0,265.87946223143445,923.65,22,89
652,Declining,184.89,149.73757191204749,554.11,17,14
2430,Loyal Actives,189.11,192.6450127180366,898.63,24,55
421,Champions,624.03,842.7540922847419,2311.11,69,1
1663,Champions,337.87,359.9527163276787,985.27,101,1
202,Declining,97.0,41.772125701152405,126.48,11,63
305,Loyal Actives,550.37,637.4768047958362,1522.99,57,1
936,Loyal Actives,1155.56,937.5870123096967,3770.08,255,6
452,Truly Lapsed,0.0,133.60055102067102,554.13,16,28
340,Declining,37.99,162.91194755267793,549.53,10,7
1165,Loyal Actives,292.47,123.5515504046453,498.03,20,16
179,Declining,0.0,86.23319170071727,344.99,21,36
59,Loyal Actives,81.98,203.90020529330647,832.02,13,35
1088,Loyal Actives,149.1,189.39968829844236,609.04,37,4
2141,Loyal Actives,597.81,580.3128351763544,2210.84,39,11
2164,Truly Lapsed,0.0,141.04768920963548,553.24,12,158
587,Declining,41.68,35.35239369510419,93.03,13,46
1328,Loyal Actives,434.41,212.19974343938355,733.95,31,4
4,Declining,141.93,74.53814087950997,300.21,14,62
615,Champions,107.45,64.87802752388313,117.58,6,9
666,Loyal Actives,264.04,130.9213793311021,464.36,48,13
1546,Loyal Actives,895.22,451.4731131032974,1974.62,49,8
2066,Declining,7.93,302.4455991598709,972.92,63,2
2275,Loyal Actives,736.1,260.2309144694747,974.35,58,5
1303,Champions,1571.71,583.6500315952463,2396.8,96,14
357,Loyal Actives,581.63,148.69570621862212,591.81,10,8
2457,Loyal Actives,248.64,285.5677105777366,545.93,29,3
1675,Loyal Actives,522.28,709.2147024090256,2464.05,54,3
1743,Champions,97.48,191.70833004774713,436.64,18,3
1705,Loyal Actives,317.89,245.4530230767712,828.23,75,5
312,Declining,218.54,314.72616729550236,1325.33,20,19
153,Declining,174.18,172.97742577978119,768.26,39,9
2257,Declining,131.64,108.45199323277879,279.99,22,7
625,Declining,88.75,93.40614726993175,283.33,12,7
2392,Declining,570.79,186.37087541550596,433.12,10,8
148,Declining,459.35,147.30294273600703,385.19,15,5
793,Loyal Actives,342.14,181.31037391900435,635.01,51,7
1533,Declining,44.86,29.881571038681308,57.28,7,38
1464,Loyal Actives,273.85,294.31472377641654,1235.61,33,8
1440,Champions,356.67,399.1301543291549,977.4,47,1
1658,Loyal Actives,268.36,169.73227333848104,545.91,18,8
478,Declining,17.51,60.55859414877488,77.1,7,2
723,Declining,368.09,155.61460008429123,522.7,13,15
2014,Declining,145.95,172.734720454921,453.74,11,2
1249,Declining,98.53,38.36673541845504,127.08,8,53
1576,Declining,107.37,28.23168120277795,44.22,3,14
995,Truly Lapsed,0.0,131.9669746877548,455.93,6,76
448,Loyal Actives,198.69,38.52473611048305,83.51,13,20
1338,Champions,601.66,340.16831497796227,558.1,79,1
1890,Loyal Actives,285.29,218.0753699477237,719.48,17,15
2492,Declining,380.53,288.2563902822303,1002.54,24,3
1450,Champions,116.2,196.82811677738798,698.46,32,4
1411,Single-Trip,0.0,5.94228645196136,9.52,1,115
643,Declining,238.04,156.11632427089634,545.26,13,34
832,Truly Lapsed,25.56,109.11590403356857,225.59,6,21
1498,Declining,94.98,127.4146027186463,359.83,8,10
500,Truly Lapsed,0.0,23.843915992076884,68.6,2,105
1442,Truly Lapsed,0.0,88.46619157907878,227.13,18,37
1827,Declining,159.93,180.8249142498044,373.72,23,12
1173,Truly Lapsed,55.9,202.37259471840565,323.34,18,8
2218,Declining,165.95,177.76229358211134,273.48,7,1
106,Champions,539.11,228.76729057364673,347.18,15,3
1404,Declining,304.53,83.59967993107564,170.67,12,21
758,Declining,66.56,37.633523857075275,87.47,8,22
1610,Truly Lapsed,0.0,17.127686579455425,52.49,3,92
1898,Declining,58.12,60.31207868544805,94.43,8,4
363,Truly Lapsed,6.99,13.255368677911061,34.41,2,86
2169,Declining,145.54,109.31815753703292,370.73,21,14
1143,Declining,65.98,22.843442470599143,43.37,2,14
1059,Truly Lapsed,0.0,28.194843235892378,32.39,2,3
186,Single-Trip,0.0,8.38141510260311,38.41,1,169
1950,Truly Lapsed,288.08,146.3663116024464,284.4,8,32
90,Truly Lapsed,63.88,59.017118847497336,84.24,1,75
1682,Truly Lapsed,10.76,28.38096525832761,13.16,1,27
1599,Loyal Actives,1125.25,885.2048485810511,2813.39,59,1
901,Loyal Actives,428.16,359.42373761823245,1170.43,37,3
73,Champions,15.03,386.25797467522034,1979.58,96,42
2500,Champions,1022.02,761.4675032303244,2579.13,51,5
2244,Loyal Actives,525.16,454.8305590432398,2040.21,133,12
1672,Loyal Actives,354.89,121.00528804495077,491.62,26,19
2034,Champions,611.59,369.507678640453,1690.89,72,4
1742,Loyal Actives,295.13,299.2829397004133,1115.52,136,4
1887,Loyal Actives,151.94,151.65974780512704,507.04,48,4
710,Loyal Actives,563.77,549.7337909842786,1546.22,90,2
2236,Champions,114.37,461.48770960625063,1697.08,113,5
536,Loyal Actives,80.26,154.76602682766045,586.28,33,20
1543,Loyal Actives,177.67,219.84455325664422,836.99,26,10
425,Loyal Actives,521.19,471.5023849492394,1929.79,55,6
1602,Loyal Actives,788.0,827.046561967827,2882.36,79,3
1098,Champions,1441.41,1084.9657351689214,4406.51,202,2
1409,Loyal Actives,507.41,666.8831662888881,2429.04,44,2
1972,Loyal Actives,185.29,230.44428177654726,849.86,52,10
293,Loyal Actives,527.27,462.0352395361051,1785.53,53,16
1769,Loyal Actives,1069.99,1017.6745409679178,3088.16,68,1
2135,Declining,38.57,126.83090280311995,399.2,22,8
1312,Champions,348.78,443.43288919216633,1742.38,52,22
2144,Loyal Actives,713.61,304.389534357887,1388.27,26,8
1630,Loyal Actives,1528.88,1159.6236198348452,3847.21,74,1
291,Loyal Actives,494.07,581.361056351893,1507.71,35,1
1902,Declining,342.61,123.77448611212085,291.67,5,9
508,Declining,170.65,89.47490094810749,408.13,18,26
1064,Loyal Actives,411.46,335.98782663546496,1527.0,23,52
1506,Loyal Actives,315.81,268.7143624978725,1113.66,64,13
780,Truly Lapsed,0.0,27.096285156150827,106.34,18,121
1000,Loyal Actives,567.38,517.2704818704004,1940.0,62,5
1122,Truly Lapsed,0.0,105.13628984744709,496.56,29,59
172,Champions,359.53,211.01506096744708,750.51,74,3
41,Loyal Actives,576.44,384.3558943885347,1486.84,34,6
1853,Declining,46.37,51.86138284188997,106.51,18,6
1805,Declining,59.22,78.25177931286196,232.42,19,14
568,Loyal Actives,1925.73,1195.144114216371,3776.09,85,1
2065,Loyal Actives,537.69,578.182326938804,1719.86,36,2
719,Declining,177.48,50.7044278940971,169.74,9,33
805,Loyal Actives,1038.41,631.513025327745,1859.95,106,1
1155,Loyal Actives,328.16,167.44760795402271,900.73,23,26
2245,Loyal Actives,864.6,521.9240736075297,1550.3,65,1
2340,Champions,436.13,460.18756947754827,1394.39,61,1
2297,Declining,94.89,130.06847044153648,376.31,24,6
730,Loyal Actives,155.29,120.13568836190106,460.76,35,26
629,Declining,4.99,41.884616734392175,141.5,13,43
798,Loyal Actives,221.15,320.70150696406466,864.19,32,1
112,Champions,225.94,203.88359666263833,685.52,40,15
573,Champions,182.98,384.0572423828502,1584.63,56,22
285,Loyal Actives,796.05,402.65714800213937,1349.19,71,2
5,Declining,78.97,76.69386860914882,220.7,15,16
1854,Champions,1194.25,947.7150389417493,2531.97,87,1
266,Loyal Actives,392.4,314.0691863886974,958.48,17,6
952,Loyal Actives,238.75,470.400291137518,1189.7,61,1
1209,Declining,99.19,30.36064672221949,35.93,3,4
1993,Loyal Actives,179.73,168.0577530797359,516.94,29,5
431,Declining,127.67,62.57388674236418,223.99,14,42
1723,Declining,633.06,520.9638410006672,2384.74,40,6
1051,Declining,344.78,96.52803745173347,349.46,13,39
1180,Champions,528.41,983.0137767518768,3360.23,82,1
2174,Loyal Actives,16.27,152.97040028709515,290.91,17,1
1362,Loyal Actives,242.25,202.55548328655618,655.14,29,12
912,Declining,267.66,118.06395786825877,375.97,4,41
913,Loyal Actives,40.95,204.0581546148094,648.72,30,7
890,Declining,32.68,71.46958837804928,276.09,8,31
2113,Declining,430.4,272.7152303082146,633.56,36,2
2386,Loyal Actives,212.77,97.86918499082084,487.4,15,90
1811,Declining,93.53,156.47426548124062,412.95,8,13
1063,Declining,68.88,58.34121061857117,196.25,13,55
1371,Truly Lapsed,0.0,116.6852333946738,413.91,29,27
1806,Loyal Actives,634.55,502.16267240828296,1628.88,57,3
1713,Declining,449.71,239.1421525309195,774.08,18,7
1616,Declining,357.35,159.5498821327946,577.27,14,20
24,Declining,287.32,20.33143752299669,62.44,6,175
506,Declining,198.26,255.96813985906428,484.96,13,1
194,Loyal Actives,184.16,175.93705122471334,545.62,20,8
1583,Declining,68.68,36.68520035764057,131.06,7,20
535,Declining,111.9,163.53388291976466,828.38,22,35
2460,Declining,197.22,129.78579933560167,533.97,16,39
44,Declining,58.18,156.13942284289917,660.23,21,20
2056,Loyal Actives,302.68,476.0954804592002,1208.36,49,1
2197,Declining,38.88,36.635641208100274,110.89,11,25
137,Declining,43.73,63.893849176189256,253.67,15,60
204,Declining,53.47,67.50239421618328,181.2,18,16
466,Declining,209.38,115.01415913185866,194.05,7,5
1895,Declining,131.14,52.845038478211734,141.45,13,17
589,Declining,4.19,67.738685795082,217.99,12,66
549,Declining,59.19,95.03712086859476,384.22,16,28
2003,Declining,492.56,195.88413583288147,643.14,14,12
284,Truly Lapsed,0.0,17.640757580609936,49.39,3,122
1414,Declining,21.66,47.15124657828807,95.0,4,17
1502,Declining,50.03,144.28998909470633,476.14,13,41
1819,Loyal Actives,161.2,223.78372223864838,916.71,31,14
2274,Loyal Actives,1317.77,534.1035457256495,2484.91,18,37
399,Truly Lapsed,0.0,116.10633138490908,292.46,8,32
2081,Declining,119.99,68.08173986759421,232.41,9,19
1417,Loyal Actives,1215.29,459.738694921419,2159.81,34,9
1855,Declining,5.5,70.23706258239547,172.48,6,62
1684,Declining,127.38,242.44176849043515,982.83,28,18
2054,Declining,26.34,34.28005694107712,73.69,10,12
1789,Declining,25.16,74.70381694776086,124.92,6,22
657,Declining,4.99,38.92746345116958,63.62,12,4
316,Loyal Actives,297.51,75.06943424624914,212.08,16,7
197,Loyal Actives,680.27,257.8403420311947,818.98,26,8
2136,Loyal Actives,362.36,156.07705134784368,521.38,8,70
565,Declining,18.65,143.24762996127086,168.81,10,1
34,Declining,67.91,58.08585713713344,111.42,10,6
1213,Declining,93.56,96.5147667702232,121.8,9,3
921,Truly Lapsed,26.41,39.11037863668794,39.97,2,97
1531,Declining,116.74,154.14657812526644,389.46,16,7
233,Declining,226.77,27.98931323637171,48.74,4,148
1343,Truly Lapsed,0.0,12.76365906457605,38.23,6,146
880,Truly Lapsed,5.96,5.5519906481456855,13.94,2,66
833,Declining,116.47,170.14962208944547,822.32,12,21
704,Truly Lapsed,0.0,33.515934811444936,66.53,8,34
296,Champions,44.21,8.0184640981714,20.01,2,179
815,Truly Lapsed,171.59,180.0690419361805,200.97,7,2
1664,Truly Lapsed,789.21,454.6787672076671,845.83,16,5
207,Declining,322.64,138.66990376055674,273.85,7,10
1214,Truly Lapsed,0.0,27.884580315525085,58.39,3,18
504,Declining,158.78,102.47195135987262,232.86,4,13
969,Truly Lapsed,32.59,80.22865478331474,26.05,1,9
2317,Loyal Actives,1723.73,1251.8365710741505,6001.98,59,14
1453,Loyal Actives,3626.79,1946.662831204962,9681.56,370,4
1976,Loyal Actives,341.93,372.8908441687746,1417.54,77,14
1123,Loyal Actives,658.62,267.63967859424514,1375.06,31,22
2154,Loyal Actives,409.98,397.66131852697293,1699.69,80,6
712,Loyal Actives,1438.62,1548.5376210317252,4711.33,103,1
40,Champions,2308.62,1592.533958095006,5554.57,179,1
283,Loyal Actives,1780.25,679.5700768892914,2109.19,26,7
2432,Loyal Actives,408.4,690.6174555928699,3351.04,162,9
578,Loyal Actives,393.0,391.40516749119683,1280.31,59,3
1483,Loyal Actives,790.07,486.3860037883684,1770.64,46,2
906,Loyal Actives,574.17,866.0150077327625,3242.92,177,1
800,Loyal Actives,1702.42,1196.0475562172821,4135.6,161,1
2007,Champions,1677.06,977.1386644395774,3620.23,81,4
304,Champions,1411.26,967.89852944518,3488.88,136,2
1618,Champions,831.96,672.8552343205653,1980.52,47,7
546,Champions,294.87,325.66412268506,1503.82,58,7
1260,Loyal Actives,1367.8,816.8904880751654,3813.88,52,6
1062,Loyal Actives,94.45,189.1741686594183,549.87,96,2
997,Loyal Actives,658.88,639.1929140656712,1817.07,39,4
526,Champions,908.47,502.7132542773789,1257.99,64,2
490,Loyal Actives,564.43,652.815572068796,1393.25,30,2
321,Loyal Actives,802.04,585.9375941881226,2430.19,50,12
576,Loyal Actives,273.3,527.4281269052933,1723.27,60,4
1710,Loyal Actives,1250.41,1168.7539540712987,4934.42,78,4
1753,Loyal Actives,610.94,448.4968044825778,1290.79,214,2
2199,Champions,459.32,644.386941121474,2647.39,69,7
1268,Loyal Actives,405.88,263.0989911068514,961.84,20,7
605,Champions,1297.67,759.2551015553022,2962.94,62,12
1066,Loyal Actives,319.35,516.9004185828838,1554.46,127,2
456,Loyal Actives,721.2,792.2082985851604,2496.65,44,3
1234,Loyal Actives,687.96,805.152506885605,2785.19,51,2
2233,Champions,1371.76,985.0686157737787,3407.02,105,6
492,Champions,1098.19,1195.7279295194649,3867.67,69,2
192,Loyal Actives,501.55,434.22936569601376,1406.6,38,7
766,Loyal Actives,1219.61,1229.499731490014,4119.67,63,2
1563,Loyal Actives,905.91,393.7032233253725,1627.87,58,5
2370,Loyal Actives,790.63,680.4261509424377,2223.12,76,3
2420,Loyal Actives,952.31,519.8141298909817,1836.54,36,2
104,Loyal Actives,1833.18,575.8723136082745,2380.36,57,13
464,Champions,518.33,554.7082208157476,1416.69,68,5
451,Loyal Actives,469.46,393.57739233816955,1032.08,66,1
1528,Loyal Actives,1425.67,1031.6273520778545,3208.34,81,1
118,Loyal Actives,701.45,532.6392175015694,1906.88,37,5
1397,Loyal Actives,1200.42,585.6332346502862,2087.59,112,4
2295,Loyal Actives,605.09,844.1129537209522,3371.72,42,5
1412,Loyal Actives,569.02,606.9101911503307,2281.76,40,6
1899,Loyal Actives,2003.81,1199.5758477892523,4759.9,27,7
309,Declining,205.75,310.96846364896857,1108.96,10,8
2279,Loyal Actives,344.01,127.51567245488349,344.52,23,4
2041,Loyal Actives,1347.38,863.3219722005924,3414.3,79,2
601,Champions,276.04,836.0646480875694,2949.41,44,2
1802,Loyal Actives,960.12,529.0909216411243,2224.22,21,14
1627,Champions,924.93,503.0531634866171,1541.52,47,1
1131,Loyal Actives,827.52,515.8298604416595,1434.37,45,1
808,Loyal Actives,289.01,272.04192338881296,1072.26,79,6
1722,Loyal Actives,865.78,900.2295091592521,4970.9,132,4
2190,Champions,1238.22,1066.8455397892603,4579.63,115,6
932,Loyal Actives,1110.6,485.60950069703085,1943.29,51,19
2497,Loyal Actives,980.33,666.4142757333514,3196.41,91,5
1138,Loyal Actives,472.65,580.703801128702,2040.38,88,2
1445,Loyal Actives,928.09,862.4683570444136,2723.66,85,2
2294,Champions,341.32,848.099745833728,2823.97,61,2
762,Loyal Actives,1453.5,1218.1375583705162,4545.49,486,1
1229,Champions,2454.56,1654.8071506385518,7138.74,154,3
2411,Declining,68.32,406.5114609732342,1158.33,39,2
725,Loyal Actives,709.57,529.2315903796905,2413.74,58,10
706,Loyal Actives,669.91,675.2296889127889,1914.67,55,1
1989,Champions,415.28,554.5105044698629,1398.05,75,1
42,Loyal Actives,242.14,266.3036007849134,835.42,39,3
2112,Loyal Actives,804.02,712.3791535135118,2345.68,56,2
2342,Champions,955.47,607.3835319053595,2403.66,92,3
560,Loyal Actives,1324.66,673.1325344902642,2177.02,106,3
7,Loyal Actives,445.67,622.4473782594565,1494.95,21,2
2217,Loyal Actives,549.71,482.47107153286777,1638.45,83,6
294,Loyal Actives,636.12,638.1328564876761,2054.13,97,2
371,Loyal Actives,3044.4,1743.6919968226457,6581.09,72,2
74,Loyal Actives,176.25,274.25164412693107,890.46,49,7
883,Loyal Actives,1379.78,1062.24415087536,3927.92,128,2
2020,Loyal Actives,1249.66,1341.5059236078719,4443.56,123,1
110,Champions,602.48,290.15094670380176,1139.38,63,8
219,Loyal Actives,1660.66,1503.5723998795684,5152.89,101,1
955,Loyal Actives,688.4,510.0545747868693,1764.45,109,2
2208,Loyal Actives,223.53,724.0498532569952,3818.04,62,17
976,Loyal Actives,1435.46,667.9968736422795,2643.9,29,14
741,Loyal Actives,443.65,659.2672635490869,1804.02,47,1
2266,Loyal Actives,1324.49,1102.4397589370672,4389.87,74,3
437,Champions,582.76,579.0475499744412,1659.32,31,3
1953,Loyal Actives,124.72,340.06411537759004,1987.98,60,28
2298,Loyal Actives,492.63,376.1549649828184,1203.87,39,3
462,Loyal Actives,228.41,203.4377176947527,604.76,41,3
1765,Loyal Actives,425.47,463.95673694792936,2031.73,34,4
489,Champions,1089.91,860.67420409597,2733.1,83,1
2494,Loyal Actives,291.1,278.6013768916031,1175.58,18,22
2390,Declining,219.62,142.82077905819435,329.08,20,5
39,Loyal Actives,711.63,316.78241015128503,1211.42,16,11
165,Champions,429.18,384.74051826440837,1164.23,67,4
1585,Champions,2058.71,1240.4893863420152,3625.04,70,1
2006,Loyal Actives,1053.59,265.1337397722983,932.08,29,7
914,Loyal Actives,391.5,287.64640635544686,862.61,24,5
1948,Loyal Actives,375.37,295.49330467875467,806.2,46,1
1012,Loyal Actives,392.92,187.63904280088545,541.8,51,12
77,Loyal Actives,839.73,389.7240601763681,1502.38,26,8
1418,Loyal Actives,425.11,325.613887316969,1058.21,25,6
211,Loyal Actives,168.39,257.95424791503257,768.9,41,2
262,Loyal Actives,353.05,826.8642973070444,2140.98,70,1
2425,Champions,180.48,322.2586512649697,1356.53,40,15
2472,Loyal Actives,103.61,158.9991104802712,811.31,27,29
2195,Loyal Actives,194.46,147.7026090853834,424.44,32,22
1807,Loyal Actives,1003.09,1180.3936214681967,3890.76,96,1
2394,Champions,120.73,147.67045591122215,577.83,29,17
120,Truly Lapsed,0.0,39.204113256132516,131.37,8,80
2493,Declining,0.0,242.27888476254742,1164.48,55,15
985,Loyal Actives,418.03,317.9003231705093,1013.64,56,3
1124,Loyal Actives,101.78,291.9439246705629,1204.85,37,6
1971,Champions,280.31,241.4764439700476,1070.82,50,19
654,Loyal Actives,445.63,214.6199158345516,709.21,61,3
2333,Declining,23.4,6.395243742209438,4.74,2,138
849,Loyal Actives,677.98,573.4590641983475,1978.72,27,5
2371,Loyal Actives,147.3,316.10507819617817,689.4,36,1
1104,Loyal Actives,475.22,507.35985034712644,2001.88,62,10
1590,Loyal Actives,911.5,984.8420610684167,2932.95,40,2
989,Loyal Actives,576.39,578.9690793994531,2284.93,77,5
776,Loyal Actives,232.77,325.2148886076275,928.67,25,2
1906,Loyal Actives,1810.68,984.9780001519372,2956.23,57,1
942,Loyal Actives,1063.99,955.4010539107308,3640.78,129,2
2451,Loyal Actives,1691.58,1131.5286882140524,3212.13,79,2
691,Declining,256.47,187.5704058464082,953.66,21,44
1954,Loyal Actives,335.29,323.04954433772394,974.38,72,3
2167,Declining,13.49,167.98539925069414,686.73,30,49
1637,Declining,169.15,29.264984327770797,120.63,9,66
210,Loyal Actives,603.45,646.3851820699754,1819.26,68,1
1846,Declining,205.21,71.37784474748807,389.79,12,42
632,Declining,309.64,381.03398440797076,1184.48,33,4
763,Declining,268.43,211.45663411497736,1160.29,9,59
336,Champions,689.34,442.2162147618865,1807.06,65,4
1027,Declining,158.6,115.71164221431691,377.61,15,12
676,Loyal Actives,1706.72,1254.2033363354803,5710.79,195,5
1067,Loyal Actives,1068.11,411.1422924953056,1145.0,15,1
1050,Champions,783.21,702.554318564094,2510.12,74,3
668,Declining,152.05,112.12872994088322,475.4,24,19
1559,Declining,218.16,251.83914218749675,1217.98,26,75
1009,Declining,3.6,37.50471199956854,88.54,15,14
2388,Loyal Actives,315.46,250.50728747188785,762.25,32,1
141,Declining,10.68,75.35656778511192,170.93,24,6
1808,Loyal Actives,178.05,287.49796262297764,1027.58,38,5
47,Loyal Actives,212.13,322.93947320375173,1125.66,55,8
1996,Loyal Actives,296.24,385.02148023962843,1227.46,57,1
1912,Loyal Actives,184.58,254.3143016478179,920.7,32,17
726,Loyal Actives,305.11,306.1976490130521,1026.69,34,12
2204,Loyal Actives,213.74,235.66989384302852,1070.16,84,14
2022,Loyal Actives,1569.68,756.3306124194173,3319.7,36,9
1617,Declining,286.55,485.5589683125655,2299.65,43,31
241,Declining,20.76,27.460451481581185,78.42,7,122
1459,Loyal Actives,868.61,707.054754328639,2322.32,40,5
581,Loyal Actives,588.47,800.4953603216793,3598.21,92,5
1704,Declining,76.33,52.17923430137818,231.93,13,87
2189,Champions,194.31,301.99222660279185,710.11,51,1
1645,Single-Trip,0.0,11.928410427215,136.47,1,232
14,Champions,199.96,397.07877455572685,1451.54,76,6
674,Loyal Actives,1030.9,521.2340427904004,2128.91,59,7
585,Declining,79.78,72.30571996031257,277.64,18,32
1145,Loyal Actives,676.08,367.44001621820803,2118.57,42,59
2035,Loyal Actives,56.54,85.19184903856952,395.93,25,32
2327,Declining,30.22,161.41003954123553,680.78,18,57
1903,Declining,148.21,144.49078672787996,547.5,21,12
1097,Loyal Actives,1035.93,851.4718955747614,2542.24,67,1
531,Declining,155.97,96.08297562189766,342.32,11,31
1129,Loyal Actives,403.67,160.02044300221723,482.61,26,7
273,Loyal Actives,736.45,421.1051618288771,1069.73,64,1
2145,Declining,70.24,162.9553763138381,504.75,16,6
1407,Loyal Actives,937.26,198.56030512541741,327.51,16,4
1323,Truly Lapsed,3.26,23.761285055124937,47.4,3,205
1623,Loyal Actives,1004.9,583.034318960722,2119.33,77,1
1386,Truly Lapsed,0.0,21.80127494214975,51.53,4,134
1624,Loyal Actives,285.96,286.8096537003733,1083.46,43,5
1832,Declining,165.72,102.93428528942333,303.7,21,12
9,Declining,202.22,100.28844873103421,416.51,7,49
851,Truly Lapsed,0.0,3.2910918202388286,8.37,2,185
217,Champions,291.07,267.9322457071232,984.07,26,12
62,Declining,58.01,62.52551335309883,210.95,18,36
2355,Declining,31.11,30.42951501945819,33.7,5,4
1196,Declining,386.62,247.89410537291172,628.68,9,6
1840,Truly Lapsed,0.0,185.92019878209248,331.22,36,1
2125,Champions,1187.13,648.8413335183277,2650.94,60,8
1870,Declining,64.15,41.99473442690927,128.01,15,8
103,Declining,40.01,45.12497765512809,150.05,9,37
1150,Truly Lapsed,0.0,283.85106250564826,834.91,13,6
154,Declining,138.59,104.0596966957921,183.74,5,10
1487,Declining,519.45,182.2425851227623,299.81,9,14
735,Declining,175.58,135.67677008768572,320.62,35,15
1322,Truly Lapsed,0.0,25.26697461805355,87.18,9,92
341,Declining,9.18,77.04798646587136,146.54,10,23
2495,Declining,2.49,67.92905835344766,170.8,14,47
854,Declining,26.89,42.91199928562035,147.88,12,31
1325,Loyal Actives,783.3,416.52024410536393,1227.54,28,2
349,Declining,242.12,65.73723581111341,123.68,7,14
1652,Declining,61.93,68.10820617954172,242.6,10,25
1986,Declining,9.41,34.440728700780035,84.33,5,58
128,Loyal Actives,530.71,129.1059735836953,150.58,7,1
1292,Declining,48.33,78.12365407273938,215.09,5,46
2192,Declining,2.42,55.56548509997906,87.98,10,19
1657,Champions,6.65,100.25001769115481,217.56,18,2
176,Champions,31.29,135.00496158668847,525.51,11,49
150,Declining,4.59,5.841067554381631,23.61,3,131
884,Declining,119.08,53.18496429873726,121.88,11,4
1635,Declining,21.52,26.110562239637353,56.26,7,15
1629,Declining,118.64,51.443360686202794,126.53,3,69
1422,Declining,165.89,20.273247178824242,73.92,1,198
1342,Champions,6.38,78.31935435439266,111.49,7,4
2309,Declining,144.88,90.6995128078785,99.16,5,1
1882,Declining,22.71,7.90040503203172,16.18,2,33
2052,Truly Lapsed,3.0,51.6917877266245,79.95,3,17
440,Single-Trip,0.0,23.59286414042332,28.77,2,69
2409,Single-Trip,0.0,57.521842477902084,77.78,1,60
1263,Loyal Actives,319.13,703.6014968781886,2519.11,52,4
1662,Loyal Actives,1211.54,1028.5785353864649,3953.83,37,4
2334,Loyal Actives,2053.63,1512.2060179610912,4982.93,131,1
2341,Loyal Actives,513.9,863.461393142563,2829.78,145,1
1796,Loyal Actives,484.43,424.4519893299199,1028.69,27,2
441,Loyal Actives,308.34,371.054529517786,1078.75,37,2
184,Champions,1399.91,816.168991564952,3310.85,109,2
1261,Loyal Actives,548.66,584.3257567934616,1735.87,114,1
404,Loyal Actives,480.67,625.7508115719406,2305.17,99,5
934,Loyal Actives,1985.18,930.5520606065472,4582.81,114,3
1020,Loyal Actives,1750.11,944.9295451656177,3532.46,59,3
276,Champions,887.25,747.4942433296725,3472.21,103,4
1388,Loyal Actives,558.74,836.8063594963124,2624.53,49,3
2121,Champions,959.41,676.6419577445514,2169.13,62,6
621,Loyal Actives,625.37,494.5645230417636,1462.66,55,1
790,Loyal Actives,838.97,412.18784555701103,1436.35,26,7
98,Loyal Actives,1165.13,274.5319924368816,651.78,47,1
688,Declining,401.7,535.3791646454283,2116.08,16,26
1169,Loyal Actives,454.87,630.4882392541707,1890.63,40,1
787,Loyal Actives,366.0,390.14507670365106,1090.42,80,1
16,Loyal Actives,50.75,153.40182242594764,596.12,44,14
250,Loyal Actives,1566.42,625.2952280133862,2569.84,53,7
2062,Loyal Actives,315.47,310.87111484962344,1460.97,57,11
133,Loyal Actives,541.74,564.3595707353968,1567.12,35,3
2405,Champions,796.99,379.97959223192385,1485.74,67,4
1354,Loyal Actives,510.82,406.6074147237322,1112.87,44,1
1438,Loyal Actives,229.28,276.2787702695974,989.25,18,5
1451,Champions,1029.98,1175.8675611754877,3256.06,137,1
164,Loyal Actives,859.32,493.3736357624151,1808.41,45,8
473,Champions,475.1,488.9690220106483,1422.78,34,1
2331,Champions,561.9,904.4721807282496,2442.56,44,1
682,Champions,239.26,755.741361341128,2325.39,104,1
523,Champions,2208.17,420.8808554831196,1463.47,75,5
1896,Loyal Actives,546.72,453.65502702723575,1623.51,48,3
543,Loyal Actives,715.15,615.082167280794,1542.63,42,1
1113,Loyal Actives,610.41,606.7701112001097,1551.0,66,1
1190,Champions,392.52,677.4566090592028,1718.32,122,1
2024,Champions,760.45,645.1824558068625,1818.44,35,2
2322,Loyal Actives,3463.61,2601.673264147972,9708.13,126,1
1677,Loyal Actives,1823.48,1443.0438125692478,5519.1,82,2
1923,Champions,779.71,925.6131080633245,2195.02,76,1
882,Loyal Actives,583.97,222.16546882265254,815.02,58,7
920,Loyal Actives,1576.3,824.3012411885938,2218.22,102,1
1291,Loyal Actives,622.82,445.3714856868999,1690.93,49,11
2360,Champions,1100.5,1383.3491742383292,4190.48,140,1
699,Champions,1261.57,1104.4351691783074,4496.39,67,6
1778,Champions,1041.71,1114.60270588704,4342.09,127,3
1147,Declining,957.83,330.08103276830565,1266.36,16,7
1633,Loyal Actives,1552.17,1216.8463649716552,4656.26,75,7
788,Loyal Actives,919.44,897.7220826036015,3088.49,126,1
947,Loyal Actives,267.27,383.7637385258139,853.4,79,1
731,Champions,291.84,361.38203645991837,1774.6,125,25
1847,Loyal Actives,366.71,281.0456742311976,1291.65,50,14
1382,Loyal Actives,153.91,339.48815499718967,1115.27,51,3
2318,Loyal Actives,186.24,985.3383622919425,4449.55,149,4
922,Champions,682.61,399.2703895230998,1016.13,50,3
2400,Champions,2283.35,1584.4969231099992,7355.0,194,1
2407,Loyal Actives,1277.84,645.8934672988112,3031.2,75,4
418,Loyal Actives,1385.93,1026.1137043540384,3575.87,100,3
1167,Loyal Actives,818.36,1066.1782221440178,3020.84,67,1
432,Loyal Actives,446.26,346.67111610536193,1594.39,115,4
1004,Champions,610.1,593.8027465158157,1876.83,113,1
1364,Loyal Actives,378.09,271.7278374177618,796.4,53,10
1527,Champions,2435.41,1904.5988832813869,7473.01,126,2
1834,Loyal Actives,150.78,570.7206201506665,2093.13,79,3
158,Loyal Actives,150.04,363.89890275768477,908.99,86,3
2447,Loyal Actives,646.56,810.0308127838107,2805.65,43,1
1158,Champions,600.13,324.9006057141864,1391.7,96,14
1159,Loyal Actives,409.78,340.19416684895907,1102.65,67,3
1299,Champions,757.27,835.1072958597343,2472.36,83,2
1692,Champions,431.8,289.582874145365,902.39,66,1
353,Loyal Actives,985.28,433.2893391879674,1603.16,51,7
2119,Loyal Actives,401.0,445.80530007144995,1024.5,22,8
2314,Loyal Actives,787.92,572.660476121797,2058.95,36,6
2186,Loyal Actives,1094.31,618.2507517703299,2379.56,60,4
1946,Loyal Actives,553.54,480.36536220876553,2024.2,22,13
2235,Loyal Actives,809.79,489.5084738546008,1708.32,39,7
949,Champions,816.06,747.5806903649894,2481.23,60,5
301,Loyal Actives,1095.31,848.3152985800212,3372.32,38,7
1536,Champions,890.79,746.3780171973842,2761.85,62,6
222,Loyal Actives,458.23,408.17018602933086,1683.66,38,13
354,Loyal Actives,1162.67,835.6358043018031,2899.79,58,11
1990,Champions,719.59,986.9315329375825,2147.77,60,1
859,Loyal Actives,1001.85,782.0253923980358,2589.06,62,3
1764,Loyal Actives,3371.37,1477.3755874448104,5426.23,47,3
1021,Loyal Actives,258.58,181.18470521517023,594.45,37,3
2011,Loyal Actives,188.84,275.8712107510166,744.15,51,2
708,Loyal Actives,355.29,282.33793603214286,1119.49,29,16
2185,Loyal Actives,362.59,920.3174646821768,2969.49,31,4
1894,Loyal Actives,434.13,445.94524908656655,1488.84,22,7
377,Loyal Actives,559.43,363.88505825277707,814.33,49,1
1389,Declining,664.1,235.7400012383383,834.55,13,20
2272,Truly Lapsed,672.23,581.7776318313545,934.55,37,2
385,Declining,849.56,400.84507613316435,852.38,11,2
2484,Loyal Actives,1005.26,809.9939892088098,3466.69,64,7
275,Champions,1226.75,781.6282462486262,2765.62,139,1
143,Champions,57.18,777.4902738112664,4262.52,251,8
1271,Loyal Actives,792.73,472.17854041169204,1863.22,61,5
2117,Loyal Actives,193.99,149.6572329532713,445.76,30,12
461,Champions,104.94,91.82855917401486,266.99,14,8
99,Loyal Actives,922.61,674.7378759115929,2548.9,93,3
1724,Loyal Actives,340.27,275.56308802370216,779.19,30,2
1849,Loyal Actives,425.14,276.238661865723,932.42,80,7
2211,Loyal Actives,368.44,245.68781875023367,948.64,35,11
1118,Declining,61.45,132.971730857478,578.99,8,39
1523,Truly Lapsed,0.0,53.32160154472674,184.46,10,126
69,Loyal Actives,861.51,838.6374385038678,2866.46,97,1
37,Declining,499.28,314.48876024817656,1295.52,26,2
2462,Loyal Actives,1992.36,1268.9303568778932,4183.15,77,1
1691,Loyal Actives,408.86,343.25473762051115,1022.96,20,2
1441,Declining,99.28,62.397402414486066,108.97,5,10
360,Declining,51.38,48.97043439729139,128.06,17,19
709,Loyal Actives,718.17,447.7697969410618,2074.1,56,13
885,Loyal Actives,195.71,302.9175898627103,1199.99,46,3
907,Loyal Actives,209.93,266.8684093374667,706.27,32,1
1331,Loyal Actives,167.58,184.528882145985,675.76,37,6
698,Loyal Actives,134.97,90.8085682649516,267.13,26,10
928,Loyal Actives,629.39,388.1231225017256,928.64,39,1
1909,Declining,75.79,130.45443062879124,340.58,11,31
873,Champions,496.04,272.02679343802083,1167.79,40,14
224,Loyal Actives,401.51,166.79827633282528,850.77,24,16
1668,Loyal Actives,451.34,244.13448873777918,909.51,35,12
1564,Declining,16.58,45.71323223396725,200.16,17,116
1119,Loyal Actives,126.71,193.15545329083093,927.33,30,36
1615,Declining,26.04,65.8302066483023,273.81,19,28
1058,Loyal Actives,257.65,647.6147122221379,1935.92,263,1
1227,Loyal Actives,396.45,655.8722244143906,2334.92,51,3
2408,Declining,916.72,231.11397238749424,463.76,8,3
774,Declining,8.38,116.95101771695981,417.22,6,28
2362,Declining,28.74,45.59880018131828,132.47,12,42
328,Loyal Actives,1805.92,2151.1042191132306,7387.83,104,1
1530,Declining,105.43,120.57208023188205,378.75,16,15
1420,Loyal Actives,154.37,507.1518204651749,2381.8,35,17
1760,Declining,118.54,61.282591648667584,191.26,20,48
1153,Declining,69.11,128.90259775359857,399.74,30,3
1515,Loyal Actives,40.54,432.56099933379056,1868.62,42,25
1932,Champions,26.63,487.2950725032067,2068.52,53,6
923,Champions,569.45,273.5778682012175,1246.26,70,10
944,Champions,383.86,326.0135347738612,1187.59,42,7
927,Loyal Actives,133.3,204.5634143336042,987.86,29,33
2051,Truly Lapsed,0.0,119.57780621316454,336.59,28,96
2311,Champions,63.3,218.0668116871722,904.91,22,42
2077,Loyal Actives,361.24,135.6547250483362,449.63,31,15
2319,Declining,117.89,166.7289796481614,562.92,16,19
738,Declining,346.0,224.85242448081334,861.74,38,33
1266,Loyal Actives,268.72,138.52527673239825,629.89,50,16
2261,Champions,2154.58,1386.6727445550882,6262.26,240,3
1918,Loyal Actives,576.41,78.25895350165754,261.16,9,57
2108,Loyal Actives,154.57,319.5088597355785,1149.51,67,4
416,Declining,37.37,147.00724760715727,491.9,6,89
1758,Loyal Actives,452.27,413.91493073110576,1257.36,37,3
649,Declining,0.0,268.28855343506217,663.86,19,1
713,Declining,103.02,61.55330099363409,226.05,9,22
811,Loyal Actives,185.95,103.85540453935722,263.38,14,8
964,Loyal Actives,336.68,174.94094327324436,892.82,30,26
772,Declining,3.02,63.80675736381617,171.07,23,5
2414,Declining,14.9,43.92331333189367,137.78,3,88
1783,Loyal Actives,791.27,544.5993199394286,1685.41,32,4
822,Declining,60.45,61.952273288616986,186.28,12,15
147,Declining,107.58,104.50392765287081,370.2,10,7
794,Declining,282.18,243.3845061502924,823.87,14,3
1465,Loyal Actives,119.3,127.0649431609208,341.09,17,9
1942,Loyal Actives,944.63,321.53301294854964,893.19,47,4
1871,Declining,46.29,42.16937542183592,113.21,6,28
1380,Declining,12.67,109.91772388328448,255.61,13,5
295,Truly Lapsed,0.0,23.72986570824739,113.04,3,112
21,Declining,192.07,136.27057051436162,453.02,13,14
2346,Declining,230.41,170.76277838244198,459.27,12,4
1611,Declining,131.3,98.12165323868277,252.02,19,9
1048,Champions,217.0,667.4992775635119,1099.33,53,1
2075,Loyal Actives,737.89,781.5466536822013,2637.02,95,1
1288,Loyal Actives,304.88,176.28570952407637,883.58,13,40
1702,Loyal Actives,756.7,203.33738385662062,863.75,11,16
686,Declining,19.62,86.5574373565139,368.25,11,25
1908,Truly Lapsed,56.58,207.83763986941923,360.26,19,8
2285,Loyal Actives,501.7,232.91456303928933,783.83,23,6
659,Declining,144.41,103.02599333818823,314.7,5,79
1945,Declining,53.95,185.34592760403925,609.85,12,9
187,Declining,33.48,57.248448716933574,167.15,15,14
403,Declining,144.48,108.7471709017972,360.3,14,15
792,Truly Lapsed,55.3,91.1938945609809,124.78,7,91
999,Declining,544.0,177.77059415441826,412.67,15,1
70,Declining,7.0,17.123036072441657,41.04,13,28
1149,Declining,78.02,24.17424772421567,37.46,2,130
1096,Declining,26.32,28.078935525773932,28.12,2,2
571,Declining,154.44,242.29471079925054,455.45,6,4
1215,Declining,327.36,2.2873393811601956,6.34,1,195
1478,Truly Lapsed,0.0,11.665768070853364,26.2,2,45
1413,Declining,55.6,18.277841543576564,30.61,2,37
910,Truly Lapsed,588.58,179.12337240185536,278.09,6,17
1068,Declining,133.74,79.54126995591486,286.8,20,35
1951,Declining,90.09,35.013403053869254,64.16,3,38
1275,Truly Lapsed,0.0,46.57525168855181,84.33,5,267
1863,Single-Trip,0.0,4.614680418391204,5.99,1,89
1669,Truly Lapsed,83.74,100.12981715088965,62.62,1,26
2424,Loyal Actives,409.17,677.9922895154683,1868.96,47,2
2459,Loyal Actives,1731.99,1791.1111581727762,8135.83,432,1
1366,Loyal Actives,998.44,472.1153913322915,1690.21,100,5
1613,Loyal Actives,987.47,1006.6157333758593,3097.28,67,1
2139,Loyal Actives,236.3,907.4419737718492,3516.59,228,3
2238,Loyal Actives,721.21,353.0263540387847,1189.23,91,3
1205,Loyal Actives,591.28,405.5929972137797,1604.28,68,4
1476,Champions,1358.65,1108.1595162216577,3861.81,147,1
1211,Loyal Actives,1347.97,753.3963950489532,3262.84,56,7
171,Declining,264.87,43.21288019851817,133.85,9,39
1761,Declining,326.77,287.87768942140167,894.27,14,3
2481,Champions,935.01,526.1328184364909,2074.29,63,7
1784,Loyal Actives,229.38,225.95039518041278,803.09,17,10
1856,Loyal Actives,650.26,612.7161533073362,1864.26,200,3
1520,Champions,516.35,675.7820938150787,1821.83,61,1
1988,Champions,1448.86,825.6181598092758,3229.54,83,1
1731,Loyal Actives,718.05,157.47603919034177,644.8,17,87
196,Loyal Actives,899.81,532.7448408085584,2139.97,89,8
414,Loyal Actives,300.78,341.92905331636615,1365.67,77,12
1793,Declining,182.59,253.04815747881855,1001.5,28,21
1732,Loyal Actives,569.05,381.63604095173514,1379.01,35,14
1387,Loyal Actives,371.85,177.4940966878217,759.71,30,14
297,Loyal Actives,1294.83,290.37530600193844,814.71,31,1
125,Champions,1370.87,1238.2722699200172,3976.73,140,2
2491,Declining,31.29,68.4434694555916,291.67,32,36
904,Declining,180.65,76.28168755258525,320.24,10,76
809,Loyal Actives,91.51,125.09880752070508,404.09,37,7
2008,Loyal Actives,401.01,292.70100333001375,1057.32,34,15
1501,Champions,1537.59,1072.4222000016016,3620.09,92,1
175,Declining,191.68,281.15619523684734,810.99,43,2
1970,Loyal Actives,309.13,141.61200364312342,547.12,33,9
331,Declining,200.62,230.61017144074975,673.96,40,6
1666,Declining,86.85,145.32413118463785,535.02,44,8
717,Champions,71.68,103.29137975339736,269.37,21,8
2060,Declining,122.17,103.04363897631366,322.72,16,31
1431,Loyal Actives,389.01,312.15442670193295,1158.04,69,4
799,Champions,269.49,292.1250509382444,978.21,30,3
663,Loyal Actives,488.91,421.0767522272239,1492.17,46,11
1427,Loyal Actives,989.26,44.55486079187105,168.13,11,42
495,Loyal Actives,465.83,376.75371035940657,1417.98,39,10
160,Loyal Actives,272.09,115.32012438069897,363.29,16,13
1410,Declining,31.1,196.6701654637787,880.89,7,57
1095,Declining,43.62,55.627482017299265,239.44,15,117
1739,Declining,173.77,116.71527847906377,397.86,14,10
1781,Champions,274.47,438.42766193514836,1429.95,45,4
1639,Loyal Actives,363.46,268.54484533110076,1086.98,50,12
1115,Champions,17.98,138.50929845578813,541.88,17,33
2336,Loyal Actives,284.47,278.20460511881873,812.76,33,1
1025,Loyal Actives,611.92,470.2675620436935,1993.47,52,5
2210,Loyal Actives,77.61,421.6259666193039,1488.06,24,5
1073,Loyal Actives,499.05,558.6685456955036,1412.4,60,1
1573,Declining,41.33,30.610851756493258,37.92,12,1
2469,Declining,63.75,63.38400665868359,150.59,8,17
1747,Champions,435.8,189.3011799271324,1084.47,30,44
1719,Loyal Actives,546.42,103.61641056569727,390.37,8,27
2356,Declining,33.86,137.15638036880347,542.02,31,14
1480,Declining,1.99,34.61739919114323,104.04,15,7
2316,Declining,34.23,71.89712169244393,163.82,8,22
648,Loyal Actives,361.26,223.71032230829212,859.11,26,19
278,Declining,67.34,223.94882163467142,841.2,33,5
2031,Truly Lapsed,0.0,10.893198232356408,30.59,4,209
1439,Declining,71.26,62.28580042077476,224.41,17,28
1519,Loyal Actives,1579.49,50.34702074581993,88.29,4,15
570,Declining,263.92,101.81542009089746,426.78,13,18
129,Declining,88.13,115.30088403772353,276.23,25,2
1877,Loyal Actives,294.95,274.0935973308815,854.15,26,3
818,Champions,1064.34,39.55480289611442,123.3,7,64
554,Declining,534.73,55.95114906552687,152.35,3,50
1605,Declining,111.06,94.69595553042892,184.67,27,62
664,Loyal Actives,248.47,84.03087961572261,227.34,11,8
382,Declining,27.3,39.705911323717984,86.67,6,49
471,Loyal Actives,172.66,155.71531815937004,404.52,16,4
505,Truly Lapsed,76.57,30.57857066438487,45.36,4,14
1626,Single-Trip,0.0,20.307469241480746,40.96,1,118
344,Declining,133.21,125.33089503226198,375.08,8,15
1959,Champions,301.41,901.6054248347763,3185.18,60,3
2152,Declining,55.59,22.640332265575378,34.88,8,17
1220,Declining,64.58,80.02964836445847,271.99,25,12
1320,Declining,54.03,28.922043927527778,105.27,6,112
812,Declining,61.58,109.48780122275016,359.42,15,37
1596,Declining,331.52,390.96462081889024,964.64,11,3
252,Truly Lapsed,0.0,14.301666620962184,30.95,5,108
2454,Declining,110.32,77.08693235216904,198.56,17,12
990,Champions,20.0,22.399321761274145,52.71,6,106
662,Declining,50.78,224.35032794183223,734.33,16,13
1086,Loyal Actives,274.24,97.29602790311661,324.33,9,20
829,Declining,482.34,280.20068823460593,538.08,11,13
1647,Truly Lapsed,4.39,7.284898573604022,7.81,3,17
191,Declining,182.61,106.15065896704782,125.51,8,1
759,Declining,265.02,55.84210940260059,168.89,7,26
683,Truly Lapsed,9.61,7.984885821785685,13.67,2,69
1262,Truly Lapsed,0.0,85.67675788970341,210.87,7,150
1035,Single-Trip,0.0,12.700253300510326,37.32,2,151
1674,Single-Trip,0.0,5.816375166202326,14.59,1,139
126,Declining,38.03,135.89129895608258,285.2,11,6
240,Single-Trip,0.0,1.7564607008996682,4.49,1,124
1250,Truly Lapsed,46.54,26.63987134626358,65.5,1,122
368,Declining,214.36,18.301910017924975,49.74,5,166
1880,Declining,55.97,29.06614429004485,90.3,4,175
326,Declining,149.08,45.44854274687708,122.03,8,49
819,Truly Lapsed,52.91,10.49610751927266,29.25,2,68
2105,Declining,0.0,44.09836034699702,141.76,7,32
1888,Single-Trip,0.0,18.2884948803964,14.97,1,35
522,Single-Trip,0.0,13.958628364385206,13.76,1,67
2404,Truly Lapsed,191.76,154.11845349332825,103.48,3,3
310,Single-Trip,0.0,88.22796828594025,30.21,2,7
1198,Declining,157.04,136.1586338151269,373.77,18,2
1207,Loyal Actives,65.2,121.28751447985393,355.9,49,7
447,Loyal Actives,121.46,112.3369000779922,331.99,29,39
2095,Loyal Actives,633.9,435.38935170271685,1643.21,68,7
2047,Champions,598.69,451.2828951338678,2284.81,74,31
2226,Champions,1048.49,1685.8180137816157,5998.89,417,1
1621,Loyal Actives,954.3,234.28561455407086,1202.15,28,21
559,Truly Lapsed,0.0,27.06648501501235,82.43,12,69
1852,Champions,363.94,726.0008735737388,3786.35,118,33
909,Champions,766.94,1398.2726362897395,6203.21,353,2
2267,Loyal Actives,656.93,127.13408569554674,343.77,13,4
457,Loyal Actives,160.97,80.79628468333739,247.79,37,6
1329,Declining,94.41,268.5308648078699,897.21,16,3
1646,Declining,122.24,75.66275542811061,264.49,23,12
1217,Loyal Actives,545.11,204.77241989838,1000.31,21,20
1766,Declining,183.74,49.06966095908638,161.56,14,58
650,Loyal Actives,10.45,131.89256395766893,489.44,28,22
2290,Loyal Actives,134.08,147.8055591691682,441.43,32,5
633,Loyal Actives,966.29,441.8751370732185,1932.49,68,15
1924,Loyal Actives,673.19,754.1116069605997,3325.76,114,10
1317,Loyal Actives,239.75,353.39140286603055,1559.82,81,9
2475,Loyal Actives,992.55,747.690033593116,2303.77,58,2
836,Declining,34.63,306.01113940482077,1038.24,50,5
1187,Loyal Actives,644.12,499.53550747282736,1681.01,80,4
1083,Loyal Actives,285.56,319.30412332932826,652.41,23,2
374,Loyal Actives,756.95,1082.402207866602,3389.1,67,1
1466,Declining,50.62,113.73976312131053,348.05,12,70
841,Loyal Actives,601.26,282.6121857848319,996.15,61,3
1799,Declining,38.78,113.2353121821278,238.06,27,2
1552,Declining,182.09,75.1120819314944,257.77,14,35
887,Declining,123.45,69.7757020997835,210.86,19,13
641,Loyal Actives,2012.67,1314.2343256260917,5033.23,134,3
470,Loyal Actives,225.28,425.967990194269,985.44,67,1
778,Declining,73.0,108.8580001634111,329.34,21,6
177,Loyal Actives,68.59,373.2578442735062,848.84,37,3
646,Declining,68.73,159.63783875123454,671.34,16,29
162,Loyal Actives,551.29,553.2597008645685,1186.04,24,1
1245,Champions,916.86,550.4058100974333,1555.1,103,1
795,Declining,54.12,111.12613926668539,377.66,12,13
804,Loyal Actives,332.51,379.52244518584513,1265.61,89,4
2178,Champions,49.32,741.8185850331441,2494.79,108,3
2419,Declining,94.05,118.83014537948387,414.77,25,17
2032,Champions,15.65,92.2785417270505,448.47,22,51
1141,Loyal Actives,434.78,100.3230758348791,369.51,23,20
756,Declining,193.05,43.69825863861045,156.47,8,91
1886,Truly Lapsed,0.0,30.64873048489698,131.6,3,161
541,Declining,287.89,200.00301237829612,843.28,25,18
2429,Declining,161.6,158.30738803016789,717.86,28,20
1204,Loyal Actives,219.25,350.5585458288259,958.99,34,1
1259,Declining,139.12,112.77653145371107,499.6,16,23
2131,Loyal Actives,363.89,499.5050237991838,1940.41,49,7
1562,Declining,275.21,116.42499103849039,452.95,22,9
1516,Truly Lapsed,0.0,53.021197019602454,139.08,9,61
1383,Loyal Actives,481.53,135.0481162807592,380.62,48,7
924,Loyal Actives,376.71,195.5148382896646,796.58,32,16
422,Declining,146.37,156.34834682410388,603.22,11,50
2352,Declining,160.96,210.97440994697635,703.01,28,6
1643,Loyal Actives,216.09,171.08829960475148,670.52,16,13
2377,Champions,224.15,127.11504691968155,459.38,26,13
2291,Declining,121.68,69.69002405351553,218.78,22,44
524,Declining,29.08,118.49618768506497,437.07,26,36
2220,Declining,10.07,5.156484837533955,16.66,2,140
259,Loyal Actives,141.72,218.4518875189932,705.9,30,11
1201,Loyal Actives,58.28,111.00121396042923,278.51,21,9
502,Declining,24.3,181.16812367490618,900.25,21,60
1348,Declining,57.83,86.56350603512449,119.36,8,5
2344,Loyal Actives,319.25,241.75475104121816,1039.76,26,22
2146,Declining,272.25,131.8853540301426,551.49,16,28
1587,Loyal Actives,85.02,121.76735433509751,378.77,27,9
1798,Declining,421.06,250.0487585408815,1097.22,19,18
1688,Declining,132.27,144.08537925751384,542.78,23,27
525,Declining,177.09,43.791073938760405,162.73,9,139
1497,Declining,131.09,66.72741305345548,135.83,2,13
655,Loyal Actives,535.41,136.88061030190218,448.67,10,17
54,Truly Lapsed,0.0,20.051746770300618,51.37,5,63
474,Declining,911.7,87.46874739458559,167.27,6,12
1108,Declining,15.63,57.994180068415176,192.49,10,126
1356,Loyal Actives,155.99,333.2070417480989,1036.61,42,6
617,Declining,110.02,173.72865775625777,597.94,13,16
1116,Declining,443.47,104.21497897115717,320.55,11,23
1547,Champions,623.91,234.15385353497362,598.37,99,2
538,Loyal Actives,939.1,643.6927366487861,1972.83,33,1
1395,Declining,496.84,113.21152594474063,318.44,14,58
2368,Loyal Actives,73.44,199.02345254887726,891.84,16,26
1699,Declining,124.62,174.91298022235543,451.9,11,23
1340,Declining,29.74,120.26981925129864,263.09,27,1
1424,Loyal Actives,188.83,112.238026554619,212.99,22,1
2268,Declining,94.17,52.28289335439199,157.16,6,83
2464,Declining,78.3,152.11252386965515,619.14,25,24
152,Declining,349.19,98.13776143436034,346.48,12,27
1093,Declining,38.67,39.300986488973756,123.58,7,49
203,Champions,33.48,181.92887899810643,559.54,21,9
2332,Declining,149.87,35.140245547444714,51.18,3,10
737,Loyal Actives,303.64,155.4848025954761,540.35,17,11
1884,Declining,53.7,175.63951162084004,447.38,21,6
2191,Declining,40.99,105.41245638704297,548.42,6,84
2287,Declining,309.5,101.17314065187975,153.14,11,8
189,Champions,82.37,157.85936360323242,462.49,20,5
272,Single-Trip,0.0,32.7116521673664,29.48,1,101
2025,Champions,64.0,146.51440894419466,436.54,11,9
905,Champions,153.79,45.25519461260585,79.51,5,23
1554,Truly Lapsed,0.0,79.29608890398588,256.46,14,27
2143,Truly Lapsed,70.05,30.141349767598026,113.78,2,151
2187,Declining,376.53,138.39488310674432,793.05,19,70
1006,Champions,35.1,36.90405807627625,28.36,3,3
689,Truly Lapsed,0.0,7.58759046576201,12.63,2,170
2175,Declining,179.17,59.39222996076439,198.21,9,29
750,Declining,296.23,42.05024325747799,67.27,9,4
1725,Truly Lapsed,5.66,245.31083274469458,291.45,7,1
958,Truly Lapsed,0.0,65.83934264900155,160.03,5,41
1400,Truly Lapsed,22.58,0.6966176549080877,2.0,1,153
791,Truly Lapsed,125.72,127.44632730070971,115.95,9,2
373,Truly Lapsed,9.92,22.293724651074022,9.85,1,22
2442,Declining,52.29,78.74568830140304,307.28,17,18
842,Champions,1308.49,912.2383087099688,4325.47,278,5
1821,Loyal Actives,1115.47,814.0300227151523,2834.77,81,4
28,Loyal Actives,333.11,309.27360595713714,879.31,51,5
393,Loyal Actives,830.18,512.7897644893114,1769.23,89,3
1754,Champions,484.81,815.8474518472967,2079.07,101,2
1542,Loyal Actives,232.93,233.91884504885752,804.8,48,18
1287,Loyal Actives,332.65,395.7211392707134,937.2,54,1
544,Loyal Actives,14.98,247.65809152748795,947.61,84,9
2349,Champions,365.15,225.5225903984306,753.55,26,10
642,Declining,93.29,272.9421052397418,1192.73,23,71
1665,Loyal Actives,203.86,96.87303994257294,240.73,26,5
2310,Loyal Actives,234.41,176.5597869118933,769.75,30,20
503,Loyal Actives,858.94,693.971187078072,1891.94,64,1
2372,Loyal Actives,489.89,408.7387133677501,1598.84,29,8
1777,Loyal Actives,212.69,154.76157834583273,577.03,36,10
1330,Loyal Actives,175.03,236.3412097544497,818.68,33,13
1139,Loyal Actives,726.98,788.2531842123058,3441.85,35,17
591,Loyal Actives,892.32,1705.2641925352098,7253.1,172,2
1538,Truly Lapsed,0.0,36.36334936505282,117.55,6,220
1614,Declining,45.08,126.85399031766164,278.53,38,2
1132,Declining,376.25,159.98551599047246,723.68,14,23
343,Declining,179.71,247.19947294328506,619.39,24,1
1661,Declining,245.93,148.36613966062401,420.82,16,11
2258,Declining,295.4,197.22199597739584,515.49,19,5
145,Declining,180.84,137.78093496091228,506.19,18,19
1007,Loyal Actives,73.5,142.12365393680167,483.86,58,5
251,Loyal Actives,238.49,232.17250705691316,815.26,34,8
861,Declining,0.0,163.35790476985431,534.01,16,12
2301,Loyal Actives,156.5,418.99357810767265,1997.76,68,27
479,Loyal Actives,54.0,235.63401429224675,743.7,33,8
81,Loyal Actives,162.32,309.20838561761695,1281.3,51,14
700,Loyal Actives,524.95,187.60843689061633,1105.35,13,54
552,Declining,511.04,292.4304411088657,980.4,21,2
188,Declining,7.18,205.114409830756,1078.93,15,175
2440,Loyal Actives,783.79,215.1112460772458,719.53,43,4
1390,Loyal Actives,649.32,651.8532352613933,3346.46,137,7
1828,Declining,130.35,211.88868308236658,625.41,8,138
364,Loyal Actives,75.06,235.88139954029737,822.8,29,9
1790,Loyal Actives,357.14,341.09756112835225,1029.09,22,3
2439,Declining,15.69,68.37811137138264,248.77,25,5
1930,Loyal Actives,76.67,325.2877179469152,1173.29,59,19
2049,Declining,118.58,86.23252226589011,166.8,14,2
1011,Champions,391.3,466.4542900254339,1510.19,68,4
1171,Declining,140.64,126.75260561079259,496.33,19,12
1711,Declining,125.83,17.24636731517537,54.55,2,89
1512,Loyal Actives,304.78,137.72610094158108,545.38,26,16
687,Loyal Actives,645.52,362.2348098322992,1177.86,23,3
1195,Declining,188.93,137.75575499355838,341.88,13,21
435,Declining,183.19,107.19411265522241,370.25,29,13
1548,Loyal Actives,485.11,134.96265000222775,302.05,14,12
87,Declining,255.27,277.63868062112357,601.41,21,1
2127,Declining,179.56,182.69715315147909,1029.46,16,52
1958,Declining,102.9,159.39399089633196,394.36,18,3
684,Loyal Actives,137.76,300.08958982282405,1127.48,49,13
2326,Loyal Actives,484.3,131.20815768676357,460.77,25,6
757,Declining,258.42,341.1064054918092,979.76,20,3
612,Loyal Actives,896.7,535.516757898877,1623.71,55,2
223,Loyal Actives,166.11,401.9368987377643,1013.06,31,1
1608,Loyal Actives,198.46,162.39125308062714,545.69,16,22
2248,Declining,73.28,126.14148536511715,500.12,12,74
1514,Loyal Actives,296.46,377.5483178624363,1150.48,29,6
2256,Declining,204.1,206.70085774932303,840.47,18,13
1252,Loyal Actives,429.95,57.20973405354049,124.82,9,21
1734,Declining,10.37,44.2861127662884,108.96,11,10
1597,Declining,63.1,55.18735323719526,143.14,18,7
2171,Loyal Actives,774.87,565.928419135618,1756.58,46,5
91,Champions,718.55,505.9251773967612,1416.24,73,2
2163,Declining,82.65,55.804940641890695,192.73,7,31
1043,Declining,0.0,121.31074008281736,456.51,9,15
1313,Declining,113.63,155.64597147379177,514.27,12,16
1295,Loyal Actives,231.81,270.64808715782544,727.66,29,1
2417,Truly Lapsed,0.0,22.23221809037444,88.33,4,134
628,Declining,212.62,136.997994763151,440.12,5,63
1177,Declining,90.06,119.91484461066229,167.34,9,6
931,Loyal Actives,710.97,444.79742282311696,1943.66,17,30
1152,Declining,205.67,181.5781607740762,216.93,12,1
1999,Declining,63.54,141.51847152622926,174.35,20,1
2096,Declining,336.73,253.4342741033863,581.65,10,6
2048,Declining,612.63,196.55581862739473,535.94,12,16
1750,Truly Lapsed,144.03,93.91039925754137,235.3,6,28
1290,Declining,194.94,134.45462492618404,298.81,12,13
465,Declining,13.28,38.77218460040239,117.4,22,14
1956,Loyal Actives,754.9,192.7136799003898,297.98,11,1
244,Loyal Actives,285.7,165.2081520541131,608.32,17,23
579,Champions,11.19,46.05409194425395,151.75,7,48
827,Declining,2.19,50.727702693256624,70.27,4,31
1126,Declining,364.29,276.93271817442763,1001.48,10,12
1107,Declining,274.38,78.48797055115129,235.7,6,14
407,Truly Lapsed,51.21,86.22381940807163,283.87,18,46
765,Champions,70.39,313.9504817382319,393.25,6,1
1327,Single-Trip,0.0,14.963205113189336,48.51,1,149
826,Declining,72.1,8.23195133044778,13.72,3,145
966,Declining,80.02,16.66658209678075,40.11,4,145
592,Declining,124.63,84.96904333531293,261.0,10,13
2229,Loyal Actives,1266.66,115.63292508742622,287.06,13,5
1874,Declining,66.32,114.39477046954582,234.74,12,2
651,Truly Lapsed,0.0,50.5394544919315,139.63,2,27
1365,Truly Lapsed,0.0,5.389586891398813,19.41,2,169
777,Truly Lapsed,1109.86,559.8992603149458,834.68,14,5
1358,Truly Lapsed,811.38,213.6610262612121,299.11,12,13
1733,Truly Lapsed,341.66,210.11381808498516,251.15,4,6
298,Single-Trip,0.0,2.535885030929415,16.32,1,266
1212,Single-Trip,0.0,3.5055477827825943,15.97,1,264
619,Truly Lapsed,75.45,55.906737740911595,70.78,2,81
2278,Loyal Actives,126.65,132.58404504194579,467.11,22,32
1770,Champions,427.06,664.7570085154758,3481.52,159,9
1640,Champions,291.66,326.8886613569322,2049.13,70,57
2170,Loyal Actives,1002.2,581.3795907166378,2462.48,116,6
1582,Declining,170.3,197.386651012438,601.14,12,19
1941,Loyal Actives,80.18,88.24273452379141,320.45,67,7
376,Loyal Actives,440.64,632.7033874248214,2004.98,215,1
1111,Loyal Actives,2284.98,2248.4516272813594,10078.89,132,3
511,Champions,752.44,619.9289768184486,2250.08,144,1
2428,Champions,35.82,58.525939261655786,172.36,11,14
2159,Loyal Actives,217.02,325.2415942597702,1093.46,63,1
640,Truly Lapsed,0.0,102.82578174334877,554.69,23,85
1489,Champions,3271.4,1829.4086400674864,7682.59,259,1
611,Champions,679.85,269.485478999902,837.5,31,4
1521,Declining,165.44,78.4384706223321,116.77,9,2
1457,Loyal Actives,751.47,412.08221248046704,1130.95,21,1
2490,Declining,95.17,81.81712171718239,200.99,11,4
539,Champions,638.26,129.60079912177363,238.03,14,5
1943,Loyal Actives,312.74,722.0422113167189,2164.38,72,1
2240,Loyal Actives,659.34,612.0429418372735,1962.13,74,3
1349,Loyal Actives,576.06,622.2747150768272,2448.64,86,4
1353,Loyal Actives,454.23,576.721321445796,2272.79,72,3
1638,Loyal Actives,94.55,96.37217816515054,320.84,24,12
482,Loyal Actives,37.82,125.15894835153571,555.09,32,13
2089,Declining,21.72,21.582254980353156,62.77,16,15
1967,Loyal Actives,402.53,302.012198910795,829.69,33,2
108,Loyal Actives,406.76,251.09482313111292,1206.42,24,23
2142,Loyal Actives,1215.4,923.0040371866376,3010.1,34,2
472,Loyal Actives,200.46,1379.2915784315405,3926.07,43,1
467,Loyal Actives,717.32,326.9583874649742,1007.69,74,3
2412,Loyal Actives,1434.14,1324.1438298065625,6814.68,139,4
140,Declining,55.77,191.1484846964194,804.92,42,14
1022,Declining,7.18,19.761484828937228,57.56,8,69
168,Champions,15.87,75.05293120519943,245.12,17,23
653,Champions,1625.72,791.2319726981663,3874.44,79,16
658,Loyal Actives,180.97,154.53253821347084,534.23,20,8
174,Truly Lapsed,0.0,104.53821765212918,474.22,10,73
338,Loyal Actives,451.5,226.4788091489086,1126.2,76,9
1008,Champions,279.9,47.46581736356287,95.78,12,6
2450,Loyal Actives,753.92,162.64636519047673,631.15,25,22
75,Declining,175.28,160.34712254669813,584.53,31,17
1392,Loyal Actives,91.05,187.84221702059818,896.94,46,55
645,Declining,0.0,78.01289621347816,227.15,24,16
2466,Loyal Actives,287.82,521.2968196669651,1691.09,47,3
2441,Loyal Actives,193.13,173.62570736078987,434.11,43,8
656,Loyal Actives,1093.56,574.7034570900375,2534.41,39,16
2415,Loyal Actives,67.33,102.76978599156297,334.28,18,8
557,Declining,109.44,104.49721231237366,347.5,16,20
439,Declining,62.85,18.465380289817972,47.01,3,208
2045,Declining,42.07,80.87704044862171,177.98,6,8
1703,Loyal Actives,1065.8,760.4238956413012,2289.26,114,1
1981,Loyal Actives,278.49,119.29729513690164,385.75,29,3
1010,Champions,595.98,250.10243352955342,1137.57,43,10
962,Loyal Actives,273.99,182.06893218428016,685.05,25,7
580,Declining,187.81,210.4870401189218,499.61,38,1
1575,Loyal Actives,273.3,279.4464466080698,1006.5,31,7
1493,Champions,116.08,64.75355092668417,192.75,9,20
2232,Declining,124.57,125.85716066285072,531.5,18,18
1239,Declining,84.82,177.57245659611132,722.5,9,35
51,Loyal Actives,377.47,556.8816370950888,1539.68,33,1
1447,Declining,125.72,101.8299816719598,296.91,17,23
151,Declining,152.61,85.46803325414076,219.81,12,16
1344,Declining,494.11,314.6857842415594,937.44,9,49
337,Declining,105.36,136.80198532675888,434.93,29,12
1632,Champions,139.38,235.21751183245178,983.39,28,13
2005,Loyal Actives,212.71,184.4241438565039,768.87,28,11
564,Loyal Actives,223.67,150.53056466077126,421.51,23,8
2288,Loyal Actives,90.6,276.32974064260145,812.33,43,4
1518,Declining,50.66,73.24060748980378,322.11,12,54
1532,Declining,128.88,80.98291311604372,142.58,5,25
446,Declining,33.94,51.375650492845885,87.65,15,7
584,Declining,0.0,88.43682743364599,327.22,22,23
2227,Loyal Actives,325.4,467.4142753537307,2599.06,86,14
2090,Loyal Actives,170.45,208.52550927180576,435.92,18,1
247,Loyal Actives,432.18,206.5504838726583,480.93,27,1
1565,Declining,22.74,60.767338008778594,208.7,14,35
1284,Loyal Actives,660.05,286.9419187137572,665.36,78,1
1036,Declining,24.58,87.9347158217407,295.54,10,154
528,Declining,167.8,49.107441153493625,91.73,3,21
2335,Loyal Actives,572.62,278.9322329616187,758.6,19,1
1570,Declining,582.1,138.77388922462717,584.39,16,38
1913,Declining,204.45,129.3789495718632,326.24,20,2
1125,Loyal Actives,33.18,228.25742128517203,506.91,37,1
267,Declining,23.84,77.19500610406716,222.9,11,26
2422,Truly Lapsed,0.0,65.11968113036204,130.7,2,117
320,Declining,89.49,130.13233649861235,263.76,9,15
1028,Declining,5.75,12.066034825880514,36.59,3,114
2253,Declining,6.64,48.648950121961946,109.11,6,42
839,Declining,86.48,162.42781471362477,487.44,5,106
2093,Champions,22.4,169.46301454112105,328.71,9,7
899,Declining,91.6,9.169172455620693,37.87,3,105
476,Declining,55.71,184.33840571915795,758.19,17,27
449,Declining,106.46,47.00852567095142,178.86,10,80
430,Loyal Actives,1125.9,51.81380222380019,162.56,17,12
1302,Champions,107.2,126.64156300502954,369.26,16,14
1994,Declining,155.68,119.64225538111754,422.53,16,25
938,Declining,111.71,208.22431964752317,638.55,9,4
475,Loyal Actives,184.82,132.11793042632797,624.07,21,36
1398,Declining,37.2,139.6330296890393,225.24,9,1
1866,Truly Lapsed,25.5,45.65070389204288,65.48,5,10
1539,Truly Lapsed,6.47,26.846672954309426,39.69,3,17
1891,Declining,377.03,187.87823766077972,410.62,15,1
1436,Truly Lapsed,55.8,21.404304547462853,21.57,2,31
2161,Champions,803.55,53.993850824030616,111.65,3,182
1670,Declining,10.0,19.371802101035577,37.81,10,11
2038,Declining,253.39,186.80365060611325,619.9,19,15
1706,Truly Lapsed,83.54,45.11741238874428,67.34,3,22
967,Single-Trip,0.0,2.3055224125476896,2.0,1,48
2313,Champions,33.06,9.627371776612765,25.92,2,86
264,Loyal Actives,172.6,239.21882507990304,890.3,31,6
875,Loyal Actives,102.47,192.15546503598082,670.98,31,17
101,Champions,1559.34,766.2931311908249,2871.82,88,1
1556,Loyal Actives,728.8,396.4887089421979,1234.95,51,5
2380,Champions,1061.2,651.0937029845862,2510.4,94,4
2030,Loyal Actives,598.25,399.6625461256219,1063.21,40,2
675,Champions,545.49,603.5851178680283,2358.16,109,6
1070,Champions,565.68,521.9718867327563,1972.69,73,13
400,Loyal Actives,3109.74,1969.4454090734207,8659.29,143,1
722,Loyal Actives,1137.24,692.2460382615553,2809.95,54,6
2489,Loyal Actives,753.29,2213.8288798811573,5135.72,69,1
852,Loyal Actives,181.61,332.2865179394903,1021.38,42,4
1053,Loyal Actives,663.54,762.3171440114006,2538.84,43,5
1797,Loyal Actives,1074.7,452.6884499529183,1792.01,42,9
1804,Champions,1224.95,1398.4833933002508,4716.61,142,1
1081,Loyal Actives,1776.46,1093.7353484174705,3930.0,56,3
784,Champions,460.5,324.88535258260714,984.98,36,2
1003,Declining,42.04,356.12912741677894,1362.39,30,2
864,Loyal Actives,1397.89,865.3271053810757,3352.8,44,7
2221,Loyal Actives,271.13,371.20169873420866,1120.16,57,2
1306,Loyal Actives,540.36,434.77137358272876,1347.41,86,2
715,Loyal Actives,567.9,481.4407552012928,1518.84,71,1
1911,Champions,248.71,223.8372883528254,869.15,67,12
220,Champions,289.4,447.3164107907379,1201.75,38,1
253,Loyal Actives,1614.77,1013.8131972364804,3668.63,138,1
1812,Loyal Actives,327.62,276.1864425332587,1122.67,51,5
946,Loyal Actives,485.05,371.4328221214327,1051.31,54,1
2182,Loyal Actives,119.01,172.06269476700933,455.72,31,3
306,Champions,1596.33,611.2835775322187,1970.0,71,2
22,Champions,1190.6,606.6150630913,2224.92,53,7
134,Loyal Actives,595.48,724.1409930063766,2176.08,31,2
484,Loyal Actives,662.4,456.181306913069,1205.6,56,1
770,Loyal Actives,372.81,403.4495877782317,1179.87,24,3
1305,Champions,469.04,967.5553884712315,3688.0,162,1
332,Loyal Actives,898.01,599.0390108498132,2348.84,48,8
1864,Loyal Actives,2542.64,1838.4383086766395,7354.71,76,2
412,Loyal Actives,320.55,357.0381650461868,1146.61,52,8
1130,Loyal Actives,696.85,574.3526332027643,2063.67,131,2
1499,Loyal Actives,349.4,283.64111891162594,975.24,40,3
606,Loyal Actives,381.92,469.1238419034333,1539.89,42,3
1494,Loyal Actives,351.03,364.33616662746226,1195.05,32,8
779,Loyal Actives,579.11,337.4264115849827,1215.79,30,7
939,Loyal Actives,1203.54,483.8794011694177,1729.79,55,1
624,Champions,1360.71,497.5237396381697,2022.48,50,3
149,Champions,2391.84,1136.814359302564,4028.3,69,3
1270,Loyal Actives,880.82,391.1719842482958,1296.25,33,10
248,Loyal Actives,1387.08,501.574985220731,1524.46,15,6
853,Loyal Actives,1890.36,1160.886245640663,5299.18,207,3
1919,Champions,746.33,559.4624342855668,1708.88,40,3
1720,Loyal Actives,917.82,818.6838531263966,2574.73,64,4
123,Loyal Actives,344.36,359.12501661126447,1365.48,73,3
752,Champions,143.97,312.8662909394527,1594.24,47,40
1272,Loyal Actives,1333.01,1308.4030311640925,4026.7,110,1
510,Champions,1070.31,984.6760932342775,3364.0,154,2
302,Loyal Actives,206.14,277.4561549398191,814.07,38,2
2053,Loyal Actives,494.52,546.9017905998492,1575.56,81,1
1321,Loyal Actives,287.89,228.61368444175295,687.95,98,2
582,Loyal Actives,744.01,470.9770019818093,1570.45,50,2
1197,Champions,2236.06,998.2116800279189,2898.26,56,3
690,Loyal Actives,420.82,522.9590564005542,2483.1,123,8
17,Champions,562.13,419.96870456205403,1727.46,45,6
926,Champions,630.95,856.325111203116,2783.0,103,2
886,Champions,263.74,575.2456907549304,1984.08,90,1
2376,Champions,1038.77,355.113056861212,1370.93,80,9
982,Champions,2359.18,2163.1062081933587,6963.86,144,1
1707,Loyal Actives,556.33,603.8614338162305,2010.4,264,2
314,Declining,552.77,330.29891222989437,1166.05,15,6
1869,Loyal Actives,391.12,548.2069352469655,1530.08,53,2
119,Loyal Actives,714.19,311.50493982646066,1200.62,35,19
2040,Loyal Actives,98.9,293.71184651540966,1304.8,186,7
460,Loyal Actives,153.28,84.51277475341534,231.4,46,9
2264,Loyal Actives,2731.03,1583.5731182581064,7155.91,132,3
1,Loyal Actives,605.51,674.657603854235,1744.29,37,3
56,Loyal Actives,1048.52,774.5942847187448,3048.72,93,4
2133,Champions,1301.68,942.56984099203,3011.45,61,2
2004,Loyal Actives,1515.17,1203.9673555058287,4277.64,115,5
868,Champions,984.24,816.0846884060759,3281.9,71,8
1128,Loyal Actives,722.32,259.9588435029821,869.84,75,6
351,Loyal Actives,1081.6,1006.3864623498794,3928.35,133,3
239,Loyal Actives,594.67,693.3081045647397,1704.1,110,2
1833,Loyal Actives,312.02,340.0018073974515,1190.54,43,13
2070,Loyal Actives,1676.75,1024.1531072328364,3642.32,302,1
1137,Loyal Actives,278.84,335.18237117113495,916.5,55,1
1541,Loyal Actives,1427.42,966.4341584623339,3051.64,41,4
1040,Loyal Actives,618.52,738.552402687206,2539.37,102,3
1264,Loyal Actives,690.63,742.2900105369558,3119.47,68,7
1393,Loyal Actives,1089.24,645.7721862187974,2253.42,85,4
2017,Champions,1374.67,1041.1975018655721,3464.85,77,2
2184,Champions,327.08,478.69598513516513,1527.21,79,3
27,Loyal Actives,920.79,913.255276751279,3486.0,217,1
825,Loyal Actives,1132.79,1195.3276978665795,4375.13,80,2
1470,Champions,483.71,233.71418180843304,569.92,46,3
1163,Champions,454.45,560.2110961452296,2244.13,68,9
1316,Loyal Actives,493.01,651.3270293358275,1934.42,30,2
597,Loyal Actives,898.47,369.5171571847618,1301.64,28,4
2393,Loyal Actives,497.35,540.9936433855165,2006.01,29,4
1858,Loyal Actives,429.13,429.1275426660695,1441.85,33,8
1505,Loyal Actives,746.34,509.9223192320842,1626.63,37,3
2193,Loyal Actives,551.69,953.5951436735214,4174.31,55,7
221,Loyal Actives,539.89,309.4171242191928,1256.25,40,6
671,Champions,653.74,435.1745287928972,1877.84,45,6
1649,Declining,349.28,138.06847883691475,412.21,21,7
281,Loyal Actives,136.14,218.35299934893857,599.17,32,3
2002,Declining,566.79,218.31613330393927,675.9,16,6
879,Champions,603.92,417.0934935941704,1234.02,47,2
1468,Truly Lapsed,100.4,1059.6511287809997,1678.77,32,1
865,Declining,688.79,172.6754979732409,261.73,4,2
2449,Loyal Actives,1172.6,865.4899473816212,4191.06,112,6
2237,Loyal Actives,825.94,613.8524866997647,2198.72,71,4
2300,Loyal Actives,923.3,761.7846632769732,2121.94,50,1
1479,Loyal Actives,1783.42,861.6526579274837,3803.83,324,1
1174,Loyal Actives,359.78,240.82623223366494,965.51,64,8
493,Loyal Actives,821.58,785.2083911418631,2260.9,91,1
867,Champions,859.89,614.3945378935483,2142.21,55,8
2129,Champions,1145.29,1055.0115414830723,3349.65,74,1
57,Loyal Actives,534.46,365.43196027545866,1128.94,65,1
1452,Loyal Actives,412.76,340.426493585804,908.13,173,1
1337,Champions,1718.88,1458.706170862717,5535.5,112,1
1650,Loyal Actives,342.92,343.28867820635503,1273.76,56,4
346,Loyal Actives,1443.55,753.0948040645186,2789.13,71,4
1084,Loyal Actives,233.99,293.9221114718192,1195.59,90,28
1475,Loyal Actives,2490.01,1730.0823942628078,6900.68,161,1
831,Loyal Actives,1570.31,946.6050216902513,3710.61,70,1
1074,Loyal Actives,1380.06,824.2522517692692,3817.77,62,10
235,Loyal Actives,1762.21,1155.3963600807515,3773.62,68,1
2194,Loyal Actives,1063.31,926.8367289101795,2873.4,150,1
755,Champions,897.81,1239.7285107530797,4844.62,134,3
1540,Loyal Actives,451.85,641.8795742633306,1886.4,74,1
1745,Loyal Actives,71.24,266.0809170296601,1216.19,65,26
426,Champions,1099.76,1159.9771598873065,3711.48,107,2
1693,Loyal Actives,1438.99,746.9109196073074,3352.57,76,9
1178,Loyal Actives,845.73,493.69859326706785,1665.5,86,1
2351,Champions,2628.63,2024.8629830049804,7275.09,154,1
983,Loyal Actives,639.79,542.6618520099122,1594.02,83,2
25,Loyal Actives,491.37,434.70652779244836,1375.07,40,3
1748,Champions,1052.58,483.9954067809499,2401.4,111,3
1726,Champions,1671.67,1044.0584606750845,2924.27,67,3
2123,Loyal Actives,985.15,577.9227360605829,2049.52,30,5
383,Loyal Actives,837.47,580.4960370317219,2593.82,65,9
2115,Champions,2165.92,2014.1745036414052,6032.42,137,1
2467,Loyal Actives,2195.68,1420.7643835536003,5883.0,181,5
1226,Loyal Actives,1366.4,562.045451409148,2578.68,30,20
1845,Loyal Actives,1404.71,1040.6452580015423,4200.52,56,5
586,Loyal Actives,1017.02,737.6776375302416,2549.78,87,3
1082,Loyal Actives,412.09,345.3534858930329,836.48,53,1
1927,Loyal Actives,803.99,480.4000326830136,2496.88,49,21
2200,Loyal Actives,1183.87,1010.0460242702007,3086.9,80,1
2426,Champions,360.07,313.77697752303476,1161.66,49,3
52,Loyal Actives,602.09,880.8701750027101,2574.8,61,2
1696,Loyal Actives,268.56,393.21858072781816,1364.04,33,10
1425,Loyal Actives,360.51,441.72797855498965,1703.31,52,5
1694,Champions,1615.39,763.506209044526,3454.5,103,6
986,Loyal Actives,237.26,201.16120678196313,756.76,33,10
1091,Champions,170.4,602.4634173434271,2599.43,51,20
46,Loyal Actives,1934.7,1328.6725760367874,3973.79,63,1
1997,Loyal Actives,575.6,491.79683284626844,2024.24,29,20
1695,Declining,83.84,123.89305002018908,332.13,44,1
1928,Loyal Actives,239.03,276.1465032460796,923.17,47,4
121,Loyal Actives,180.84,263.88745684494256,1421.56,67,21
670,Loyal Actives,780.52,737.9593910949894,2401.08,88,1
1485,Loyal Actives,107.16,258.2721948973897,752.44,23,19
1926,Loyal Actives,283.93,269.67241225317156,990.11,36,2
2084,Loyal Actives,787.11,383.32505090322013,1287.45,52,4
2397,Truly Lapsed,477.0,298.49556151221066,420.87,17,5
1419,Loyal Actives,635.6,810.8144595111723,3061.94,211,3
1509,Champions,882.28,910.0370580769973,2821.65,90,2
569,Loyal Actives,535.74,487.4959705905841,2107.1,41,18
1965,Champions,399.87,613.7859098223249,2187.99,81,9
718,Champions,2220.6,2096.4276663790383,8319.07,258,1
2224,Loyal Actives,539.03,437.6290108474511,1522.74,41,8
1069,Loyal Actives,531.45,519.6584808444012,1687.8,31,4
20,Champions,1172.62,1138.3544204686784,4345.36,222,2
2446,Loyal Actives,783.24,627.9720977272514,2846.24,80,4
631,Champions,1509.66,1002.5317135375185,3530.78,194,1
2198,Champions,1269.75,828.5914123559968,2984.58,189,2
1437,Loyal Actives,587.8,437.32209437007174,1783.09,38,15
771,Loyal Actives,1495.72,1130.5843086919801,4136.48,279,1
2359,Champions,344.31,416.97895474085794,1492.94,98,3
1166,Champions,1431.48,1762.0605685901899,5185.69,175,2
2282,Loyal Actives,141.76,155.4152400343426,438.19,31,10
1517,Loyal Actives,736.36,548.9921871660271,1688.01,64,2
300,Loyal Actives,474.92,315.5756677632704,1302.58,39,14
2092,Champions,13.98,193.22863233064047,749.48,55,88
1779,Loyal Actives,419.7,549.6388021548715,1968.29,53,3
1820,Loyal Actives,387.23,866.1064117345264,3324.17,54,3
1892,Loyal Actives,549.57,592.2760952952457,2974.03,149,12
661,Loyal Actives,1224.37,891.2651004638526,4017.97,196,2
1829,Champions,726.2,677.1550196048275,3206.7,160,5
1979,Champions,98.64,164.8805930790575,398.4,40,2
1524,Champions,248.96,461.43192090134556,1434.64,30,2
1488,Loyal Actives,743.05,355.6793100824314,1450.56,36,17
1566,Champions,3104.35,1536.9978534610193,5248.48,166,1
2496,Loyal Actives,661.76,568.4719221204928,2051.08,33,4
319,Champions,534.48,416.3508624185072,1682.79,43,8
413,Champions,582.57,975.2570189971988,3449.16,164,1
469,Loyal Actives,1065.93,841.0473549730759,2843.21,66,5
540,Loyal Actives,1055.82,439.2347881017684,1333.4,38,4
1222,Loyal Actives,540.72,787.4764838270222,2804.03,75,2
2455,Loyal Actives,955.9,919.1894705666017,2811.01,47,1
797,Loyal Actives,404.22,527.4623360318616,1488.01,47,2
2057,Champions,516.95,493.6427898677164,1462.37,57,3
2183,Champions,752.46,701.7124433924035,2164.61,83,1
1015,Loyal Actives,319.91,562.7489341291148,1640.66,36,2
960,Loyal Actives,242.89,321.0806089508703,998.16,42,4
2100,Loyal Actives,583.76,534.4174754142405,1622.98,43,1
2069,Loyal Actives,237.38,171.0421368518616,672.77,35,15
2147,Loyal Actives,987.72,890.682711274117,2722.4,40,1
2181,Loyal Actives,1840.55,250.77512569525646,545.93,18,1
1980,Loyal Actives,952.9,494.88743467051216,1670.83,21,2
593,Loyal Actives,141.18,176.1030028507191,390.02,36,1
67,Loyal Actives,2024.11,938.3270948799324,2913.15,78,3
2499,Loyal Actives,725.46,298.4289772217246,1201.05,33,7
1300,Champions,787.77,395.76862950194464,1066.43,33,1
170,Declining,421.42,359.7139979328166,837.44,20,3
753,Loyal Actives,603.18,151.26049174882837,593.49,12,16
370,Truly Lapsed,0.0,558.0283676777218,1885.22,77,2
981,Declining,303.21,331.273119822677,493.95,11,1
1653,Champions,3250.84,1724.484808766342,7917.86,248,2
971,Loyal Actives,723.84,673.7374002627286,1733.51,56,1
458,Loyal Actives,120.45,249.59769025011428,870.77,63,11
324,Champions,864.33,995.291816767911,3683.02,65,3
908,Loyal Actives,729.62,534.6932434734193,2438.21,83,7
518,Loyal Actives,1101.91,948.9470659226351,2480.52,83,1
1045,Champions,759.98,466.152520779405,1655.59,108,8
1676,Loyal Actives,972.64,557.9169035209603,2035.5,48,5
2337,Loyal Actives,667.63,1402.7010566723466,6242.23,728,1
1258,Loyal Actives,416.16,520.5549691245196,1735.91,112,4
513,Loyal Actives,1558.95,1308.9976528647628,4804.47,66,1
1467,Loyal Actives,745.15,372.23104862413487,1341.99,520,1
1879,Loyal Actives,701.85,678.4070846854042,2420.12,127,2
410,Loyal Actives,223.66,210.1641599864084,563.54,69,1
548,Loyal Actives,496.41,716.3247186075342,1989.62,38,1
1396,Loyal Actives,173.82,716.1843293293667,3157.85,116,4
409,Champions,572.02,641.1376209370226,1719.81,54,2
1861,Loyal Actives,202.29,324.79499430228446,874.86,67,1
230,Loyal Actives,671.91,466.06713382101645,2030.48,73,3
1568,Loyal Actives,967.95,377.03350706798886,1792.22,37,21
716,Loyal Actives,105.34,207.26559338082185,603.65,43,13
866,Champions,1042.48,609.3935825984619,2450.74,61,1
1529,Champions,1049.57,1158.9570525570034,4250.12,126,2
97,Champions,724.53,523.8066349958771,2373.5,89,5
2168,Loyal Actives,750.61,693.5617931817987,2104.36,79,1
256,Loyal Actives,1385.21,1201.8470556407055,3708.67,39,4
2269,Loyal Actives,485.59,431.68533674887897,1528.48,97,3
1708,Loyal Actives,626.88,441.5806575447431,1412.09,19,3
1376,Champions,1478.4,1171.1048592229429,4867.56,104,7
86,Declining,591.59,451.4175194764066,1974.72,20,10
55,Loyal Actives,151.3,103.94062025623103,291.5,59,16
714,Loyal Actives,790.45,463.1957721654338,1567.25,134,2
1240,Loyal Actives,2092.37,1482.9554416004198,4684.87,85,1
761,Loyal Actives,1726.59,1139.87638419947,3826.19,80,2
588,Champions,1329.68,1261.6280169772535,4270.94,116,2
1995,Loyal Actives,2699.04,1826.865027813224,6356.15,61,2
166,Loyal Actives,620.09,372.56905752839737,1266.83,48,4
803,Loyal Actives,194.16,354.4401047758117,933.23,32,2
1955,Loyal Actives,1221.51,1013.3629605591506,3143.95,57,2
1939,Champions,837.11,301.5317474526757,1088.15,28,11
2252,Champions,1880.45,970.9644060315316,4343.82,128,1
1848,Loyal Actives,1403.15,1107.8500438706558,4234.81,38,4
2130,Loyal Actives,1976.87,656.6497839567061,2215.98,42,7
2486,Loyal Actives,616.76,431.70159225896424,1753.0,32,7
1370,Loyal Actives,1293.05,943.4095556760815,3727.51,35,7
1484,Loyal Actives,478.48,457.5554270008071,1349.05,53,1
1873,Champions,967.62,821.2525118001132,2547.85,112,1
1363,Declining,737.98,653.0621611684127,2233.81,35,10
1219,Loyal Actives,140.71,110.21953033057329,299.48,42,5
1795,Loyal Actives,1427.16,1159.3369548635608,4357.07,497,1
2367,Loyal Actives,194.13,704.7077498997602,2587.01,82,2
1256,Loyal Actives,984.58,614.9958398250562,1793.45,70,3
1775,Champions,1459.4,1008.3462941924853,4810.75,107,3
1296,Loyal Actives,359.64,300.6382972068459,902.82,34,4
707,Champions,2860.76,1723.057731512106,8625.8,215,4
1402,Champions,66.39,216.59335815354362,991.65,81,13
362,Loyal Actives,360.01,539.7301733466294,1250.34,36,1
1038,Loyal Actives,122.53,168.05834757924467,718.31,129,8
1461,Champions,1679.53,590.8487224696709,2654.2,103,4
1935,Loyal Actives,2372.41,1875.7939254170494,5648.02,75,1
2488,Loyal Actives,888.48,1024.2030997039794,2857.56,51,1
325,Loyal Actives,444.96,297.98104312502073,864.51,25,2
157,Loyal Actives,260.12,393.9003456560576,1192.72,75,2
442,Champions,616.03,416.3266244042604,1163.78,65,1
583,Loyal Actives,708.4,321.182836936888,950.36,69,5
1549,Loyal Actives,273.67,282.4635068920418,724.15,67,1
2364,Loyal Actives,1184.18,824.5450034374321,3389.61,52,4
1591,Champions,1069.9,734.9447892329983,2193.0,47,1
2343,Champions,622.19,708.1806450950172,2046.29,93,1
1751,Loyal Actives,595.45,792.7209942733606,3033.77,106,3
1333,Loyal Actives,1342.05,896.2494938184506,3608.13,64,9
443,Loyal Actives,516.16,477.9810029348352,1481.26,49,2
733,Loyal Actives,434.21,450.9090917301596,1158.34,34,1
845,Loyal Actives,492.88,657.3972409491672,2524.18,58,7
1962,Champions,720.95,534.8371991908228,1575.71,58,1
1218,Loyal Actives,256.95,448.9998842465508,1803.01,44,6
243,Champions,1215.3,877.040774088661,3429.49,103,9
19,Loyal Actives,2148.71,1334.92700169157,5576.56,216,1
1822,Loyal Actives,198.63,284.4692850884484,1288.95,86,15
2148,Loyal Actives,415.81,348.59628974774995,1129.49,48,8
1369,Loyal Actives,401.58,293.5226899997464,868.39,36,3
575,Loyal Actives,1563.79,1344.1863581074608,4885.26,136,1
608,Loyal Actives,776.26,614.1146224267777,2397.37,99,4
159,Loyal Actives,349.93,303.5224838782488,922.85,34,2
2203,Loyal Actives,313.44,685.0983190210682,2329.81,42,3
1709,Loyal Actives,156.88,331.8891823361846,1328.75,56,6
1318,Loyal Actives,1098.72,721.358004893351,2358.59,35,14
806,Loyal Actives,874.44,726.1866791074342,2645.77,62,3
2260,Champions,589.23,602.8252054854452,2194.62,46,4
844,Loyal Actives,764.53,504.85698832874357,1952.19,54,5
1816,Loyal Actives,495.3,452.9650247551374,1404.28,68,2
863,Champions,759.77,257.2391351060352,802.19,62,6
2063,Declining,232.03,236.20664481506944,967.32,30,11
2156,Champions,795.13,791.5953018102224,2758.64,49,8
454,Loyal Actives,1041.83,743.7879054488309,3180.36,117,4
209,Champions,1070.16,933.8994929923783,3426.09,91,2
614,Loyal Actives,474.89,495.9163664230468,1496.47,71,3
973,Loyal Actives,2357.48,1736.261255172752,7058.35,36,2
48,Declining,119.33,358.8244250949361,627.0,28,2
2284,Loyal Actives,2810.47,1600.7386479931042,7347.95,121,4
2188,Loyal Actives,619.03,581.0211964021896,2053.31,72,5
1929,Loyal Actives,627.77,381.8945090676061,1492.8,19,15
900,Champions,2181.94,1845.5974021038667,7363.67,514,1
2023,Loyal Actives,434.32,203.02668150606937,887.74,52,5
1285,Loyal Actives,1105.49,643.5898871298905,1888.89,61,2
895,Loyal Actives,1598.69,924.836801860257,3022.33,82,1
1800,Champions,345.83,483.25737748531145,1921.28,41,8
1154,Loyal Actives,544.15,561.9205597295942,1609.83,46,1
263,Loyal Actives,814.36,725.1217416702123,2889.75,155,3
2324,Loyal Actives,640.1,462.52131176382545,1099.24,56,5
13,Champions,2277.78,1645.7546464024367,4981.05,104,2
1588,Loyal Actives,567.3,719.6571083689321,2085.01,107,2
609,Loyal Actives,227.37,359.6931643155859,1000.87,82,1
378,Loyal Actives,487.64,568.0258807745652,1787.77,134,1
1982,Loyal Actives,854.3,385.60063872018344,1483.95,50,5
434,Loyal Actives,465.25,660.3978500635526,1720.86,53,1
329,Loyal Actives,659.83,522.9236815138324,1200.12,68,1
672,Loyal Actives,389.26,187.78509692941412,562.55,36,6
2328,Loyal Actives,2044.71,1025.313350018048,4792.95,51,23
485,Champions,821.38,464.53805148179123,2007.27,69,5
1648,Champions,794.44,1024.1324725258373,3485.16,74,2
2437,Loyal Actives,898.41,485.8148636864337,1731.92,25,6
1041,Loyal Actives,1224.78,656.2183701232088,3400.24,146,12
317,Loyal Actives,597.88,643.3915775688878,2660.89,25,18
1689,Loyal Actives,519.32,419.0646732115306,1592.76,57,3
816,Loyal Actives,301.08,472.57729112441774,1274.06,42,2
1146,Champions,1548.72,1080.5347807863848,3663.13,160,1
1094,Loyal Actives,841.28,1130.0980470758295,3285.15,38,1
623,Loyal Actives,165.85,365.1072626304508,1491.12,60,6
2110,Loyal Actives,1955.73,1104.9023990893866,3948.56,78,5
542,Loyal Actives,391.13,242.24122528680553,776.76,43,4
740,Loyal Actives,1105.27,657.0323427341625,2950.31,57,11
903,Loyal Actives,342.14,397.240878576691,1557.02,38,10
692,Champions,662.41,562.2546404773047,1826.6,62,4
1057,Loyal Actives,1068.02,945.0437842800682,3393.76,84,3
117,Loyal Actives,332.8,298.48867578529837,1124.34,40,16
630,Champions,1162.61,693.1118591315717,2871.28,70,7
216,Loyal Actives,606.75,359.00571397830157,1119.63,45,3
1267,Loyal Actives,304.14,327.7557853539497,823.72,29,2
1454,Champions,1145.73,709.7576769716231,3050.35,97,6
2064,Loyal Actives,1150.92,707.4272049252954,2804.51,126,4
1357,Champions,597.86,450.3875136907439,1619.97,37,9
1160,Loyal Actives,602.2,386.0276554772092,1657.42,57,8
1024,Loyal Actives,1018.53,876.0613627623484,4255.99,72,8
417,Loyal Actives,480.67,395.068740807617,1166.5,39,1
857,Loyal Actives,639.52,535.221080202834,2035.23,20,11
1949,Declining,448.74,272.8135628343422,978.94,30,3
1394,Loyal Actives,667.02,617.8552988951534,1835.14,68,3
1537,Loyal Actives,297.63,302.86561271980753,817.21,43,3
2018,Loyal Actives,1197.54,471.05001519197185,1348.16,71,1
18,Loyal Actives,1195.51,964.723429615055,2854.77,67,1
1850,Champions,892.95,1079.527981607388,3269.89,109,1
685,Loyal Actives,816.47,666.445395412919,2907.33,112,2
1920,Loyal Actives,269.35,221.02032202910578,751.66,36,11
1740,Loyal Actives,2176.74,1561.2713015000602,7818.17,245,2
968,Loyal Actives,1388.14,1016.923684789886,3430.4,54,2
367,Loyal Actives,1119.96,714.2131452602308,2711.34,45,13
1236,Loyal Actives,230.2,478.17056128006914,1534.87,82,2
1391,Champions,998.3,811.567123999043,3282.75,65,4
1491,Loyal Actives,874.72,780.2155715432037,2389.26,122,2
768,Champions,1178.4,869.2791443815197,3034.31,225,1
289,Loyal Actives,1161.28,723.4817607321572,2476.47,82,3
2209,Champions,1240.49,761.9676109516212,2173.63,94,1
2013,Declining,9.56,158.8679426174846,448.66,57,4
1686,Loyal Actives,231.44,156.98732004040608,502.75,40,5
361,Loyal Actives,1312.41,787.3330386117634,3043.12,71,4
1788,Loyal Actives,1478.72,1317.772803113188,4365.78,81,2
898,Champions,1361.32,921.2229728753414,3501.92,131,4
1678,Declining,27.97,153.06195299251848,639.4,30,28
2085,Loyal Actives,1767.36,1817.7081935928036,6607.68,176,1
1604,Loyal Actives,140.66,155.4606451620191,348.29,77,1
2107,Loyal Actives,550.39,402.9666147918301,1789.01,45,11
1042,Loyal Actives,848.7,636.3588330133448,2126.58,103,1
742,Loyal Actives,265.46,454.3245052398922,1899.42,151,13
161,Loyal Actives,1742.87,598.9236001288523,1941.05,94,1
483,Loyal Actives,381.26,419.2336433326088,1324.04,49,2
1172,Loyal Actives,1035.26,572.5476687499687,2105.09,75,4
214,Loyal Actives,480.41,466.16527697307544,1282.71,41,2
105,Loyal Actives,350.01,424.15036808806224,1777.36,67,6
2068,Loyal Actives,401.81,354.5524290171184,1173.73,53,9
2179,Declining,287.65,180.68838041706033,514.67,21,4
1367,Champions,1883.54,1288.3769213393016,4547.94,124,1
136,Loyal Actives,111.1,409.68583108194497,1773.52,46,4
1103,Champions,526.86,801.0601806616838,2967.72,90,3
2448,Loyal Actives,1077.74,945.0865964665475,2917.08,66,5
595,Loyal Actives,345.42,322.1962406863921,1204.23,67,11
929,Loyal Actives,1082.33,676.8036114391557,2216.22,91,1
2158,Champions,526.82,245.29187645435368,1211.86,51,21
1634,Loyal Actives,499.1,280.127811214214,926.92,22,5
1931,Loyal Actives,240.55,295.57140164784266,1248.78,51,8
2134,Loyal Actives,1433.86,1235.3803215399216,3921.74,32,2
31,Champions,1222.79,524.44428955826,1469.7,21,7
80,Loyal Actives,694.05,368.3169883830714,1297.73,43,3
1921,Declining,291.09,241.96724890262192,645.65,49,3
748,Truly Lapsed,85.05,351.1370936385361,1317.83,39,11
178,Declining,978.34,171.19396003437058,347.25,28,1
155,Loyal Actives,144.92,320.19190284292733,1076.49,21,8
785,Loyal Actives,395.83,131.44847865388334,376.08,22,6
334,Loyal Actives,222.0,724.6063172429743,2315.5,246,1
607,Declining,21.44,135.9833061522351,795.3,35,37
114,Loyal Actives,257.62,309.23833891923425,1106.52,26,12
2453,Loyal Actives,1016.41,411.771493724045,1277.6,44,6
198,Loyal Actives,817.18,820.2109707175977,3787.85,218,7
1179,Champions,1687.89,1326.712731357031,4574.94,99,1
622,Loyal Actives,357.63,489.22631913047695,1334.33,77,1
956,Champions,1237.39,1211.277639141069,4366.7,257,1
127,Champions,1079.03,622.7161335383564,2503.6,102,5
695,Champions,1832.17,1331.9434417072082,4129.57,106,1
1297,Loyal Actives,890.43,330.1387723170248,1003.86,68,4
1423,Champions,328.67,341.90584736484243,885.22,71,2
2307,Champions,942.95,734.9231688097161,2721.75,73,4
1762,Champions,2355.4,1918.0057535092437,6903.94,147,1
1914,Loyal Actives,588.23,497.9732511932996,1239.84,57,1
1631,Loyal Actives,1171.0,1204.4145708980795,5008.84,154,1
1462,Loyal Actives,1125.84,530.0585725586167,1889.18,51,5
840,Loyal Actives,2417.9,1381.747715142217,4603.92,89,1
1578,Loyal Actives,341.37,268.5848157998731,1138.19,44,10
1430,Champions,2697.42,1995.5539220893208,10117.22,156,7
992,Loyal Actives,178.75,101.51549047307869,253.19,19,6
390,Loyal Actives,254.14,304.2955036953134,640.4,35,1
282,Loyal Actives,584.78,433.4865055253773,1733.27,52,25
911,Loyal Actives,794.2,815.8405741701137,1895.63,34,1
438,Loyal Actives,1003.43,904.5315656048696,2242.61,37,1
2254,Champions,21.95,232.9578490036238,674.25,54,3
660,Loyal Actives,672.08,880.9381764767769,4019.18,87,9
979,Loyal Actives,2166.52,1377.094953952539,5295.26,76,3
350,Champions,616.07,323.10594019404243,993.33,32,11
1481,Loyal Actives,830.65,501.5341538486913,1785.84,87,4
2305,Loyal Actives,698.53,624.1852772630023,2314.84,44,3
139,Loyal Actives,518.54,588.5186951139985,1490.31,47,2
2374,Loyal Actives,1206.94,796.4572020379461,2688.82,32,3
1151,Loyal Actives,510.59,414.2150731550008,1473.65,66,2
2435,Loyal Actives,453.65,349.67311889509705,1691.13,24,6
764,Champions,743.81,443.5697525191513,1368.19,48,7
1031,Truly Lapsed,0.0,845.6094292549133,2441.13,87,1
1572,Declining,321.4,371.2327142904806,525.31,14,1
2292,Champions,327.03,368.3063206118842,732.85,57,6
290,Loyal Actives,959.17,790.2525466297448,3516.1,186,4
889,Champions,1962.58,1245.302217160479,4795.44,78,7
491,Champions,825.05,482.7810581967204,1592.41,43,8
1175,Champions,645.61,906.4955137148278,3308.13,65,5
389,Loyal Actives,2057.68,1512.1366942897132,6763.07,115,3
2097,Champions,428.43,1032.9885228579406,4481.99,102,3
1228,Champions,2262.48,1665.9071935661734,5561.63,281,1
856,Champions,912.2,770.910406608557,2230.42,91,1
2498,Loyal Actives,535.49,720.4296126233681,1742.95,103,1
1557,Champions,548.69,1100.7438891797312,3242.36,99,1
2406,Loyal Actives,940.16,585.8413532490895,1934.54,68,4
1907,Champions,1498.53,591.5443723958963,3234.84,163,47
1917,Loyal Actives,830.82,902.8767557876834,2370.6,102,1
386,Loyal Actives,512.09,512.5846803563703,2009.32,108,3
1142,Loyal Actives,2443.47,1752.1866828164534,6417.7,114,2
43,Champions,13.59,204.70240399584057,608.07,66,4
553,Loyal Actives,1035.38,887.4164892251348,3204.53,121,4
598,Loyal Actives,648.52,504.81485933639533,1463.79,85,2
534,Loyal Actives,224.83,196.79296597312137,569.11,205,3
2124,Champions,1134.07,1046.090002079717,3224.51,100,2
644,Loyal Actives,387.71,626.2597904199595,1550.79,80,1
109,Loyal Actives,419.63,531.4191238446534,1703.59,60,5
1429,Loyal Actives,112.64,140.5876791820173,292.06,34,6
218,Champions,1243.3,1399.2875229091333,4459.79,81,1
1443,Loyal Actives,291.76,206.71222176909424,519.3,41,2
2012,Champions,1675.8,1026.5812800697568,3665.77,134,1
2086,Loyal Actives,1679.82,606.5771039642699,2172.3,210,2
1164,Loyal Actives,764.47,625.8556964017639,2014.22,46,2
1248,Loyal Actives,497.74,794.4226775647835,3548.91,62,10
1803,Loyal Actives,1265.25,1612.80782470445,5546.89,85,1
1831,Champions,1085.05,784.181481665864,2431.23,74,4
1545,Loyal Actives,535.74,718.4816252789842,2046.16,91,1
993,Loyal Actives,553.56,543.6435202501152,1616.36,60,4
1815,Champions,1330.87,542.3793949784343,2125.19,44,3
1964,Loyal Actives,220.45,283.29416881523525,1027.95,32,8
1247,Loyal Actives,832.88,765.6811427471827,3253.46,56,10
2445,Loyal Actives,938.8,599.707909708033,2642.61,65,10
823,Loyal Actives,319.02,488.73682720037783,1285.59,45,1
2173,Loyal Actives,613.16,323.09559548563783,1101.42,35,13
888,Loyal Actives,1647.51,1089.6846394413315,3795.57,36,10
1680,Declining,194.45,365.3890711144166,1193.62,32,6
1492,Loyal Actives,154.33,158.0450747961928,524.42,38,9
1018,Loyal Actives,322.54,271.894014113332,651.76,42,2
1352,Champions,763.74,691.8235461107197,2411.84,62,4
2058,Loyal Actives,1009.73,712.4028540951219,1959.87,58,2
1186,Loyal Actives,1309.89,895.7071189568682,2410.09,35,1
1567,Loyal Actives,288.21,300.12751096977496,970.04,77,2
1791,Loyal Actives,446.43,585.5235016620857,1410.96,65,1
71,Declining,165.73,329.25112939564775,1191.0,33,6
1844,Loyal Actives,273.59,177.07216859826656,569.67,38,10
915,Loyal Actives,173.66,129.2546127965392,412.47,51,7
786,Loyal Actives,997.73,967.8246018332046,3113.6,71,1
49,Champions,983.74,844.699549757646,3583.32,58,4
1823,Champions,2187.35,1579.768606599082,5286.68,153,1
696,Champions,2064.56,1705.1729078302344,7308.22,160,2
1937,Loyal Actives,967.05,724.541751568767,2629.61,70,8
941,Loyal Actives,121.95,358.7806955791603,1083.79,59,3
1759,Loyal Actives,602.34,624.7040335894483,2194.29,156,2
58,Champions,1261.98,1509.7353793361867,4544.09,118,1
2421,Loyal Actives,1372.68,753.0502551920405,2650.45,29,6
1326,Champions,2026.09,1199.0669968157547,4932.92,195,1
2172,Loyal Actives,584.61,323.6238995531004,1094.12,43,4
2234,Loyal Actives,1550.16,962.3954684174778,2880.22,66,1
2312,Loyal Actives,2285.87,1503.8755768258643,5778.59,138,2
878,Loyal Actives,654.09,596.0661249321605,2473.69,77,4
85,Loyal Actives,183.76,531.7853676404015,1855.37,91,4
249,Loyal Actives,968.84,331.818194806204,904.96,54,6
232,Champions,1114.53,1279.5613760478589,4781.41,169,1
2162,Loyal Actives,3184.88,1386.246746152342,5586.33,80,5
395,Loyal Actives,97.67,117.73674983666587,383.89,33,5
567,Loyal Actives,741.35,441.8183553095346,1658.68,134,3
2427,Champions,1205.93,1125.11703408217,3832.14,155,1
1609,Loyal Actives,4213.91,2187.205865534932,12324.3,175,3
113,Champions,2300.56,1590.7207937845699,6318.36,97,2
2378,Loyal Actives,1826.33,1132.355857877005,4569.34,82,5
2076,Champions,698.56,933.651169966117,3137.42,100,2
78,Loyal Actives,602.85,413.4170379883893,1143.41,102,2
2231,Loyal Actives,523.69,613.514764895845,1165.41,27,1
1944,Champions,2033.94,1272.497174914359,4076.4,68,3
2102,Loyal Actives,888.05,502.21464979064405,1427.18,45,2
732,Loyal Actives,910.31,435.1888742491477,1565.97,47,7
2116,Loyal Actives,934.61,1225.4705951990327,5327.52,89,2
387,Loyal Actives,802.68,652.622417146964,2389.27,64,6
428,Loyal Actives,316.04,462.43369042327384,1626.91,45,4
212,Loyal Actives,430.01,408.0417961086791,1253.42,50,7
1120,Loyal Actives,68.8,249.02439087071974,729.91,36,3
8,Loyal Actives,793.8,768.2873381010423,2274.31,48,2
1534,Champions,1435.2,1316.026072715008,4172.12,156,1
1580,Loyal Actives,520.84,323.8394712424105,940.49,113,2
1814,Loyal Actives,293.76,437.94388294224945,1824.26,25,7
2243,Loyal Actives,919.44,468.3268972294889,2166.72,22,14
257,Loyal Actives,510.4,250.2377230502928,1117.54,53,6
1595,Champions,491.74,485.33595518575936,1979.76,57,7
802,Loyal Actives,282.24,183.5714428400069,591.66,22,13
381,Loyal Actives,552.5,291.98761656999466,807.65,26,5
242,Loyal Actives,541.47,668.7979450061877,1980.39,30,2
2347,Champions,550.95,507.7725484429297,1761.56,46,1
1135,Declining,108.24,119.23404002756548,207.95,22,5
1188,Loyal Actives,806.77,224.97865615673052,859.72,41,5
1985,Loyal Actives,1553.36,1294.2287673988021,3875.08,65,1
1841,Loyal Actives,609.2,237.2400822806787,908.31,14,11
391,Declining,338.69,494.76723840865577,992.4,27,1
1257,Declining,194.26,426.8596552401025,881.1,17,4
2140,Loyal Actives,584.52,418.5390122502337,922.59,29,1
527,Loyal Actives,562.14,458.13189656948873,1771.1,58,5
358,Loyal Actives,1666.39,1436.4306581383216,6114.07,173,2
1076,Loyal Actives,321.6,200.55241699961266,569.05,25,6
1428,Champions,1242.29,616.9583627543374,2532.15,85,4
2302,Loyal Actives,269.02,197.74475443041595,798.6,28,11
1014,Loyal Actives,726.87,564.766940427493,1959.8,76,4
2094,Loyal Actives,552.61,250.1700995953875,1085.65,30,7
817,Loyal Actives,737.96,552.4208275236958,2244.75,71,6
2479,Loyal Actives,2442.62,1907.2866433307008,5932.99,56,1
2280,Loyal Actives,1779.24,1208.1272966060158,5532.09,111,4
2296,Loyal Actives,2068.89,1625.5102721293417,6110.31,114,1
2465,Loyal Actives,348.22,243.94172272629754,658.0,63,1
1975,Loyal Actives,2787.95,1811.8200534064424,7917.52,149,3
1749,Champions,593.0,548.2905842184683,1910.21,66,6
871,Loyal Actives,1332.72,1295.1698288396901,4253.46,51,1
996,Loyal Actives,346.11,356.2007058574261,805.46,45,1
1865,Loyal Actives,718.87,680.2516707987678,2536.44,65,7
1421,Champions,732.08,686.0691469974212,2472.79,97,2
2087,Champions,1098.7,1144.1110498994326,3468.26,96,1
693,Loyal Actives,358.51,845.3262664094499,3126.78,118,4
392,Loyal Actives,2190.32,1244.993809271721,4824.54,48,7
131,Loyal Actives,760.05,612.9038007346578,2008.2,94,2
411,Loyal Actives,1640.37,750.0790250890542,2988.35,71,5
1378,Loyal Actives,953.48,1060.3990143904168,3069.89,51,2
680,Loyal Actives,595.27,554.803801483616,1664.0,42,1
193,Champions,492.45,645.4404111081152,2458.61,59,6
1901,Loyal Actives,1286.42,1287.8030008812227,4419.79,352,1
596,Loyal Actives,624.95,312.60322548610554,1116.78,48,8
2050,Champions,397.43,438.4453697504571,2022.99,64,9
2111,Loyal Actives,185.19,477.57851362264927,1070.39,48,3
1060,Loyal Actives,352.42,931.8769275239437,2718.56,24,2
208,Loyal Actives,551.25,896.1115448756431,1667.69,56,1
2082,Champions,747.56,483.48732279633964,2045.59,80,8
574,Loyal Actives,1276.31,1061.0126468181295,2791.43,52,7
1001,Loyal Actives,1060.43,513.0716711185131,1481.7,26,4
2250,Loyal Actives,281.25,228.53053721972566,1252.24,29,23
647,Champions,806.57,1019.7022854710738,2619.0,53,1
2330,Champions,605.43,829.6706715062187,2629.06,38,19
1474,Loyal Actives,518.61,425.5211393265196,1389.74,40,1
2483,Loyal Actives,573.89,130.12228938920595,374.99,33,7
2361,Loyal Actives,567.26,980.9894368648752,2436.26,44,1
1785,Loyal Actives,356.25,238.8401831459683,751.61,29,3
2088,Loyal Actives,1158.58,546.1894868675173,1941.79,39,7
201,Loyal Actives,570.66,263.56788125998935,554.42,18,2
