household_id,cluster_name,hurdle_pred_clv,clv_pred_window,obs_monetary,obs_frequency,obs_recency_days,obs_tenure_days,has_demographics,m_score,r_score,f_score,is_pred_only
1,Loyal Actives,674.657603854235,605.51,1744.29,37,3,264,True,4.0,5.0,3.0,False
2,Declining,193.4990925410413,328.69,691.43,13,16,251,False,3.0,1.0,2.0,False
3,Loyal Actives,282.5420528439908,75.5,910.29,17,26,241,False,3.0,2.0,2.0,False
4,Declining,74.53814087950997,141.93,300.21,14,62,207,False,2.0,2.0,2.0,False
5,Declining,76.69386860914882,78.97,220.7,15,16,241,False,1.0,1.0,2.0,False
6,Loyal Actives,723.2491317355142,710.13,2752.74,118,2,267,False,5.0,5.0,5.0,False
7,Loyal Actives,622.4473782594565,445.67,1494.95,21,2,255,True,4.0,3.0,2.0,False
8,Loyal Actives,768.2873381010423,793.8,2274.31,48,2,268,True,5.0,4.0,4.0,False
9,Declining,100.2884487310342,202.22,416.51,7,49,212,False,2.0,3.0,1.0,False
10,Single-Trip,23.975285188228696,0.0,29.96,1,60,0,False,,,,False
11,Truly Lapsed,3.9043956256417975,0.0,10.05,2,146,9,False,1.0,1.0,1.0,False
12,Truly Lapsed,70.58515535769007,0.0,182.36,3,54,195,False,1.0,1.0,1.0,False
13,Champions,1645.7546464024367,2277.78,4981.05,104,2,269,True,5.0,5.0,5.0,False
14,Champions,397.07877455572685,199.96,1451.54,76,6,266,False,4.0,5.0,4.0,False
15,Loyal Actives,148.7010848633658,219.49,415.32,19,3,259,False,2.0,3.0,3.0,False
16,Loyal Actives,153.40182242594764,50.75,596.12,44,14,258,True,2.0,4.0,3.0,False
17,Champions,419.968704562054,562.13,1727.46,45,6,266,True,4.0,2.0,3.0,False
18,Loyal Actives,964.723429615055,1195.51,2854.77,67,1,268,True,5.0,5.0,5.0,False
19,Loyal Actives,1334.92700169157,2148.71,5576.56,216,1,267,True,5.0,5.0,5.0,False
20,Champions,1138.3544204686784,1172.62,4345.36,222,2,270,True,5.0,4.0,5.0,False
21,Declining,136.27057051436162,192.07,453.02,13,14,202,False,2.0,1.0,2.0,False
22,Champions,606.6150630913,1190.6,2224.92,53,7,261,True,5.0,5.0,4.0,False
23,Loyal Actives,259.5340108377926,340.35,1147.63,51,15,258,False,3.0,5.0,4.0,False
24,Declining,20.33143752299669,287.32,62.44,6,175,81,False,1.0,4.0,2.0,False
25,Loyal Actives,434.7065277924483,491.37,1375.07,40,3,264,True,4.0,4.0,4.0,False
26,Loyal Actives,211.84251408699964,149.39,785.04,33,8,248,False,3.0,3.0,3.0,False
27,Loyal Actives,913.255276751279,920.79,3486.0,217,1,272,True,5.0,5.0,5.0,False
28,Loyal Actives,309.27360595713714,333.11,879.31,51,5,256,False,3.0,3.0,4.0,False
29,Loyal Actives,129.12637150657417,76.07,459.69,30,43,228,False,2.0,5.0,3.0,False
30,Champions,68.05295427600034,104.0,142.34,9,22,239,False,1.0,3.0,1.0,False
31,Champions,524.44428955826,1222.79,1469.7,21,7,219,True,4.0,5.0,3.0,False
32,Loyal Actives,323.9941429346332,513.8,1066.4,32,14,258,False,3.0,4.0,3.0,False
33,Loyal Actives,169.9405024512623,88.41,546.83,25,4,261,False,2.0,5.0,3.0,False
34,Declining,58.08585713713344,67.91,111.42,10,6,184,False,1.0,2.0,2.0,False
35,Champions,177.5398724473368,84.99,478.86,28,3,243,False,2.0,2.0,3.0,False
36,Loyal Actives,473.0395170370272,985.21,1835.45,83,4,267,False,4.0,4.0,5.0,False
37,Declining,314.48876024817656,499.28,1295.52,26,2,254,False,4.0,4.0,3.0,False
38,Declining,102.13882614297307,0.0,250.32,14,7,264,False,1.0,1.0,1.0,False
39,Loyal Actives,316.78241015128503,711.63,1211.42,16,11,254,True,4.0,3.0,2.0,False
40,Champions,1592.533958095006,2308.62,5554.57,179,1,271,True,5.0,4.0,5.0,False
41,Loyal Actives,384.3558943885347,576.44,1486.84,34,6,255,False,4.0,4.0,3.0,False
42,Loyal Actives,266.3036007849134,242.14,835.42,39,3,268,True,3.0,4.0,3.0,False
43,Champions,204.70240399584057,13.59,608.07,66,4,269,True,2.0,3.0,4.0,False
44,Declining,156.13942284289917,58.18,660.23,21,20,241,False,2.0,2.0,2.0,False
45,Declining,73.71621198852601,6.5,290.58,20,49,218,False,1.0,1.0,2.0,False
46,Loyal Actives,1328.6725760367874,1934.7,3973.79,63,1,266,True,5.0,5.0,5.0,False
47,Loyal Actives,322.93947320375173,212.13,1125.66,55,8,260,False,3.0,4.0,4.0,False
48,Declining,358.8244250949361,119.33,627.0,28,2,223,True,2.0,2.0,3.0,False
49,Champions,844.699549757646,983.74,3583.32,58,4,258,True,5.0,5.0,4.0,False
50,Truly Lapsed,36.16031360294064,61.84,47.37,5,7,192,False,1.0,1.0,1.0,False
51,Loyal Actives,556.8816370950888,377.47,1539.68,33,1,272,False,4.0,2.0,3.0,False
52,Loyal Actives,880.8701750027101,602.09,2574.8,61,2,264,True,5.0,5.0,4.0,False
53,Champions,216.0203841708468,237.29,872.65,24,13,237,False,3.0,2.0,3.0,False
54,Truly Lapsed,20.051746770300618,0.0,51.37,5,63,183,False,1.0,1.0,1.0,False
55,Loyal Actives,103.94062025623104,151.3,291.5,59,16,256,True,2.0,4.0,4.0,False
56,Loyal Actives,774.5942847187448,1048.52,3048.72,93,4,268,True,5.0,4.0,5.0,False
57,Loyal Actives,365.43196027545866,534.46,1128.94,65,1,270,True,4.0,3.0,5.0,False
58,Champions,1509.7353793361867,1261.98,4544.09,118,1,272,True,5.0,5.0,5.0,False
59,Loyal Actives,203.90020529330647,81.98,832.02,13,35,234,False,3.0,3.0,2.0,False
60,Truly Lapsed,,,,,,,False,1.0,4.0,1.0,True
61,Truly Lapsed,15.422413324745856,0.0,28.88,3,83,130,False,1.0,1.0,1.0,False
62,Declining,62.52551335309883,58.01,210.95,18,36,181,False,1.0,2.0,2.0,False
63,Declining,87.7273024073627,48.28,185.63,9,3,265,False,1.0,1.0,1.0,False
64,Loyal Actives,422.00215109827735,1020.2,1424.02,107,6,262,False,4.0,5.0,5.0,False
65,Loyal Actives,360.3381504945493,461.82,882.98,56,1,270,False,3.0,3.0,4.0,False
66,Declining,29.971038135372755,27.56,116.66,9,100,169,False,1.0,1.0,1.0,False
67,Loyal Actives,938.3270948799324,2024.11,2913.15,78,3,268,True,5.0,4.0,5.0,False
68,Champions,704.8071136737068,508.34,2834.18,297,2,271,False,5.0,5.0,5.0,False
69,Loyal Actives,838.6374385038678,861.51,2866.46,97,1,268,False,5.0,3.0,5.0,False
70,Declining,17.123036072441657,7.0,41.04,13,28,245,False,1.0,5.0,2.0,False
71,Declining,329.25112939564775,165.73,1191.0,33,6,238,True,3.0,4.0,3.0,False
72,Loyal Actives,1041.7300019089892,1058.19,3254.46,40,2,269,False,5.0,3.0,3.0,False
73,Champions,386.25797467522034,15.03,1979.58,96,42,230,False,4.0,5.0,5.0,False
74,Loyal Actives,274.25164412693107,176.25,890.46,49,7,264,True,3.0,3.0,4.0,False
75,Declining,160.34712254669813,175.28,584.53,31,17,246,False,2.0,2.0,3.0,False
76,Declining,55.69177874213853,31.08,133.8,7,68,122,False,1.0,5.0,1.0,False
77,Loyal Actives,389.7240601763681,839.73,1502.38,26,8,210,True,4.0,3.0,3.0,False
78,Loyal Actives,413.4170379883893,602.85,1143.41,102,2,264,True,4.0,4.0,5.0,False
79,Loyal Actives,560.470939511817,358.85,2153.28,85,3,270,False,4.0,3.0,5.0,False
80,Loyal Actives,368.3169883830714,694.05,1297.73,43,3,270,True,4.0,5.0,4.0,False
81,Loyal Actives,309.20838561761695,162.32,1281.3,51,14,255,False,3.0,2.0,4.0,False
82,Declining,70.10667475551631,37.78,215.66,20,10,263,False,1.0,4.0,2.0,False
83,Loyal Actives,124.12713985949829,174.19,426.84,42,10,263,False,2.0,3.0,4.0,False
84,Loyal Actives,145.4656740262906,389.02,458.25,25,8,256,False,2.0,3.0,3.0,False
85,Loyal Actives,531.7853676404015,183.76,1855.37,91,4,268,True,4.0,5.0,5.0,False
86,Declining,451.4175194764066,591.59,1974.72,20,10,242,True,4.0,2.0,2.0,False
87,Declining,277.63868062112357,255.27,601.41,21,1,233,False,2.0,3.0,2.0,False
88,Loyal Actives,1286.358690824269,1309.28,5333.81,94,3,266,False,5.0,3.0,5.0,False
89,Declining,49.81273900489151,14.2,143.93,7,31,224,False,1.0,2.0,1.0,False
90,Truly Lapsed,59.017118847497336,63.88,84.24,1,75,0,False,1.0,1.0,1.0,False
91,Champions,505.9251773967612,718.55,1416.24,73,2,219,False,4.0,5.0,5.0,False
92,Loyal Actives,172.39725310063253,436.24,531.02,23,4,263,False,3.0,2.0,3.0,False
93,Declining,572.4556720384729,0.0,1684.74,49,7,265,False,4.0,1.0,3.0,False
94,Champions,40.01677164326703,149.34,125.81,16,36,230,False,1.0,2.0,2.0,False
95,Loyal Actives,833.9177310222864,1057.72,2981.64,114,2,271,False,5.0,5.0,5.0,False
96,Truly Lapsed,70.68958752708244,0.0,318.95,11,153,114,False,1.0,1.0,1.0,False
97,Champions,523.8066349958771,724.53,2373.5,89,5,267,True,5.0,5.0,5.0,False
98,Loyal Actives,274.5319924368816,1165.13,651.78,47,1,264,True,4.0,4.0,5.0,False
99,Loyal Actives,674.7378759115929,922.61,2548.9,93,3,266,False,5.0,3.0,5.0,False
100,Champions,418.78144568441047,283.11,1051.26,16,1,227,False,3.0,1.0,2.0,False
101,Champions,766.2931311908249,1559.34,2871.82,88,1,268,True,5.0,5.0,5.0,False
103,Declining,45.12497765512809,40.01,150.05,9,37,236,False,1.0,2.0,1.0,False
104,Loyal Actives,575.8723136082745,1833.18,2380.36,57,13,257,True,5.0,5.0,4.0,False
105,Loyal Actives,424.15036808806224,350.01,1777.36,67,6,265,True,4.0,3.0,4.0,False
106,Champions,228.76729057364673,539.11,347.18,15,3,176,False,3.0,5.0,3.0,False
107,Declining,8.075812879344015,161.52,29.25,3,203,63,False,1.0,1.0,1.0,False
108,Loyal Actives,251.09482313111292,406.76,1206.42,24,23,249,False,3.0,3.0,3.0,False
109,Loyal Actives,531.4191238446534,419.63,1703.59,60,5,260,True,4.0,2.0,4.0,False
110,Champions,290.15094670380176,602.48,1139.38,63,8,262,True,4.0,2.0,4.0,False
111,Loyal Actives,169.83085529018405,112.12,590.44,22,8,258,False,2.0,5.0,2.0,False
112,Champions,203.88359666263833,225.94,685.52,40,15,242,False,3.0,3.0,3.0,False
113,Champions,1590.72079378457,2300.56,6318.36,97,2,270,True,5.0,4.0,5.0,False
114,Loyal Actives,309.23833891923425,257.62,1106.52,26,12,257,True,3.0,2.0,3.0,False
115,Champions,1369.007664105524,2509.69,5432.26,87,4,262,False,5.0,4.0,5.0,False
116,Loyal Actives,91.5935558139362,78.7,319.49,36,12,259,False,2.0,4.0,3.0,False
117,Loyal Actives,298.48867578529837,332.8,1124.34,40,16,254,True,3.0,4.0,3.0,False
118,Loyal Actives,532.6392175015694,701.45,1906.88,37,5,266,True,4.0,3.0,3.0,False
119,Loyal Actives,311.50493982646066,714.19,1200.62,35,19,251,True,4.0,5.0,3.0,False
120,Truly Lapsed,39.20411325613251,0.0,131.37,8,80,162,False,1.0,1.0,1.0,False
121,Loyal Actives,263.88745684494256,180.84,1421.56,67,21,252,True,3.0,2.0,4.0,False
122,Declining,135.92195077437958,130.94,334.53,29,4,269,False,2.0,2.0,3.0,False
123,Loyal Actives,359.12501661126447,344.36,1365.48,73,3,269,True,4.0,4.0,4.0,False
124,Declining,124.28679578999078,11.8,236.08,20,1,252,False,1.0,5.0,2.0,False
125,Champions,1238.2722699200172,1370.87,3976.73,140,2,265,False,5.0,4.0,5.0,False
126,Declining,135.89129895608258,38.03,285.2,11,6,258,False,1.0,1.0,1.0,False
127,Champions,622.7161335383564,1079.03,2503.6,102,5,266,True,5.0,4.0,5.0,False
128,Loyal Actives,129.1059735836953,530.71,150.58,7,1,266,False,2.0,5.0,2.0,False
129,Declining,115.30088403772352,88.13,276.23,25,2,266,False,2.0,2.0,2.0,False
130,Truly Lapsed,25.671571353648908,0.0,48.07,4,220,16,False,1.0,1.0,1.0,False
131,Loyal Actives,612.9038007346578,760.05,2008.2,94,2,269,True,4.0,5.0,5.0,False
132,Loyal Actives,416.9465325716192,161.98,1439.19,56,6,267,False,3.0,2.0,4.0,False
133,Loyal Actives,564.3595707353968,541.74,1567.12,35,3,267,True,4.0,3.0,3.0,False
134,Loyal Actives,724.1409930063766,595.48,2176.08,31,2,260,True,4.0,2.0,3.0,False
135,Loyal Actives,98.9687454038615,113.46,236.02,27,7,262,False,1.0,4.0,3.0,False
136,Loyal Actives,409.68583108194497,111.1,1773.52,46,4,263,True,4.0,1.0,3.0,False
137,Declining,63.893849176189256,43.73,253.67,15,60,212,False,1.0,2.0,2.0,False
138,Loyal Actives,322.87631278039237,858.68,1329.73,22,10,248,False,4.0,2.0,3.0,False
139,Loyal Actives,588.5186951139985,518.54,1490.31,47,2,231,True,4.0,3.0,4.0,False
140,Declining,191.1484846964194,55.77,804.92,42,14,251,False,2.0,2.0,3.0,False
141,Declining,75.35656778511192,10.68,170.93,24,6,245,False,1.0,1.0,2.0,False
142,Loyal Actives,301.3954262845776,205.2,763.92,58,2,266,False,3.0,4.0,4.0,False
143,Champions,777.4902738112664,57.18,4262.52,251,8,264,False,5.0,2.0,5.0,False
144,Loyal Actives,291.95855009700944,106.78,1101.69,51,6,263,False,3.0,5.0,3.0,False
145,Declining,137.78093496091228,180.84,506.19,18,19,248,False,2.0,1.0,2.0,False
146,Declining,109.76816639837192,65.49,414.55,17,40,226,False,2.0,1.0,2.0,False
147,Declining,104.5039276528708,107.58,370.2,10,7,218,False,2.0,3.0,1.0,False
148,Declining,147.30294273600703,459.35,385.19,15,5,244,False,2.0,2.0,2.0,False
149,Champions,1136.814359302564,2391.84,4028.3,69,3,270,True,5.0,4.0,5.0,False
150,Declining,5.841067554381631,4.59,23.61,3,131,130,False,1.0,1.0,1.0,False
151,Declining,85.46803325414076,152.61,219.81,12,16,249,False,2.0,2.0,2.0,False
152,Declining,98.13776143436034,349.19,346.48,12,27,183,False,2.0,2.0,2.0,False
153,Declining,172.9774257797812,174.18,768.26,39,9,252,False,3.0,2.0,3.0,False
154,Declining,104.0596966957921,138.59,183.74,5,10,197,False,1.0,2.0,1.0,False
155,Loyal Actives,320.19190284292733,144.92,1076.49,21,8,263,True,3.0,4.0,2.0,False
156,Champions,425.88434656653726,338.33,1760.85,255,7,265,False,4.0,5.0,5.0,False
157,Loyal Actives,393.9003456560576,260.12,1192.72,75,2,267,True,3.0,1.0,4.0,False
158,Loyal Actives,363.8989027576848,150.04,908.99,86,3,270,True,3.0,3.0,5.0,False
159,Loyal Actives,303.5224838782488,349.93,922.85,34,2,259,True,3.0,3.0,3.0,False
160,Loyal Actives,115.32012438069896,272.09,363.29,16,13,225,False,2.0,4.0,2.0,False
161,Loyal Actives,598.9236001288523,1742.87,1941.05,94,1,238,True,5.0,5.0,5.0,False
162,Loyal Actives,553.2597008645685,551.29,1186.04,24,1,253,False,4.0,5.0,3.0,False
163,Truly Lapsed,11.559295877150731,0.59,21.69,6,113,22,False,1.0,1.0,1.0,False
164,Loyal Actives,493.3736357624151,859.32,1808.41,45,8,247,True,4.0,5.0,4.0,False
165,Champions,384.7405182644084,429.18,1164.23,67,4,267,True,3.0,5.0,5.0,False
166,Loyal Actives,372.56905752839737,620.09,1266.83,48,4,266,True,4.0,5.0,4.0,False
167,Declining,218.90189200224972,354.42,378.09,9,1,218,False,2.0,1.0,1.0,False
168,Champions,75.05293120519943,15.87,245.12,17,23,235,False,1.0,1.0,2.0,False
169,Champions,20.290037263994492,30.19,28.68,3,29,87,False,1.0,1.0,1.0,False
170,Declining,359.7139979328166,421.42,837.44,20,3,213,True,3.0,1.0,2.0,False
171,Declining,43.21288019851817,264.87,133.85,9,39,216,False,2.0,2.0,2.0,False
172,Champions,211.01506096744708,359.53,750.51,74,3,262,False,3.0,3.0,5.0,False
173,Truly Lapsed,80.90559687687718,0.0,228.99,8,164,48,False,1.0,1.0,1.0,False
174,Truly Lapsed,104.53821765212918,0.0,474.22,10,73,185,False,2.0,1.0,1.0,False
175,Declining,281.15619523684734,191.68,810.99,43,2,251,False,3.0,2.0,3.0,False
176,Champions,135.00496158668847,31.29,525.51,11,49,206,False,2.0,1.0,1.0,False
177,Loyal Actives,373.2578442735062,68.59,848.84,37,3,235,False,3.0,3.0,3.0,False
178,Declining,171.19396003437058,978.34,347.25,28,1,184,True,3.0,5.0,4.0,False
179,Declining,86.23319170071727,0.0,344.99,21,36,233,False,1.0,1.0,2.0,False
180,Loyal Actives,146.68867159290534,174.09,745.82,27,29,240,False,3.0,5.0,3.0,False
181,Truly Lapsed,257.28246323167565,173.48,476.98,10,10,127,False,2.0,1.0,1.0,False
182,Declining,162.40231007138166,151.54,682.08,19,26,212,False,2.0,2.0,2.0,False
183,Loyal Actives,273.1547391697458,49.94,711.58,59,3,270,False,2.0,5.0,4.0,False
184,Champions,816.168991564952,1399.91,3310.85,109,2,268,True,5.0,5.0,5.0,False
185,Loyal Actives,213.4527742433117,200.08,935.93,31,22,199,False,3.0,5.0,3.0,False
186,Single-Trip,8.38141510260311,0.0,38.41,1,169,0,False,,,,False
187,Declining,57.248448716933574,33.48,167.15,15,14,252,False,1.0,2.0,2.0,False
188,Declining,205.114409830756,7.18,1078.93,15,175,97,False,3.0,1.0,2.0,False
189,Champions,157.85936360323242,82.37,462.49,20,5,247,False,2.0,2.0,2.0,False
190,Declining,82.75775598007937,70.46,313.12,13,34,196,False,2.0,1.0,1.0,False
191,Declining,106.15065896704782,182.61,125.51,8,1,178,False,1.0,2.0,2.0,False
192,Loyal Actives,434.22936569601376,501.55,1406.6,38,7,263,True,4.0,3.0,3.0,False
193,Champions,645.4404111081152,492.45,2458.61,59,6,255,True,4.0,3.0,4.0,False
194,Loyal Actives,175.93705122471334,184.16,545.62,20,8,255,False,2.0,4.0,2.0,False
195,Champions,555.0057131981673,247.77,1621.77,30,1,271,False,4.0,1.0,3.0,False
196,Loyal Actives,532.7448408085584,899.81,2139.97,89,8,263,False,5.0,5.0,5.0,False
197,Loyal Actives,257.8403420311947,680.27,818.98,26,8,262,False,3.0,2.0,3.0,False
198,Loyal Actives,820.2109707175977,817.18,3787.85,218,7,266,True,5.0,4.0,5.0,False
199,Declining,56.702372561292535,167.5,102.26,18,4,247,False,1.0,2.0,2.0,False
200,Truly Lapsed,181.1828767929072,555.01,247.49,29,3,75,False,2.0,2.0,4.0,False
201,Loyal Actives,263.56788125998935,570.66,554.42,18,2,270,True,3.0,4.0,3.0,False
202,Declining,41.772125701152405,97.0,126.48,11,63,193,False,1.0,1.0,1.0,False
203,Champions,181.92887899810643,33.48,559.54,21,9,256,False,2.0,1.0,2.0,False
204,Declining,67.50239421618328,53.47,181.2,18,16,254,False,1.0,2.0,2.0,False
205,Loyal Actives,695.7462765953368,848.38,1794.09,56,1,224,False,4.0,5.0,4.0,False
207,Declining,138.66990376055674,322.64,273.85,7,10,258,False,2.0,2.0,1.0,False
208,Loyal Actives,896.1115448756431,551.25,1667.69,56,1,268,True,4.0,4.0,4.0,False
209,Champions,933.8994929923784,1070.16,3426.09,91,2,265,True,5.0,3.0,5.0,False
210,Loyal Actives,646.3851820699754,603.45,1819.26,68,1,271,False,4.0,5.0,5.0,False
211,Loyal Actives,257.95424791503257,168.39,768.9,41,2,245,True,3.0,4.0,4.0,False
212,Loyal Actives,408.0417961086791,430.01,1253.42,50,7,260,True,4.0,3.0,4.0,False
213,Declining,99.38910883323028,0.0,294.56,3,36,229,False,1.0,1.0,1.0,False
214,Loyal Actives,466.16527697307544,480.41,1282.71,41,2,271,True,4.0,5.0,4.0,False
215,Loyal Actives,318.3666026037634,334.5,698.14,62,1,266,False,3.0,4.0,4.0,False
216,Loyal Actives,359.00571397830157,606.75,1119.63,45,3,261,True,4.0,3.0,4.0,False
217,Champions,267.9322457071232,291.07,984.07,26,12,260,False,3.0,3.0,3.0,False
218,Champions,1399.2875229091333,1243.3,4459.79,81,1,272,True,5.0,5.0,5.0,False
219,Loyal Actives,1503.5723998795684,1660.66,5152.89,101,1,271,True,5.0,4.0,5.0,False
220,Champions,447.3164107907379,289.4,1201.75,38,1,263,True,3.0,2.0,3.0,False
221,Loyal Actives,309.4171242191928,539.89,1256.25,40,6,260,True,4.0,4.0,3.0,False
222,Loyal Actives,408.17018602933086,458.23,1683.66,38,13,252,True,4.0,4.0,3.0,False
223,Loyal Actives,401.9368987377643,166.11,1013.06,31,1,269,False,3.0,5.0,3.0,False
224,Loyal Actives,166.79827633282528,401.51,850.77,24,16,243,False,3.0,3.0,3.0,False
225,Declining,89.51515665275672,49.28,259.55,13,20,235,False,1.0,2.0,2.0,False
226,Declining,47.97160598413487,10.45,217.78,6,153,117,False,1.0,2.0,1.0,False
227,Loyal Actives,119.94403395945602,282.19,493.28,49,6,267,False,2.0,5.0,4.0,False
228,Declining,293.4242260846279,181.36,1523.53,33,7,245,False,4.0,2.0,3.0,False
229,Declining,140.0062090350741,26.89,562.75,24,16,256,False,2.0,1.0,2.0,False
230,Loyal Actives,466.06713382101645,671.91,2030.48,73,3,270,True,4.0,5.0,5.0,False
231,Single-Trip,1.9304366128912511,0.0,7.5,1,105,0,False,,,,False
232,Champions,1279.5613760478589,1114.53,4781.41,169,1,272,True,5.0,3.0,5.0,False
233,Declining,27.98931323637171,226.77,48.74,4,148,62,False,1.0,3.0,1.0,False
234,Truly Lapsed,36.94275202511721,0.0,54.99,5,20,69,False,1.0,1.0,1.0,False
235,Loyal Actives,1155.3963600807515,1762.21,3773.62,68,1,272,True,5.0,4.0,4.0,False
236,Declining,127.55281505216205,138.38,276.42,11,1,233,False,2.0,4.0,1.0,False
237,Truly Lapsed,17.798904981976406,0.0,14.72,2,91,99,False,1.0,1.0,1.0,False
238,Declining,52.31575558495843,216.15,77.9,7,9,259,False,1.0,3.0,1.0,False
239,Loyal Actives,693.3081045647397,594.67,1704.1,110,2,271,True,4.0,3.0,5.0,False
240,Single-Trip,1.7564607008996682,0.0,4.49,1,124,0,False,,,,False
241,Declining,27.460451481581185,20.76,78.42,7,122,113,False,1.0,1.0,1.0,False
242,Loyal Actives,668.7979450061877,541.47,1980.39,30,2,264,True,4.0,4.0,3.0,False
243,Champions,877.040774088661,1215.3,3429.49,103,9,261,True,5.0,3.0,5.0,False
244,Loyal Actives,165.2081520541131,285.7,608.32,17,23,233,False,3.0,3.0,2.0,False
245,Champions,122.05373416738828,533.74,382.9,18,7,266,False,3.0,4.0,2.0,False
246,Loyal Actives,109.09449789185771,29.73,361.65,21,11,260,False,2.0,4.0,2.0,False
247,Loyal Actives,206.5504838726583,432.18,480.93,27,1,263,False,3.0,3.0,3.0,False
248,Loyal Actives,501.574985220731,1387.08,1524.46,15,6,260,True,4.0,3.0,3.0,False
249,Loyal Actives,331.818194806204,968.84,904.96,54,6,261,True,4.0,3.0,4.0,False
250,Loyal Actives,625.2952280133862,1566.42,2569.84,53,7,263,True,5.0,4.0,4.0,False
251,Loyal Actives,232.17250705691316,238.49,815.26,34,8,259,False,3.0,3.0,3.0,False
252,Truly Lapsed,14.301666620962184,0.0,30.95,5,108,138,False,1.0,1.0,1.0,False
253,Loyal Actives,1013.8131972364804,1614.77,3668.63,138,1,271,True,5.0,3.0,5.0,False
254,Declining,50.28460214243163,105.81,149.38,14,29,221,False,1.0,3.0,2.0,False
255,Declining,92.34321576305511,84.58,207.65,7,15,211,False,1.0,3.0,1.0,False
256,Loyal Actives,1201.8470556407055,1385.21,3708.67,39,4,263,True,5.0,2.0,3.0,False
257,Loyal Actives,250.2377230502928,510.4,1117.54,53,6,263,True,4.0,3.0,4.0,False
258,Loyal Actives,305.163560072353,161.14,1019.42,98,3,268,False,3.0,4.0,5.0,False
259,Loyal Actives,218.4518875189932,141.72,705.9,30,11,261,False,2.0,2.0,3.0,False
260,Declining,58.52660292681867,51.32,190.18,9,93,162,False,1.0,2.0,1.0,False
261,Truly Lapsed,179.00027545440628,0.0,438.62,17,22,152,False,2.0,1.0,2.0,False
262,Loyal Actives,826.8642973070444,353.05,2140.98,70,1,268,False,4.0,5.0,4.0,False
263,Loyal Actives,725.1217416702123,814.36,2889.75,155,3,270,True,5.0,5.0,5.0,False
264,Loyal Actives,239.21882507990304,172.6,890.3,31,6,261,True,3.0,2.0,3.0,False
265,Declining,354.7246692011927,75.94,1489.17,21,21,248,False,3.0,1.0,2.0,False
266,Loyal Actives,314.0691863886974,392.4,958.48,17,6,260,False,3.0,2.0,2.0,False
267,Declining,77.19500610406716,23.84,222.9,11,26,146,False,1.0,3.0,1.0,False
268,Declining,226.45372105361588,66.52,457.59,17,1,230,False,2.0,2.0,2.0,False
269,Declining,153.51693861906475,374.42,427.18,11,9,209,False,2.0,3.0,2.0,False
270,Declining,105.4824221341298,116.11,472.0,12,74,138,False,2.0,1.0,2.0,False
271,Declining,79.40927333861715,59.59,239.11,27,21,249,False,1.0,3.0,2.0,False
272,Single-Trip,32.7116521673664,0.0,29.48,1,101,0,False,,,,False
273,Loyal Actives,421.1051618288771,736.45,1069.73,64,1,271,False,4.0,5.0,5.0,False
274,Declining,17.96859841065527,51.23,34.5,4,111,68,False,1.0,2.0,1.0,False
275,Champions,781.6282462486262,1226.75,2765.62,139,1,268,False,5.0,5.0,5.0,False
276,Champions,747.4942433296725,887.25,3472.21,103,4,267,True,5.0,5.0,5.0,False
277,Declining,124.07677183325416,241.58,340.58,8,6,238,False,2.0,3.0,1.0,False
278,Declining,223.94882163467145,67.34,841.2,33,5,267,False,3.0,2.0,3.0,False
279,Champions,315.50263653309,377.15,1076.21,32,34,234,False,3.0,3.0,3.0,False
280,Champions,179.56117019599608,395.33,1005.38,46,21,248,False,3.0,2.0,4.0,False
281,Loyal Actives,218.35299934893857,136.14,599.17,32,3,269,True,2.0,2.0,3.0,False
282,Loyal Actives,433.4865055253773,584.78,1733.27,52,25,241,True,4.0,5.0,4.0,False
283,Loyal Actives,679.5700768892914,1780.25,2109.19,26,7,245,True,5.0,4.0,3.0,False
284,Truly Lapsed,17.640757580609936,0.0,49.39,3,122,93,False,1.0,1.0,1.0,False
285,Loyal Actives,402.65714800213937,796.05,1349.19,71,2,267,False,4.0,5.0,5.0,False
286,Declining,80.52684456184672,302.55,441.83,17,90,180,False,2.0,2.0,2.0,False
287,Loyal Actives,390.0306437100268,521.74,1504.82,121,6,266,False,4.0,5.0,5.0,False
288,Champions,332.5374814149483,210.99,1193.25,35,12,251,False,3.0,2.0,3.0,False
289,Loyal Actives,723.4817607321572,1161.28,2476.47,82,3,268,True,5.0,5.0,5.0,False
290,Loyal Actives,790.2525466297448,959.17,3516.1,186,4,269,True,5.0,5.0,5.0,False
291,Loyal Actives,581.361056351893,494.07,1507.71,35,1,267,False,4.0,3.0,3.0,False
292,Declining,57.77912225361791,108.33,223.98,22,36,235,False,1.0,2.0,2.0,False
293,Loyal Actives,462.0352395361051,527.27,1785.53,53,16,248,False,4.0,2.0,4.0,False
294,Loyal Actives,638.1328564876761,636.12,2054.13,97,2,270,True,4.0,5.0,5.0,False
295,Truly Lapsed,23.72986570824739,0.0,113.04,3,112,105,False,1.0,1.0,1.0,False
296,Champions,8.0184640981714,44.21,20.01,2,179,83,False,1.0,2.0,1.0,False
297,Loyal Actives,290.37530600193844,1294.83,814.71,31,1,268,False,4.0,5.0,4.0,False
298,Single-Trip,2.535885030929415,0.0,16.32,1,266,0,False,,,,False
299,Truly Lapsed,29.789969284156687,0.0,53.13,3,17,244,False,1.0,1.0,1.0,False
300,Loyal Actives,315.5756677632704,474.92,1302.58,39,14,258,True,4.0,4.0,4.0,False
301,Loyal Actives,848.3152985800212,1095.31,3372.32,38,7,243,True,5.0,4.0,3.0,False
302,Loyal Actives,277.4561549398191,206.14,814.07,38,2,259,True,3.0,5.0,4.0,False
303,Loyal Actives,657.2940079567595,671.98,2615.32,114,3,265,False,5.0,3.0,5.0,False
304,Champions,967.89852944518,1411.26,3488.88,136,2,271,True,5.0,5.0,5.0,False
305,Loyal Actives,637.4768047958362,550.37,1522.99,57,1,266,False,4.0,4.0,4.0,False
306,Champions,611.2835775322187,1596.33,1970.0,71,2,267,True,5.0,5.0,5.0,False
307,Loyal Actives,329.2563573000764,465.76,1160.66,183,1,271,False,4.0,4.0,5.0,False
308,Loyal Actives,219.06729667488833,817.49,801.26,36,12,231,False,3.0,4.0,4.0,False
309,Declining,310.96846364896857,205.75,1108.96,10,8,264,True,3.0,2.0,1.0,False
310,Single-Trip,88.22796828594025,0.0,30.21,2,7,0,False,,,,False
311,Declining,308.4787568085238,79.94,704.88,20,1,271,False,2.0,2.0,2.0,False
312,Declining,314.72616729550236,218.54,1325.33,20,19,249,False,3.0,1.0,2.0,False
314,Declining,330.29891222989437,552.77,1166.05,15,6,235,True,4.0,3.0,2.0,False
315,Truly Lapsed,31.114332431751237,16.96,75.21,4,50,98,False,1.0,2.0,1.0,False
316,Loyal Actives,75.06943424624914,297.51,212.08,16,7,243,False,2.0,4.0,2.0,False
317,Loyal Actives,643.3915775688878,597.88,2660.89,25,18,254,True,5.0,3.0,2.0,False
318,Declining,217.31949071445663,55.43,530.11,49,3,264,False,2.0,1.0,3.0,False
319,Champions,416.3508624185072,534.48,1682.79,43,8,252,True,4.0,2.0,4.0,False
320,Declining,130.13233649861235,89.49,263.76,9,15,147,False,1.0,4.0,1.0,False
321,Loyal Actives,585.9375941881226,802.04,2430.19,50,12,257,True,5.0,3.0,4.0,False
322,Declining,181.9612250428318,143.7,819.42,24,34,217,False,3.0,1.0,2.0,False
323,Truly Lapsed,36.11462364479908,0.0,35.64,5,2,231,False,1.0,1.0,1.0,False
324,Champions,995.291816767911,864.33,3683.02,65,3,270,True,5.0,5.0,4.0,False
325,Loyal Actives,297.98104312502073,444.96,864.51,25,2,249,True,3.0,5.0,3.0,False
326,Declining,45.44854274687708,149.08,122.03,8,49,149,False,1.0,5.0,1.0,False
327,Truly Lapsed,4.45211886289406,0.0,10.01,2,143,11,False,1.0,1.0,1.0,False
328,Loyal Actives,2151.1042191132306,1805.92,7387.83,104,1,270,False,5.0,4.0,5.0,False
329,Loyal Actives,522.9236815138324,659.83,1200.12,68,1,270,True,4.0,3.0,4.0,False
330,Champions,334.6816053648406,99.97,1377.38,141,5,267,False,3.0,1.0,5.0,False
331,Declining,230.61017144074975,200.62,673.96,40,6,261,False,3.0,1.0,3.0,False
332,Loyal Actives,599.0390108498132,898.01,2348.84,48,8,260,True,5.0,4.0,4.0,False
333,Declining,214.32334754303844,79.26,569.06,15,6,259,False,2.0,1.0,2.0,False
334,Loyal Actives,724.6063172429743,222.0,2315.5,246,1,271,True,4.0,4.0,5.0,False
335,Loyal Actives,439.8257883696902,321.22,1368.72,64,3,269,False,4.0,4.0,4.0,False
336,Champions,442.2162147618865,689.34,1807.06,65,4,263,False,4.0,1.0,4.0,False
337,Declining,136.80198532675888,105.36,434.93,29,12,260,False,2.0,1.0,3.0,False
338,Loyal Actives,226.4788091489086,451.5,1126.2,76,9,261,False,3.0,5.0,5.0,False
339,Loyal Actives,188.71786453280583,149.92,811.24,28,9,255,False,3.0,4.0,3.0,False
340,Declining,162.91194755267793,37.99,549.53,10,7,258,False,2.0,2.0,1.0,False
341,Declining,77.04798646587136,9.18,146.54,10,23,117,False,1.0,2.0,1.0,False
342,Loyal Actives,189.8996448799895,297.71,896.89,20,16,247,False,3.0,2.0,2.0,False
343,Declining,247.19947294328503,179.71,619.39,24,1,272,False,2.0,5.0,3.0,False
344,Declining,125.33089503226198,133.21,375.08,8,15,254,False,2.0,2.0,1.0,False
345,Loyal Actives,576.4273777969777,1462.42,2200.45,74,6,264,False,5.0,3.0,5.0,False
346,Loyal Actives,753.0948040645186,1443.55,2789.13,71,4,266,True,5.0,4.0,4.0,False
347,Declining,44.82324089139107,22.25,121.08,3,71,190,False,1.0,5.0,1.0,False
348,Loyal Actives,265.8540083636163,1103.77,1296.2,60,15,250,False,4.0,4.0,5.0,False
349,Declining,65.73723581111341,242.12,123.68,7,14,257,False,2.0,3.0,1.0,False
350,Champions,323.10594019404243,616.07,993.33,32,11,256,True,3.0,3.0,3.0,False
351,Loyal Actives,1006.3864623498794,1081.6,3928.35,133,3,269,True,5.0,4.0,5.0,False
352,,,,,,,,False,,,,True
353,Loyal Actives,433.2893391879674,985.28,1603.16,51,7,254,True,4.0,3.0,4.0,False
354,Loyal Actives,835.6358043018031,1162.67,2899.79,58,11,261,True,5.0,5.0,4.0,False
355,Truly Lapsed,32.5180813208972,0.0,144.06,3,187,71,False,1.0,1.0,1.0,False
356,Champions,367.31712798045686,392.97,1232.48,73,2,268,False,4.0,5.0,5.0,False
357,Loyal Actives,148.69570621862212,581.63,591.81,10,8,254,False,3.0,4.0,2.0,False
358,Loyal Actives,1436.4306581383216,1666.39,6114.07,173,2,270,True,5.0,5.0,5.0,False
360,Declining,48.97043439729139,51.38,128.06,17,19,246,False,1.0,1.0,2.0,False
361,Loyal Actives,787.3330386117634,1312.41,3043.12,71,4,268,True,5.0,3.0,5.0,False
362,Loyal Actives,539.7301733466294,360.01,1250.34,36,1,271,True,3.0,3.0,3.0,False
363,Truly Lapsed,13.25536867791106,6.99,34.41,2,86,53,False,1.0,1.0,1.0,False
364,Loyal Actives,235.88139954029737,75.06,822.8,29,9,255,False,3.0,3.0,3.0,False
365,Loyal Actives,546.2038069401856,826.09,2475.38,52,17,256,False,5.0,3.0,4.0,False
366,Declining,78.38559060427886,18.05,221.02,25,7,266,False,1.0,1.0,2.0,False
367,Loyal Actives,714.2131452602308,1119.96,2711.34,45,13,260,True,5.0,4.0,4.0,False
368,Declining,18.301910017924975,214.36,49.74,5,166,100,False,1.0,3.0,1.0,False
369,Declining,138.09677212669789,22.8,662.38,16,28,238,False,2.0,2.0,2.0,False
370,Truly Lapsed,558.0283676777218,0.0,1885.22,77,2,174,True,4.0,1.0,4.0,False
371,Loyal Actives,1743.6919968226457,3044.4,6581.09,72,2,268,True,5.0,4.0,5.0,False
372,Truly Lapsed,63.09660246875754,0.0,197.78,4,62,196,False,1.0,1.0,1.0,False
373,Truly Lapsed,22.293724651074022,9.92,9.85,1,22,0,False,1.0,1.0,1.0,False
374,Loyal Actives,1082.402207866602,756.95,3389.1,67,1,267,False,5.0,4.0,4.0,False
375,Declining,30.051648953891245,86.28,38.56,7,2,245,False,1.0,3.0,1.0,False
376,Loyal Actives,632.7033874248214,440.64,2004.98,215,1,272,False,4.0,5.0,5.0,False
377,Loyal Actives,363.885058252777,559.43,814.33,49,1,265,True,3.0,4.0,4.0,False
378,Loyal Actives,568.0258807745652,487.64,1787.77,134,1,271,True,4.0,4.0,5.0,False
380,Loyal Actives,952.7844442035856,1138.92,3237.9,57,2,268,False,5.0,3.0,4.0,False
381,Loyal Actives,291.98761656999466,552.5,807.65,26,5,245,True,3.0,5.0,3.0,False
382,Declining,39.705911323717984,27.3,86.67,6,49,204,False,1.0,1.0,1.0,False
383,Loyal Actives,580.4960370317219,837.47,2593.82,65,9,260,True,5.0,2.0,4.0,False
384,Loyal Actives,443.088693811059,987.06,1288.19,26,4,265,False,4.0,4.0,3.0,False
385,Declining,400.8450761331643,849.56,852.38,11,2,207,True,4.0,3.0,2.0,False
386,Loyal Actives,512.5846803563703,512.09,2009.32,108,3,255,True,4.0,5.0,5.0,False
387,Loyal Actives,652.622417146964,802.68,2389.27,64,6,266,True,5.0,1.0,4.0,False
388,Loyal Actives,97.55010567408968,156.78,492.07,20,29,244,False,2.0,3.0,2.0,False
389,Loyal Actives,1512.1366942897132,2057.68,6763.07,115,3,268,True,5.0,5.0,5.0,False
390,Loyal Actives,304.2955036953134,254.14,640.4,35,1,269,True,3.0,4.0,3.0,False
391,Declining,494.76723840865577,338.69,992.4,27,1,166,True,3.0,1.0,3.0,False
392,Loyal Actives,1244.993809271721,2190.32,4824.54,48,7,265,True,5.0,3.0,4.0,False
393,Loyal Actives,512.7897644893114,830.18,1769.23,89,3,268,False,4.0,5.0,5.0,False
394,Loyal Actives,260.14169170082414,247.97,1057.88,41,31,232,False,3.0,4.0,3.0,False
395,Loyal Actives,117.73674983666588,97.67,383.89,33,5,264,True,2.0,4.0,3.0,False
396,Loyal Actives,334.21472963298544,399.41,884.7,55,3,254,False,3.0,5.0,4.0,False
397,Champions,807.5714086011824,833.78,2474.65,102,2,269,False,5.0,4.0,5.0,False
398,Champions,213.64378101315887,202.14,982.77,70,15,248,False,3.0,2.0,4.0,False
399,Truly Lapsed,116.10633138490908,0.0,292.46,8,32,172,False,1.0,1.0,1.0,False
400,Loyal Actives,1969.4454090734207,3109.74,8659.29,143,1,272,True,5.0,5.0,5.0,False
401,Loyal Actives,304.07362716514854,838.61,770.77,33,1,243,False,3.0,3.0,4.0,False
402,Champions,337.59982959959456,220.04,1190.71,41,4,268,False,3.0,3.0,3.0,False
403,Declining,108.7471709017972,144.48,360.3,14,15,168,False,2.0,3.0,2.0,False
404,Loyal Actives,625.7508115719406,480.67,2305.17,99,5,267,True,4.0,4.0,5.0,False
405,Champions,501.5910954465341,395.63,1552.03,44,1,258,False,4.0,3.0,4.0,False
406,Declining,199.5197118151345,576.47,579.1,19,43,139,False,3.0,4.0,3.0,False
407,Truly Lapsed,86.22381940807163,51.21,283.87,18,46,103,False,1.0,1.0,2.0,False
408,Loyal Actives,287.08459397819405,541.82,1129.43,28,24,240,False,4.0,3.0,3.0,False
409,Champions,641.1376209370226,572.02,1719.81,54,2,266,True,4.0,3.0,4.0,False
410,Loyal Actives,210.1641599864084,223.66,563.54,69,1,271,True,2.0,2.0,4.0,False
411,Loyal Actives,750.0790250890542,1640.37,2988.35,71,5,265,True,5.0,4.0,5.0,False
412,Loyal Actives,357.0381650461868,320.55,1146.61,52,8,261,True,3.0,3.0,4.0,False
413,Champions,975.2570189971988,582.57,3449.16,164,1,271,True,5.0,5.0,5.0,False
414,Loyal Actives,341.92905331636615,300.78,1365.67,77,12,259,False,4.0,5.0,5.0,False
415,Declining,57.77795822244295,67.73,38.13,1,268,0,False,1.0,1.0,1.0,False
416,Declining,147.00724760715727,37.37,491.9,6,89,144,False,2.0,1.0,1.0,False
417,Loyal Actives,395.068740807617,480.67,1166.5,39,1,271,True,4.0,5.0,3.0,False
418,Loyal Actives,1026.1137043540384,1385.93,3575.87,100,3,269,True,5.0,5.0,5.0,False
419,Loyal Actives,197.76346371981967,35.45,862.57,24,49,196,False,3.0,3.0,2.0,False
420,Loyal Actives,193.46566146483292,8.58,407.66,15,1,272,False,2.0,4.0,2.0,False
421,Champions,842.7540922847419,624.03,2311.11,69,1,271,False,4.0,4.0,4.0,False
422,Declining,156.34834682410388,146.37,603.22,11,50,183,False,2.0,2.0,1.0,False
423,Truly Lapsed,141.4472261352489,63.75,152.92,8,4,124,False,1.0,1.0,1.0,False
424,Loyal Actives,320.7336333911927,1319.18,681.73,9,4,248,False,4.0,3.0,2.0,False
425,Loyal Actives,471.5023849492394,521.19,1929.79,55,6,267,False,4.0,2.0,4.0,False
426,Champions,1159.9771598873065,1099.76,3711.48,107,2,268,True,5.0,4.0,5.0,False
427,Declining,75.2710601248015,230.41,234.68,14,171,93,False,2.0,3.0,2.0,False
428,Loyal Actives,462.43369042327384,316.04,1626.91,45,4,266,True,4.0,1.0,3.0,False
429,Declining,64.39369061404652,75.45,192.74,19,9,261,False,1.0,1.0,2.0,False
430,Loyal Actives,51.81380222380019,1125.9,162.56,17,12,254,False,3.0,5.0,3.0,False
431,Declining,62.57388674236418,127.67,223.99,14,42,228,False,1.0,1.0,2.0,False
432,Loyal Actives,346.67111610536193,446.26,1594.39,115,4,269,True,4.0,4.0,5.0,False
433,Loyal Actives,67.39739085445134,116.58,164.97,20,5,257,False,1.0,5.0,2.0,False
434,Loyal Actives,660.3978500635526,465.25,1720.86,53,1,272,True,4.0,5.0,4.0,False
435,Declining,107.1941126552224,183.19,370.25,29,13,221,False,2.0,3.0,3.0,False
436,Declining,211.04046174358177,361.95,788.9,11,27,218,False,3.0,2.0,1.0,False
437,Champions,579.0475499744412,582.76,1659.32,31,3,265,True,4.0,2.0,3.0,False
438,Loyal Actives,904.5315656048696,1003.43,2242.61,37,1,237,True,5.0,4.0,3.0,False
439,Declining,18.465380289817972,62.85,47.01,3,208,26,False,1.0,2.0,1.0,False
440,Single-Trip,23.59286414042332,0.0,28.77,2,69,0,False,,,,False
441,Loyal Actives,371.054529517786,308.34,1078.75,37,2,266,True,3.0,3.0,3.0,False
442,Champions,416.3266244042604,616.03,1163.78,65,1,262,True,4.0,5.0,5.0,False
443,Loyal Actives,477.9810029348352,516.16,1481.26,49,2,268,True,4.0,3.0,4.0,False
444,Declining,111.93187331632704,115.27,583.24,22,63,209,False,2.0,1.0,2.0,False
445,Loyal Actives,464.77850539686744,55.48,1572.59,135,4,268,False,4.0,2.0,5.0,False
446,Declining,51.375650492845885,33.94,87.65,15,7,218,False,1.0,3.0,2.0,False
447,Loyal Actives,112.3369000779922,121.46,331.99,29,39,232,False,2.0,3.0,3.0,False
448,Loyal Actives,38.52473611048305,198.69,83.51,13,20,249,False,1.0,5.0,2.0,False
449,Declining,47.00852567095142,106.46,178.86,10,80,105,False,1.0,3.0,1.0,False
450,Loyal Actives,236.25558388594595,209.02,621.75,28,1,265,False,2.0,5.0,3.0,False
451,Loyal Actives,393.57739233816955,469.46,1032.08,66,1,268,True,3.0,3.0,5.0,False
452,Truly Lapsed,133.60055102067102,0.0,554.13,16,28,211,False,2.0,1.0,1.0,False
453,Declining,82.28399283870074,51.67,192.5,12,7,228,False,1.0,1.0,1.0,False
454,Loyal Actives,743.7879054488309,1041.83,3180.36,117,4,268,True,5.0,4.0,5.0,False
455,Declining,180.19101492282556,42.19,631.01,7,23,247,False,2.0,1.0,1.0,False
456,Loyal Actives,792.2082985851604,721.2,2496.65,44,3,262,True,5.0,3.0,3.0,False
457,Loyal Actives,80.79628468333739,160.97,247.79,37,6,259,False,2.0,5.0,3.0,False
458,Loyal Actives,249.59769025011428,120.45,870.77,63,11,258,True,3.0,2.0,4.0,False
459,Declining,217.48661707640076,186.94,617.41,36,2,262,False,2.0,2.0,3.0,False
460,Loyal Actives,84.51277475341534,153.28,231.4,46,9,263,True,2.0,4.0,4.0,False
461,Champions,91.82855917401486,104.94,266.99,14,8,250,False,2.0,2.0,2.0,False
462,Loyal Actives,203.4377176947527,228.41,604.76,41,3,269,True,2.0,2.0,3.0,False
463,Champions,659.880110103521,910.38,2284.55,262,1,271,False,5.0,5.0,5.0,False
464,Champions,554.7082208157476,518.33,1416.69,68,5,265,True,4.0,4.0,4.0,False
465,Declining,38.77218460040239,13.28,117.4,22,14,236,False,1.0,2.0,2.0,False
466,Declining,115.01415913185866,209.38,194.05,7,5,216,False,2.0,4.0,1.0,False
467,Loyal Actives,326.9583874649742,717.32,1007.69,74,3,265,False,4.0,4.0,5.0,False
468,Loyal Actives,686.7952152003633,1163.0,2312.91,154,1,271,False,5.0,4.0,5.0,False
469,Loyal Actives,841.0473549730759,1065.93,2843.21,66,5,268,True,5.0,3.0,4.0,False
470,Loyal Actives,425.967990194269,225.28,985.44,67,1,268,False,3.0,3.0,4.0,False
471,Loyal Actives,155.71531815937004,172.66,404.52,16,4,264,False,2.0,2.0,2.0,False
472,Loyal Actives,1379.2915784315403,200.46,3926.07,43,1,266,False,5.0,1.0,3.0,False
473,Champions,488.9690220106483,475.1,1422.78,34,1,270,True,4.0,4.0,3.0,False
474,Declining,87.46874739458559,911.7,167.27,6,12,206,False,3.0,4.0,2.0,False
475,Loyal Actives,132.11793042632797,184.82,624.07,21,36,236,False,2.0,3.0,2.0,False
476,Declining,184.33840571915795,55.71,758.19,17,27,146,False,2.0,3.0,2.0,False
477,Champions,60.125832636703066,153.67,181.76,18,10,235,False,1.0,4.0,2.0,False
478,Declining,60.55859414877488,17.51,77.1,7,2,267,False,1.0,1.0,1.0,False
479,Loyal Actives,235.63401429224675,54.0,743.7,33,8,265,False,2.0,5.0,3.0,False
480,Champions,201.2448512669236,625.23,740.92,19,33,180,False,3.0,2.0,3.0,False
481,Loyal Actives,155.47327330141178,160.85,602.7,9,58,199,False,2.0,5.0,1.0,False
482,Loyal Actives,125.15894835153571,37.82,555.09,32,13,255,False,2.0,3.0,3.0,False
483,Loyal Actives,419.2336433326088,381.26,1324.04,49,2,265,True,4.0,3.0,4.0,False
484,Loyal Actives,456.181306913069,662.4,1205.6,56,1,266,True,4.0,3.0,4.0,False
485,Champions,464.5380514817912,821.38,2007.27,69,5,268,True,4.0,4.0,4.0,False
486,Declining,124.22585186655962,281.61,445.3,15,100,170,False,2.0,2.0,2.0,False
487,Truly Lapsed,37.17702140830697,43.9,45.94,4,8,139,False,1.0,1.0,1.0,False
488,Declining,35.56659163073368,56.87,135.1,7,73,123,False,1.0,3.0,1.0,False
489,Champions,860.67420409597,1089.91,2733.1,83,1,269,True,5.0,5.0,5.0,False
490,Loyal Actives,652.815572068796,564.43,1393.25,30,2,264,True,4.0,3.0,3.0,False
491,Champions,482.7810581967204,825.05,1592.41,43,8,249,True,4.0,3.0,4.0,False
492,Champions,1195.7279295194649,1098.19,3867.67,69,2,265,True,5.0,2.0,4.0,False
493,Loyal Actives,785.2083911418631,821.58,2260.9,91,1,272,True,5.0,5.0,5.0,False
495,Loyal Actives,376.75371035940657,465.83,1417.98,39,10,257,False,4.0,3.0,3.0,False
496,Truly Lapsed,,,,,,,False,1.0,1.0,1.0,True
497,Declining,64.6024378476058,78.11,242.82,21,22,250,False,1.0,3.0,2.0,False
498,Declining,255.69058930787756,106.63,692.36,41,2,198,False,2.0,2.0,3.0,False
499,Truly Lapsed,31.90958699900575,0.0,25.02,2,13,9,False,1.0,1.0,1.0,False
500,Truly Lapsed,23.843915992076884,0.0,68.6,2,105,51,False,1.0,1.0,1.0,False
501,Declining,46.48020377402291,218.75,142.54,8,54,214,False,2.0,2.0,1.0,False
502,Declining,181.16812367490616,24.3,900.25,21,60,192,False,3.0,2.0,2.0,False
503,Loyal Actives,693.971187078072,858.94,1891.94,64,1,271,False,4.0,5.0,4.0,False
504,Declining,102.47195135987262,158.78,232.86,4,13,247,False,2.0,1.0,1.0,False
505,Truly Lapsed,30.57857066438487,76.57,45.36,4,14,106,False,1.0,3.0,1.0,False
506,Declining,255.96813985906428,198.26,484.96,13,1,261,False,2.0,2.0,2.0,False
507,Declining,179.33965280248506,53.83,642.79,21,4,260,False,2.0,2.0,2.0,False
508,Declining,89.47490094810749,170.65,408.13,18,26,246,False,2.0,2.0,2.0,False
509,Declining,47.45112161022311,28.79,131.24,7,58,172,False,1.0,1.0,1.0,False
510,Champions,984.6760932342776,1070.31,3364.0,154,2,269,True,5.0,5.0,5.0,False
511,Champions,619.9289768184486,752.44,2250.08,144,1,271,False,5.0,5.0,5.0,False
513,Loyal Actives,1308.9976528647628,1558.95,4804.47,66,1,270,True,5.0,3.0,4.0,False
514,Loyal Actives,280.55486715548926,381.68,1095.33,27,8,264,False,3.0,5.0,3.0,False
515,Loyal Actives,251.49853875851815,230.13,1119.12,31,17,242,False,3.0,4.0,3.0,False
516,Declining,57.81145605830569,13.42,165.0,11,31,225,False,1.0,1.0,1.0,False
517,Loyal Actives,671.5485522525954,562.52,1842.28,47,1,269,False,4.0,4.0,4.0,False
518,Loyal Actives,948.9470659226351,1101.91,2480.52,83,1,272,True,5.0,5.0,5.0,False
519,Declining,81.38794284259322,30.48,265.01,12,16,232,False,1.0,2.0,1.0,False
520,Loyal Actives,131.47289771746233,257.23,614.69,33,27,227,False,3.0,3.0,3.0,False
521,Loyal Actives,92.31676772195492,203.71,333.25,20,37,236,False,2.0,3.0,2.0,False
522,Single-Trip,13.958628364385206,0.0,13.76,1,67,0,False,,,,False
523,Champions,420.8808554831196,2208.17,1463.47,75,5,194,True,5.0,4.0,5.0,False
524,Declining,118.49618768506495,29.08,437.07,26,36,217,False,2.0,2.0,2.0,False
525,Declining,43.791073938760405,177.09,162.73,9,139,106,False,1.0,5.0,2.0,False
526,Champions,502.7132542773789,908.47,1257.99,64,2,270,True,4.0,4.0,5.0,False
527,Loyal Actives,458.13189656948873,562.14,1771.1,58,5,266,True,4.0,3.0,4.0,False
528,Declining,49.107441153493625,167.8,91.73,3,21,196,False,1.0,3.0,1.0,False
529,Truly Lapsed,187.85988040271684,0.0,793.6,19,38,195,False,2.0,1.0,2.0,False
530,Declining,103.53769250492918,192.24,424.26,17,64,205,False,2.0,2.0,2.0,False
531,Declining,96.08297562189766,155.97,342.32,11,31,215,False,2.0,1.0,2.0,False
532,Declining,21.04899515999097,22.97,32.57,4,106,19,False,1.0,5.0,1.0,False
533,Loyal Actives,224.25732964668313,358.87,930.01,27,10,252,False,3.0,2.0,3.0,False
534,Loyal Actives,196.79296597312137,224.83,569.11,205,3,270,True,2.0,5.0,5.0,False
535,Declining,163.53388291976466,111.9,828.38,22,35,213,False,3.0,2.0,2.0,False
536,Loyal Actives,154.76602682766045,80.26,586.28,33,20,250,False,2.0,4.0,3.0,False
537,Declining,99.87228765266536,136.74,544.72,11,83,177,False,2.0,3.0,2.0,False
538,Loyal Actives,643.6927366487861,939.1,1972.83,33,1,266,False,4.0,3.0,3.0,False
539,Champions,129.60079912177363,638.26,238.03,14,5,236,False,3.0,4.0,3.0,False
540,Loyal Actives,439.2347881017684,1055.82,1333.4,38,4,262,True,4.0,4.0,4.0,False
541,Declining,200.00301237829612,287.89,843.28,25,18,246,False,3.0,2.0,3.0,False
542,Loyal Actives,242.24122528680553,391.13,776.76,43,4,264,True,3.0,4.0,4.0,False
543,Loyal Actives,615.082167280794,715.15,1542.63,42,1,259,True,4.0,4.0,4.0,False
544,Loyal Actives,247.65809152748795,14.98,947.61,84,9,261,False,3.0,2.0,4.0,False
545,Loyal Actives,412.7745655424832,397.32,1039.62,21,2,260,False,3.0,4.0,3.0,False
546,Champions,325.66412268506,294.87,1503.82,58,7,264,True,4.0,2.0,4.0,False
547,Declining,179.41549518749144,36.05,728.75,27,20,250,False,2.0,1.0,2.0,False
548,Loyal Actives,716.3247186075342,496.41,1989.62,38,1,265,True,4.0,4.0,3.0,False
549,Declining,95.03712086859476,59.19,384.22,16,28,188,False,2.0,2.0,2.0,False
550,Declining,118.27473781469676,49.99,252.15,9,9,184,False,1.0,2.0,1.0,False
551,Declining,64.8813909453625,218.58,178.46,16,14,241,False,2.0,2.0,2.0,False
552,Declining,292.4304411088657,511.04,980.4,21,2,251,False,3.0,2.0,2.0,False
553,Loyal Actives,887.4164892251348,1035.38,3204.53,121,4,268,True,5.0,5.0,5.0,False
554,Declining,55.95114906552687,534.73,152.35,3,50,170,False,2.0,3.0,1.0,False
555,Declining,41.59583736124799,13.34,134.89,7,132,128,False,1.0,1.0,1.0,False
556,Truly Lapsed,62.65090503109721,0.0,135.68,3,151,21,False,1.0,1.0,1.0,False
557,Declining,104.49721231237366,109.44,347.5,16,20,236,False,2.0,1.0,2.0,False
558,Loyal Actives,320.9476595808178,347.15,1006.05,56,3,270,False,3.0,1.0,4.0,False
559,Truly Lapsed,27.06648501501235,0.0,82.43,12,69,174,False,1.0,1.0,1.0,False
560,Loyal Actives,673.1325344902642,1324.66,2177.02,106,3,267,True,5.0,5.0,5.0,False
561,Declining,149.8389754727152,475.06,597.82,12,20,186,False,3.0,4.0,2.0,False
562,Loyal Actives,394.7995199609138,622.99,1339.75,31,3,267,False,4.0,3.0,3.0,False
563,Champions,212.9536826615704,282.82,1115.58,31,46,219,False,3.0,1.0,3.0,False
564,Loyal Actives,150.53056466077126,223.67,421.51,23,8,265,False,2.0,5.0,3.0,False
565,Declining,143.24762996127086,18.65,168.81,10,1,251,False,1.0,1.0,1.0,False
566,Truly Lapsed,84.1275663861872,0.0,376.37,31,42,227,False,2.0,1.0,2.0,False
567,Loyal Actives,441.8183553095346,741.35,1658.68,134,3,269,True,4.0,4.0,5.0,False
568,Loyal Actives,1195.144114216371,1925.73,3776.09,85,1,260,False,5.0,5.0,5.0,False
569,Loyal Actives,487.4959705905841,535.74,2107.1,41,18,254,True,4.0,1.0,3.0,False
570,Declining,101.81542009089746,263.92,426.78,13,18,245,False,2.0,2.0,2.0,False
571,Declining,242.29471079925057,154.44,455.45,6,4,266,False,2.0,1.0,1.0,False
572,Truly Lapsed,114.38626649343756,0.0,154.14,6,41,10,False,1.0,1.0,1.0,False
573,Champions,384.0572423828502,182.98,1584.63,56,22,245,False,4.0,2.0,4.0,False
574,Loyal Actives,1061.0126468181295,1276.31,2791.43,52,7,265,True,5.0,4.0,4.0,False
575,Loyal Actives,1344.1863581074608,1563.79,4885.26,136,1,268,True,5.0,5.0,5.0,False
576,Loyal Actives,527.4281269052933,273.3,1723.27,60,4,267,True,4.0,2.0,4.0,False
577,Loyal Actives,465.7062796542394,940.39,1238.7,13,13,237,False,4.0,4.0,2.0,False
578,Loyal Actives,391.4051674911968,393.0,1280.31,59,3,266,True,4.0,5.0,4.0,False
579,Champions,46.05409194425395,11.19,151.75,7,48,217,False,1.0,3.0,1.0,False
580,Declining,210.4870401189218,187.81,499.61,38,1,269,False,2.0,4.0,3.0,False
581,Loyal Actives,800.4953603216793,588.47,3598.21,92,5,268,False,5.0,5.0,5.0,False
582,Loyal Actives,470.9770019818093,744.01,1570.45,50,2,270,True,4.0,4.0,4.0,False
583,Loyal Actives,321.182836936888,708.4,950.36,69,5,263,True,4.0,2.0,5.0,False
584,Declining,88.43682743364599,0.0,327.22,22,23,241,False,1.0,1.0,2.0,False
585,Declining,72.30571996031257,79.78,277.64,18,32,229,False,2.0,2.0,2.0,False
586,Loyal Actives,737.6776375302416,1017.02,2549.78,87,3,268,True,5.0,5.0,5.0,False
587,Declining,35.35239369510419,41.68,93.03,13,46,222,False,1.0,2.0,2.0,False
588,Champions,1261.6280169772535,1329.68,4270.94,116,2,268,True,5.0,4.0,5.0,False
589,Declining,67.738685795082,4.19,217.99,12,66,190,False,1.0,1.0,1.0,False
590,Declining,103.01918783133976,288.27,156.87,11,13,120,False,2.0,3.0,2.0,False
591,Loyal Actives,1705.2641925352098,892.32,7253.1,172,2,270,False,5.0,5.0,5.0,False
592,Declining,84.96904333531293,124.63,261.0,10,13,253,False,2.0,3.0,2.0,False
593,Loyal Actives,176.1030028507191,141.18,390.02,36,1,230,True,2.0,3.0,3.0,False
594,Declining,176.46765460090225,217.44,991.75,27,27,241,False,3.0,3.0,3.0,False
595,Loyal Actives,322.1962406863921,345.42,1204.23,67,11,261,True,3.0,3.0,4.0,False
596,Loyal Actives,312.60322548610554,624.95,1116.78,48,8,257,True,4.0,3.0,4.0,False
597,Loyal Actives,369.5171571847618,898.47,1301.64,28,4,267,True,4.0,2.0,3.0,False
598,Loyal Actives,504.8148593363954,648.52,1463.79,85,2,270,True,4.0,4.0,5.0,False
599,Truly Lapsed,17.719596818386126,29.43,4.99,1,8,0,False,1.0,3.0,1.0,False
600,Champions,878.8138104847243,916.35,2951.78,84,2,267,False,5.0,5.0,5.0,False
601,Champions,836.0646480875694,276.04,2949.41,44,2,265,True,5.0,2.0,3.0,False
602,Champions,555.7874228267459,713.97,924.49,25,2,110,False,4.0,4.0,3.0,False
603,Champions,127.18257637345464,13.15,491.46,30,73,200,False,2.0,4.0,3.0,False
604,Loyal Actives,281.7463659131303,274.3,664.79,19,1,260,False,3.0,3.0,2.0,False
605,Champions,759.2551015553022,1297.67,2962.94,62,12,257,True,5.0,3.0,4.0,False
606,Loyal Actives,469.1238419034333,381.92,1539.89,42,3,264,True,4.0,5.0,3.0,False
607,Declining,135.9833061522351,21.44,795.3,35,37,234,True,2.0,1.0,3.0,False
608,Loyal Actives,614.1146224267777,776.26,2397.37,99,4,269,True,5.0,3.0,5.0,False
609,Loyal Actives,359.6931643155859,227.37,1000.87,82,1,271,True,3.0,2.0,5.0,False
610,Truly Lapsed,74.47500630936358,57.82,247.09,11,18,185,False,1.0,1.0,1.0,False
611,Champions,269.485478999902,679.85,837.5,31,4,240,False,3.0,3.0,3.0,False
612,Loyal Actives,535.516757898877,896.7,1623.71,55,2,263,False,4.0,5.0,4.0,False
613,Truly Lapsed,46.366752650696775,0.0,51.59,2,18,10,False,1.0,1.0,1.0,False
614,Loyal Actives,495.9163664230468,474.89,1496.47,71,3,269,True,4.0,4.0,4.0,False
615,Champions,64.87802752388313,107.45,117.58,6,9,256,False,1.0,2.0,1.0,False
616,Truly Lapsed,,,,,,,False,1.0,1.0,1.0,True
617,Declining,173.72865775625775,110.02,597.94,13,16,200,False,2.0,2.0,1.0,False
618,Champions,1093.1640903355833,1259.5,4291.43,263,1,271,False,5.0,4.0,5.0,False
619,Truly Lapsed,55.906737740911595,75.45,70.78,2,81,3,False,1.0,1.0,1.0,False
620,Truly Lapsed,65.77618580686581,6.2,111.01,7,11,171,False,1.0,1.0,1.0,False
621,Loyal Actives,494.5645230417636,625.37,1462.66,55,1,271,True,4.0,4.0,4.0,False
622,Loyal Actives,489.22631913047695,357.63,1334.33,77,1,269,True,4.0,5.0,5.0,False
623,Loyal Actives,365.1072626304508,165.85,1491.12,60,6,266,True,4.0,2.0,4.0,False
624,Champions,497.5237396381697,1360.71,2022.48,50,3,267,True,5.0,4.0,4.0,False
625,Declining,93.40614726993176,88.75,283.33,12,7,243,False,2.0,2.0,2.0,False
626,Declining,96.86399856691958,24.71,400.56,19,22,225,False,2.0,1.0,2.0,False
627,Declining,469.7471852267528,213.19,862.51,19,1,257,False,3.0,3.0,2.0,False
628,Declining,136.997994763151,212.62,440.12,5,63,209,False,2.0,2.0,1.0,False
629,Declining,41.884616734392175,4.99,141.5,13,43,225,False,1.0,2.0,1.0,False
630,Champions,693.1118591315717,1162.61,2871.28,70,7,265,True,5.0,4.0,4.0,False
631,Champions,1002.5317135375184,1509.66,3530.78,194,1,270,True,5.0,5.0,5.0,False
632,Declining,381.0339844079707,309.64,1184.48,33,4,252,False,3.0,1.0,3.0,False
633,Loyal Actives,441.8751370732185,966.29,1932.49,68,15,253,False,4.0,3.0,4.0,False
634,Truly Lapsed,265.87946223143445,0.0,923.65,22,89,172,False,3.0,1.0,2.0,False
635,Declining,21.16000721564226,8.97,149.48,7,119,153,False,1.0,2.0,1.0,False
636,Loyal Actives,1232.0962625531529,1229.38,5052.77,114,3,268,False,5.0,4.0,5.0,False
637,Loyal Actives,445.2035712692241,483.64,1388.4,59,5,262,False,4.0,4.0,4.0,False
638,Champions,872.964928191939,1292.7,3888.19,83,6,267,False,5.0,5.0,5.0,False
639,Declining,129.21332056555602,157.09,508.94,52,12,240,False,2.0,1.0,4.0,False
640,Truly Lapsed,102.82578174334876,0.0,554.69,23,85,178,False,2.0,1.0,2.0,False
641,Loyal Actives,1314.2343256260915,2012.67,5033.23,134,3,269,False,5.0,5.0,5.0,False
642,Declining,272.9421052397418,93.29,1192.73,23,71,196,False,3.0,1.0,2.0,False
643,Declining,156.11632427089634,238.04,545.26,13,34,238,False,2.0,1.0,2.0,False
644,Loyal Actives,626.2597904199595,387.71,1550.79,80,1,268,True,4.0,4.0,5.0,False
645,Declining,78.01289621347816,0.0,227.15,24,16,242,False,1.0,1.0,2.0,False
646,Declining,159.63783875123454,68.73,671.34,16,29,209,False,2.0,1.0,2.0,False
647,Champions,1019.7022854710738,806.57,2619.0,53,1,272,True,5.0,3.0,4.0,False
648,Loyal Actives,223.71032230829212,361.26,859.11,26,19,252,False,3.0,4.0,3.0,False
649,Declining,268.28855343506217,0.0,663.86,19,1,231,False,2.0,1.0,2.0,False
650,Loyal Actives,131.89256395766893,10.45,489.44,28,22,249,False,2.0,3.0,2.0,False
651,Truly Lapsed,50.5394544919315,0.0,139.63,2,27,184,False,1.0,1.0,1.0,False
652,Declining,149.73757191204749,184.89,554.11,17,14,236,False,2.0,3.0,2.0,False
653,Champions,791.2319726981663,1625.72,3874.44,79,16,257,False,5.0,3.0,5.0,False
654,Loyal Actives,214.6199158345516,445.63,709.21,61,3,247,False,3.0,5.0,4.0,False
655,Loyal Actives,136.88061030190218,535.41,448.67,10,17,251,False,3.0,5.0,2.0,False
656,Loyal Actives,574.7034570900375,1093.56,2534.41,39,16,249,False,5.0,2.0,4.0,False
657,Declining,38.92746345116958,4.99,63.62,12,4,252,False,1.0,1.0,1.0,False
658,Loyal Actives,154.53253821347084,180.97,534.23,20,8,260,False,2.0,4.0,2.0,False
659,Declining,103.02599333818824,144.41,314.7,5,79,129,False,2.0,3.0,1.0,False
660,Loyal Actives,880.9381764767769,672.08,4019.18,87,9,264,True,5.0,5.0,5.0,False
661,Loyal Actives,891.2651004638526,1224.37,4017.97,196,2,270,True,5.0,5.0,5.0,False
662,Declining,224.35032794183223,50.78,734.33,16,13,182,False,2.0,2.0,2.0,False
663,Loyal Actives,421.0767522272239,488.91,1492.17,46,11,250,False,4.0,5.0,4.0,False
664,Loyal Actives,84.03087961572261,248.47,227.34,11,8,254,False,2.0,5.0,2.0,False
665,Declining,102.25415476768832,39.66,184.93,13,3,226,False,1.0,2.0,1.0,False
666,Loyal Actives,130.9213793311021,264.04,464.36,48,13,255,False,2.0,2.0,4.0,False
667,Champions,140.8159073046952,366.87,388.27,30,6,219,False,2.0,3.0,3.0,False
668,Declining,112.12872994088322,152.05,475.4,24,19,220,False,2.0,3.0,2.0,False
669,Loyal Actives,1146.9943581832028,837.76,3497.73,47,1,268,False,5.0,2.0,4.0,False
670,Loyal Actives,737.9593910949894,780.52,2401.08,88,1,270,True,5.0,4.0,5.0,False
671,Champions,435.1745287928972,653.74,1877.84,45,6,253,True,4.0,5.0,4.0,False
672,Loyal Actives,187.78509692941412,389.26,562.55,36,6,235,True,3.0,4.0,3.0,False
673,Loyal Actives,101.93925745091856,205.23,213.39,16,2,262,False,2.0,3.0,2.0,False
674,Loyal Actives,521.2340427904004,1030.9,2128.91,59,7,262,False,5.0,3.0,4.0,False
675,Champions,603.5851178680283,545.49,2358.16,109,6,265,True,4.0,5.0,5.0,False
676,Loyal Actives,1254.2033363354803,1706.72,5710.79,195,5,268,False,5.0,4.0,5.0,False
677,Declining,211.62530731193405,7.27,629.93,20,7,249,False,2.0,1.0,2.0,False
678,Champions,69.55567772130614,0.0,229.72,21,14,239,False,1.0,1.0,2.0,False
679,Loyal Actives,903.9107049192731,509.28,3176.89,157,5,268,False,5.0,5.0,5.0,False
680,Loyal Actives,554.803801483616,595.27,1664.0,42,1,267,True,4.0,4.0,4.0,False
681,Loyal Actives,433.8173869545717,321.46,1018.95,24,1,271,False,3.0,3.0,2.0,False
682,Champions,755.741361341128,239.26,2325.39,104,1,204,True,4.0,1.0,5.0,False
683,Truly Lapsed,7.984885821785685,9.61,13.67,2,69,82,False,1.0,1.0,1.0,False
684,Loyal Actives,300.08958982282405,137.76,1127.48,49,13,258,False,3.0,2.0,4.0,False
685,Loyal Actives,666.445395412919,816.47,2907.33,112,2,254,True,5.0,5.0,5.0,False
686,Declining,86.5574373565139,19.62,368.25,11,25,248,False,2.0,1.0,1.0,False
687,Loyal Actives,362.2348098322992,645.52,1177.86,23,3,232,False,4.0,3.0,3.0,False
688,Declining,535.3791646454283,401.7,2116.08,16,26,213,True,4.0,2.0,2.0,False
689,Truly Lapsed,7.58759046576201,0.0,12.63,2,170,14,False,1.0,1.0,1.0,False
690,Loyal Actives,522.9590564005542,420.82,2483.1,123,8,263,True,4.0,5.0,5.0,False
691,Declining,187.5704058464082,256.47,953.66,21,44,214,False,3.0,2.0,2.0,False
692,Champions,562.2546404773047,662.41,1826.6,62,4,266,True,4.0,3.0,4.0,False
693,Loyal Actives,845.3262664094499,358.51,3126.78,118,4,265,True,5.0,3.0,5.0,False
694,Declining,51.01201008332358,147.25,194.45,15,59,203,False,1.0,4.0,2.0,False
695,Champions,1331.9434417072082,1832.17,4129.57,106,1,271,True,5.0,5.0,5.0,False
696,Champions,1705.1729078302344,2064.56,7308.22,160,2,271,True,5.0,4.0,5.0,False
697,Champions,288.74539672850176,93.33,1143.7,32,39,228,False,3.0,1.0,3.0,False
698,Loyal Actives,90.8085682649516,134.97,267.13,26,10,261,False,2.0,3.0,3.0,False
699,Champions,1104.4351691783074,1261.57,4496.39,67,6,262,True,5.0,2.0,4.0,False
700,Loyal Actives,187.60843689061633,524.95,1105.35,13,54,212,False,4.0,5.0,2.0,False
701,Loyal Actives,283.24952056282376,691.38,1097.04,19,9,264,False,4.0,4.0,2.0,False
702,Champions,1036.8803516875762,1118.39,4149.14,143,2,268,False,5.0,4.0,5.0,False
703,Champions,1076.6671307020372,1541.16,4046.72,102,3,268,False,5.0,2.0,5.0,False
704,Truly Lapsed,33.515934811444936,0.0,66.53,8,34,134,False,1.0,1.0,1.0,False
705,Loyal Actives,257.0265329703765,176.46,655.42,43,1,270,False,2.0,4.0,4.0,False
706,Loyal Actives,675.2296889127889,669.91,1914.67,55,1,271,True,4.0,4.0,4.0,False
707,Champions,1723.057731512106,2860.76,8625.8,215,4,269,True,5.0,4.0,5.0,False
708,Loyal Actives,282.33793603214286,355.29,1119.49,29,16,254,True,3.0,2.0,3.0,False
709,Loyal Actives,447.7697969410618,718.17,2074.1,56,13,260,False,4.0,3.0,4.0,False
710,Loyal Actives,549.7337909842786,563.77,1546.22,90,2,268,False,4.0,5.0,5.0,False
711,Declining,78.35150519084567,143.2,195.51,17,9,200,False,1.0,5.0,2.0,False
712,Loyal Actives,1548.5376210317252,1438.62,4711.33,103,1,272,True,5.0,4.0,5.0,False
713,Declining,61.55330099363409,103.02,226.05,9,22,209,False,1.0,2.0,1.0,False
714,Loyal Actives,463.1957721654338,790.45,1567.25,134,2,270,True,4.0,4.0,5.0,False
715,Loyal Actives,481.4407552012928,567.9,1518.84,71,1,270,True,4.0,4.0,5.0,False
716,Loyal Actives,207.26559338082183,105.34,603.65,43,13,258,True,2.0,2.0,3.0,False
717,Champions,103.29137975339736,71.68,269.37,21,8,265,False,1.0,2.0,2.0,False
718,Champions,2096.4276663790383,2220.6,8319.07,258,1,272,True,5.0,4.0,5.0,False
719,Declining,50.7044278940971,177.48,169.74,9,33,234,False,1.0,3.0,1.0,False
720,Loyal Actives,218.52601466969568,270.03,704.9,31,7,261,False,3.0,4.0,3.0,False
721,Declining,84.05622612168932,46.85,250.76,24,12,234,False,1.0,2.0,2.0,False
722,Loyal Actives,692.2460382615553,1137.24,2809.95,54,6,265,True,5.0,5.0,4.0,False
723,Declining,155.61460008429123,368.09,522.7,13,15,206,False,3.0,4.0,2.0,False
724,Truly Lapsed,149.1263845725957,59.19,175.11,8,6,76,False,1.0,2.0,1.0,False
725,Loyal Actives,529.2315903796905,709.57,2413.74,58,10,258,True,5.0,5.0,4.0,False
726,Loyal Actives,306.1976490130521,305.11,1026.69,34,12,225,False,3.0,5.0,3.0,False
727,Loyal Actives,478.63891626513623,556.92,1918.35,37,7,266,False,4.0,2.0,3.0,False
728,Champions,689.5350377143106,318.07,4243.83,207,20,252,False,5.0,5.0,5.0,False
729,Declining,129.58736478962612,176.96,439.07,8,48,224,False,2.0,2.0,1.0,False
730,Loyal Actives,120.13568836190106,155.29,460.76,35,26,226,False,2.0,5.0,3.0,False
731,Champions,361.3820364599184,291.84,1774.6,125,25,246,True,4.0,3.0,5.0,False
732,Loyal Actives,435.1888742491477,910.31,1565.97,47,7,264,True,4.0,4.0,4.0,False
733,Loyal Actives,450.9090917301596,434.21,1158.34,34,1,267,True,3.0,2.0,3.0,False
734,Declining,191.71345074882532,231.66,651.02,41,3,262,False,3.0,2.0,3.0,False
735,Declining,135.67677008768572,175.58,320.62,35,15,196,False,2.0,3.0,3.0,False
736,Loyal Actives,166.38038938157078,1222.99,560.93,19,18,235,False,4.0,3.0,3.0,False
737,Loyal Actives,155.4848025954761,303.64,540.35,17,11,257,False,2.0,5.0,2.0,False
738,Declining,224.85242448081337,346.0,861.74,38,33,240,False,3.0,1.0,3.0,False
739,Single-Trip,2.084375726231301,0.0,8.47,1,268,0,False,,,,False
740,Loyal Actives,657.0323427341625,1105.27,2950.31,57,11,261,True,5.0,3.0,4.0,False
741,Loyal Actives,659.2672635490869,443.65,1804.02,47,1,263,True,4.0,5.0,4.0,False
742,Loyal Actives,454.3245052398922,265.46,1899.42,151,13,260,True,4.0,3.0,5.0,False
743,Loyal Actives,290.12390600819566,169.41,985.46,33,2,266,False,3.0,4.0,3.0,False
744,Champions,656.112364052038,1094.67,2091.11,74,3,266,False,5.0,5.0,5.0,False
745,Loyal Actives,1200.4198060867004,804.69,3171.06,74,1,269,False,5.0,4.0,5.0,False
746,Champions,51.592281216029384,139.62,166.64,12,70,145,False,1.0,1.0,1.0,False
747,Loyal Actives,152.64768088867834,162.17,542.52,63,9,251,False,2.0,5.0,4.0,False
748,Truly Lapsed,351.1370936385361,85.05,1317.83,39,11,155,True,3.0,1.0,3.0,False
749,Declining,233.8882551184437,0.0,636.36,51,1,272,False,2.0,1.0,3.0,False
750,Declining,42.05024325747799,296.23,67.27,9,4,174,False,2.0,3.0,2.0,False
751,Declining,21.240095374568376,190.71,30.86,3,7,245,False,1.0,3.0,1.0,False
752,Champions,312.8662909394527,143.97,1594.24,47,40,228,True,4.0,2.0,3.0,False
753,Loyal Actives,151.26049174882837,603.18,593.49,12,16,198,True,3.0,5.0,2.0,False
754,Declining,216.71792072911225,198.67,603.53,14,8,254,False,2.0,1.0,2.0,False
755,Champions,1239.7285107530795,897.81,4844.62,134,3,268,True,5.0,3.0,5.0,False
756,Declining,43.69825863861045,193.05,156.47,8,91,173,False,1.0,3.0,1.0,False
757,Declining,341.1064054918092,258.42,979.76,20,3,229,False,3.0,2.0,2.0,False
758,Declining,37.633523857075275,66.56,87.47,8,22,171,False,1.0,2.0,1.0,False
759,Declining,55.84210940260059,265.02,168.89,7,26,222,False,2.0,5.0,1.0,False
760,Declining,273.3437454194289,0.0,1068.11,38,9,262,False,3.0,1.0,3.0,False
761,Loyal Actives,1139.87638419947,1726.59,3826.19,80,2,256,True,5.0,5.0,5.0,False
762,Loyal Actives,1218.1375583705162,1453.5,4545.49,486,1,271,True,5.0,5.0,5.0,False
763,Declining,211.45663411497736,268.43,1160.29,9,59,212,False,3.0,1.0,1.0,False
764,Champions,443.5697525191513,743.81,1368.19,48,7,257,True,4.0,4.0,4.0,False
765,Champions,313.9504817382319,70.39,393.25,6,1,250,False,2.0,3.0,1.0,False
766,Loyal Actives,1229.499731490014,1219.61,4119.67,63,2,268,True,5.0,3.0,4.0,False
767,Declining,102.334936128321,34.21,285.89,6,38,170,False,1.0,2.0,1.0,False
768,Champions,869.2791443815197,1178.4,3034.31,225,1,272,True,5.0,5.0,5.0,False
769,Loyal Actives,174.87076621426613,228.33,450.87,19,2,271,False,2.0,4.0,2.0,False
770,Loyal Actives,403.4495877782317,372.81,1179.87,24,3,255,True,3.0,4.0,3.0,False
771,Loyal Actives,1130.58430869198,1495.72,4136.48,279,1,270,True,5.0,5.0,5.0,False
772,Declining,63.80675736381617,3.02,171.07,23,5,259,False,1.0,1.0,2.0,False
773,Declining,51.185929999232286,298.71,116.1,6,28,210,False,2.0,1.0,1.0,False
774,Declining,116.9510177169598,8.38,417.22,6,28,210,False,2.0,3.0,1.0,False
775,Truly Lapsed,93.64926809349396,0.0,398.82,14,44,215,False,2.0,1.0,1.0,False
776,Loyal Actives,325.2148886076275,232.77,928.67,25,2,249,False,3.0,3.0,3.0,False
777,Truly Lapsed,559.8992603149458,1109.86,834.68,14,5,50,False,4.0,2.0,2.0,False
778,Declining,108.8580001634111,73.0,329.34,21,6,239,False,2.0,1.0,2.0,False
779,Loyal Actives,337.4264115849827,579.11,1215.79,30,7,258,True,4.0,3.0,3.0,False
780,Truly Lapsed,27.096285156150827,0.0,106.34,18,121,149,False,1.0,1.0,2.0,False
781,Loyal Actives,193.14395710429457,466.91,673.12,26,5,262,False,3.0,4.0,3.0,False
782,Loyal Actives,207.7013361083035,108.31,808.1,36,6,266,False,3.0,3.0,3.0,False
783,Declining,24.446541642461487,35.45,81.48,3,232,18,False,1.0,1.0,1.0,False
784,Champions,324.88535258260714,460.5,984.98,36,2,270,True,3.0,4.0,4.0,False
785,Loyal Actives,131.44847865388334,395.83,376.08,22,6,237,True,2.0,5.0,3.0,False
786,Loyal Actives,967.8246018332046,997.73,3113.6,71,1,272,True,5.0,3.0,4.0,False
787,Loyal Actives,390.14507670365106,366.0,1090.42,80,1,272,True,3.0,3.0,5.0,False
788,Loyal Actives,897.7220826036015,919.44,3088.49,126,1,267,True,5.0,5.0,5.0,False
789,Truly Lapsed,27.73387529285909,138.65,31.07,3,8,104,False,1.0,3.0,1.0,False
790,Loyal Actives,412.18784555701103,838.97,1436.35,26,7,256,True,4.0,3.0,3.0,False
791,Truly Lapsed,127.44632730070973,125.72,115.95,9,2,38,False,1.0,1.0,1.0,False
792,Truly Lapsed,91.1938945609809,55.3,124.78,7,91,7,False,1.0,3.0,1.0,False
793,Loyal Actives,181.31037391900435,342.14,635.01,51,7,258,False,3.0,5.0,4.0,False
794,Declining,243.3845061502924,282.18,823.87,14,3,247,False,3.0,2.0,2.0,False
795,Declining,111.1261392666854,54.12,377.66,12,13,255,False,2.0,2.0,1.0,False
796,Declining,35.20110854222939,36.52,168.7,19,48,223,False,1.0,2.0,2.0,False
797,Loyal Actives,527.4623360318616,404.22,1488.01,47,2,270,True,4.0,3.0,4.0,False
798,Loyal Actives,320.70150696406466,221.15,864.19,32,1,248,False,3.0,3.0,3.0,False
799,Champions,292.1250509382444,269.49,978.21,30,3,252,False,3.0,2.0,3.0,False
800,Loyal Actives,1196.047556217282,1702.42,4135.6,161,1,271,True,5.0,4.0,5.0,False
801,Declining,99.38924189949635,290.42,476.62,8,56,197,False,2.0,2.0,2.0,False
802,Loyal Actives,183.5714428400069,282.24,591.66,22,13,254,True,3.0,4.0,2.0,False
803,Loyal Actives,354.4401047758117,194.16,933.23,32,2,266,True,3.0,4.0,3.0,False
804,Loyal Actives,379.52244518584513,332.51,1265.61,89,4,267,False,3.0,4.0,5.0,False
805,Loyal Actives,631.513025327745,1038.41,1859.95,106,1,270,False,4.0,5.0,5.0,False
806,Loyal Actives,726.1866791074342,874.44,2645.77,62,3,266,True,5.0,3.0,4.0,False
807,Loyal Actives,475.29806270089693,463.97,1832.6,46,5,260,False,4.0,5.0,4.0,False
808,Loyal Actives,272.04192338881296,289.01,1072.26,79,6,266,True,3.0,4.0,5.0,False
809,Loyal Actives,125.09880752070508,91.51,404.09,37,7,266,False,2.0,5.0,3.0,False
810,Declining,54.42771857193448,71.31,204.31,14,56,204,False,1.0,1.0,2.0,False
811,Loyal Actives,103.85540453935722,185.95,263.38,14,8,247,False,2.0,5.0,2.0,False
812,Declining,109.48780122275016,61.58,359.42,15,37,172,False,2.0,3.0,2.0,False
813,Declining,345.2257997540075,263.68,666.08,10,3,181,False,3.0,1.0,1.0,False
814,Truly Lapsed,,,,,,,False,1.0,3.0,1.0,True
815,Truly Lapsed,180.0690419361805,171.59,200.97,7,2,82,False,2.0,1.0,1.0,False
816,Loyal Actives,472.57729112441774,301.08,1274.06,42,2,268,True,3.0,4.0,3.0,False
817,Loyal Actives,552.4208275236958,737.96,2244.75,71,6,265,True,4.0,5.0,5.0,False
818,Champions,39.55480289611442,1064.34,123.3,7,64,157,False,3.0,1.0,2.0,False
819,Truly Lapsed,10.49610751927266,52.91,29.25,2,68,129,False,1.0,1.0,1.0,False
820,Loyal Actives,180.05168863733442,755.03,555.87,35,5,207,False,3.0,3.0,4.0,False
821,Declining,71.67111311183352,126.52,204.22,8,86,131,False,1.0,1.0,1.0,False
822,Declining,61.952273288616986,60.45,186.28,12,15,249,False,1.0,2.0,1.0,False
823,Loyal Actives,488.73682720037783,319.02,1285.59,45,1,270,True,3.0,5.0,4.0,False
824,Loyal Actives,130.95488111515706,242.26,444.0,19,7,258,False,2.0,3.0,2.0,False
825,Loyal Actives,1195.3276978665797,1132.79,4375.13,80,2,271,True,5.0,2.0,5.0,False
826,Declining,8.23195133044778,72.1,13.72,3,145,26,False,1.0,4.0,1.0,False
827,Declining,50.727702693256624,2.19,70.27,4,31,229,False,1.0,1.0,1.0,False
828,Truly Lapsed,120.21879340987664,0.0,600.36,21,58,206,False,2.0,1.0,2.0,False
829,Declining,280.20068823460593,482.34,538.08,11,13,139,False,3.0,2.0,2.0,False
830,Declining,155.97836534143184,102.96,353.25,34,7,259,False,2.0,1.0,3.0,False
831,Loyal Actives,946.6050216902512,1570.31,3710.61,70,1,272,True,5.0,5.0,5.0,False
832,Truly Lapsed,109.11590403356855,25.56,225.59,6,21,188,False,1.0,1.0,1.0,False
833,Declining,170.14962208944547,116.47,822.32,12,21,234,False,3.0,1.0,2.0,False
834,Declining,15.099094889986764,1.0,35.01,4,44,211,False,1.0,1.0,1.0,False
835,Declining,88.67717418778717,50.9,124.02,8,5,267,False,1.0,1.0,1.0,False
836,Declining,306.01113940482077,34.63,1038.24,50,5,268,False,3.0,2.0,3.0,False
837,Declining,199.61064284042783,103.2,372.1,14,2,251,False,2.0,2.0,2.0,False
838,Declining,65.08843529237355,66.06,120.91,10,2,241,False,1.0,4.0,2.0,False
839,Declining,162.42781471362477,86.48,487.44,5,106,42,False,2.0,3.0,1.0,False
840,Loyal Actives,1381.747715142217,2417.9,4603.92,89,1,270,True,5.0,5.0,5.0,False
841,Loyal Actives,282.6121857848319,601.26,996.15,61,3,261,False,3.0,4.0,5.0,False
842,Champions,912.2383087099688,1308.49,4325.47,278,5,264,False,5.0,3.0,5.0,False
843,Loyal Actives,341.1186752786189,906.61,793.72,25,1,267,False,4.0,2.0,3.0,False
844,Loyal Actives,504.8569883287436,764.53,1952.19,54,5,267,True,4.0,2.0,4.0,False
845,Loyal Actives,657.3972409491672,492.88,2524.18,58,7,254,True,5.0,5.0,4.0,False
846,Declining,123.04561234380267,383.14,414.0,15,27,159,False,2.0,3.0,2.0,False
847,Loyal Actives,190.71289131591996,420.58,578.52,20,5,235,False,3.0,3.0,3.0,False
848,Declining,278.1021583956531,618.97,1086.55,12,8,235,False,4.0,2.0,2.0,False
849,Loyal Actives,573.4590641983475,677.98,1978.72,27,5,265,False,4.0,2.0,3.0,False
850,Loyal Actives,176.71582440827706,284.84,559.64,38,8,265,False,2.0,2.0,3.0,False
851,Truly Lapsed,3.2910918202388286,0.0,8.37,2,185,33,False,1.0,1.0,1.0,False
852,Loyal Actives,332.2865179394903,181.61,1021.38,42,4,259,True,3.0,5.0,4.0,False
853,Loyal Actives,1160.886245640663,1890.36,5299.18,207,3,270,True,5.0,2.0,5.0,False
854,Declining,42.91199928562035,26.89,147.88,12,31,237,False,1.0,1.0,1.0,False
855,Loyal Actives,311.9259170256162,1004.1,1620.05,67,136,137,False,4.0,4.0,5.0,False
856,Champions,770.910406608557,912.2,2230.42,91,1,272,True,5.0,3.0,5.0,False
857,Loyal Actives,535.221080202834,639.52,2035.23,20,11,254,True,4.0,2.0,2.0,False
858,Declining,55.13180882598,61.38,170.14,19,36,236,False,1.0,3.0,2.0,False
859,Loyal Actives,782.0253923980358,1001.85,2589.06,62,3,267,True,5.0,3.0,4.0,False
860,Truly Lapsed,44.67236699428995,6.79,8.27,1,2,0,False,1.0,2.0,1.0,False
861,Declining,163.35790476985431,0.0,534.01,16,12,248,False,2.0,1.0,1.0,False
862,Loyal Actives,344.4253510572933,277.4,1051.22,45,2,240,False,3.0,2.0,4.0,False
863,Champions,257.2391351060352,759.77,802.19,62,6,256,True,3.0,4.0,5.0,False
864,Loyal Actives,865.3271053810757,1397.89,3352.8,44,7,263,True,5.0,5.0,4.0,False
865,Declining,172.6754979732409,688.79,261.73,4,2,197,True,3.0,3.0,2.0,False
866,Champions,609.3935825984619,1042.48,2450.74,61,1,272,True,5.0,5.0,4.0,False
867,Champions,614.3945378935483,859.89,2142.21,55,8,262,True,5.0,4.0,4.0,False
868,Champions,816.0846884060759,984.24,3281.9,71,8,261,True,5.0,4.0,5.0,False
869,Loyal Actives,167.44537895843763,245.01,605.67,53,5,256,False,2.0,4.0,4.0,False
870,Single-Trip,4.169254782267585,0.0,10.83,1,140,0,False,,,,False
871,Loyal Actives,1295.16982883969,1332.72,4253.46,51,1,270,True,5.0,3.0,4.0,False
872,,,,,,,,False,,,,True
873,Champions,272.02679343802083,496.04,1167.79,40,14,252,False,4.0,3.0,4.0,False
874,Truly Lapsed,66.44716949987755,0.0,65.47,3,1,235,False,1.0,1.0,1.0,False
875,Loyal Actives,192.1554650359808,102.47,670.98,31,17,246,True,2.0,2.0,3.0,False
876,Champions,795.2564723969374,759.81,3076.89,101,7,265,False,5.0,4.0,5.0,False
877,Loyal Actives,522.8377955077043,442.38,1374.52,25,8,264,False,4.0,2.0,3.0,False
878,Loyal Actives,596.0661249321605,654.09,2473.69,77,4,268,True,5.0,5.0,5.0,False
879,Champions,417.0934935941704,603.92,1234.02,47,2,209,True,4.0,5.0,4.0,False
880,Truly Lapsed,5.5519906481456855,5.96,13.94,2,66,71,False,1.0,1.0,1.0,False
881,Loyal Actives,762.6620466992367,226.98,2215.14,72,1,267,False,4.0,1.0,4.0,False
882,Loyal Actives,222.16546882265257,583.97,815.02,58,7,245,True,3.0,5.0,5.0,False
883,Loyal Actives,1062.24415087536,1379.78,3927.92,128,2,271,True,5.0,2.0,5.0,False
884,Declining,53.18496429873726,119.08,121.88,11,4,257,False,1.0,1.0,1.0,False
885,Loyal Actives,302.9175898627103,195.71,1199.99,46,3,263,False,3.0,4.0,3.0,False
886,Champions,575.2456907549304,263.74,1984.08,90,1,268,True,4.0,5.0,5.0,False
887,Declining,69.7757020997835,123.45,210.86,19,13,251,False,1.0,1.0,2.0,False
888,Loyal Actives,1089.6846394413317,1647.51,3795.57,36,10,263,True,5.0,3.0,3.0,False
889,Champions,1245.302217160479,1962.58,4795.44,78,7,265,True,5.0,5.0,5.0,False
890,Declining,71.46958837804928,32.68,276.09,8,31,222,False,1.0,1.0,1.0,False
891,Loyal Actives,835.0279167478348,1015.05,3041.73,57,2,267,False,5.0,3.0,4.0,False
892,Declining,143.65467335424827,50.91,151.2,7,8,182,False,1.0,1.0,1.0,False
893,Loyal Actives,668.4800627973458,1443.77,2155.63,48,2,257,False,5.0,4.0,4.0,False
894,Truly Lapsed,326.01163402059643,126.88,445.64,8,4,87,False,2.0,2.0,1.0,False
895,Loyal Actives,924.836801860257,1598.69,3022.33,82,1,270,True,5.0,4.0,5.0,False
896,Loyal Actives,844.5560300024624,430.22,2472.86,50,1,269,False,4.0,2.0,4.0,False
897,Loyal Actives,65.13324916157377,182.09,230.27,25,62,210,False,2.0,3.0,3.0,False
898,Champions,921.2229728753414,1361.32,3501.92,131,4,269,True,5.0,3.0,5.0,False
899,Declining,9.169172455620693,91.6,37.87,3,105,102,False,1.0,2.0,1.0,False
900,Champions,1845.597402103867,2181.94,7363.67,514,1,272,True,5.0,5.0,5.0,False
901,Loyal Actives,359.42373761823245,428.16,1170.43,37,3,268,False,3.0,3.0,3.0,False
902,Declining,4.726438632481802,21.98,17.13,1,223,0,False,1.0,1.0,1.0,False
903,Loyal Actives,397.240878576691,342.14,1557.02,38,10,258,True,4.0,3.0,3.0,False
904,Declining,76.28168755258525,180.65,320.24,10,76,164,False,2.0,4.0,2.0,False
905,Champions,45.25519461260585,153.79,79.51,5,23,225,False,1.0,4.0,1.0,False
906,Loyal Actives,866.0150077327625,574.17,3242.92,177,1,272,True,5.0,2.0,5.0,False
907,Loyal Actives,266.8684093374667,209.93,706.27,32,1,269,False,3.0,4.0,3.0,False
908,Loyal Actives,534.6932434734193,729.62,2438.21,83,7,265,True,5.0,3.0,5.0,False
909,Champions,1398.2726362897397,766.94,6203.21,353,2,271,False,5.0,3.0,5.0,False
910,Truly Lapsed,179.12337240185536,588.58,278.09,6,17,42,False,2.0,3.0,1.0,False
911,Loyal Actives,815.8405741701137,794.2,1895.63,34,1,266,True,4.0,4.0,3.0,False
912,Declining,118.06395786825875,267.66,375.97,4,41,192,False,2.0,1.0,1.0,False
913,Loyal Actives,204.0581546148094,40.95,648.72,30,7,258,False,2.0,2.0,3.0,False
914,Loyal Actives,287.64640635544686,391.5,862.61,24,5,264,True,3.0,4.0,3.0,False
915,Loyal Actives,129.2546127965392,173.66,412.47,51,7,262,True,2.0,4.0,4.0,False
916,Loyal Actives,376.6661130805506,842.48,901.34,62,1,269,False,4.0,4.0,5.0,False
917,Truly Lapsed,36.9693461237414,146.13,64.02,4,31,157,False,1.0,1.0,1.0,False
918,Declining,276.5867283457734,20.0,606.73,15,7,262,False,2.0,1.0,2.0,False
919,Loyal Actives,123.1759890305117,202.13,523.91,38,30,240,False,2.0,4.0,4.0,False
920,Loyal Actives,824.3012411885938,1576.3,2218.22,102,1,255,True,5.0,5.0,5.0,False
921,Truly Lapsed,39.11037863668794,26.41,39.97,2,97,1,False,1.0,1.0,1.0,False
922,Champions,399.2703895230998,682.61,1016.13,50,3,264,True,4.0,3.0,4.0,False
923,Champions,273.5778682012175,569.45,1246.26,70,10,256,False,4.0,5.0,4.0,False
924,Loyal Actives,195.5148382896646,376.71,796.58,32,16,254,False,3.0,3.0,3.0,False
925,Declining,26.41762487736172,85.69,102.81,22,105,167,False,1.0,3.0,3.0,False
926,Champions,856.325111203116,630.95,2783.0,103,2,270,True,5.0,3.0,5.0,False
927,Loyal Actives,204.5634143336042,133.3,987.86,29,33,237,False,3.0,4.0,3.0,False
928,Loyal Actives,388.1231225017256,629.39,928.64,39,1,270,False,3.0,5.0,4.0,False
929,Loyal Actives,676.8036114391557,1082.33,2216.22,91,1,271,True,5.0,4.0,5.0,False
930,Declining,74.16158125323635,115.92,413.68,17,41,225,False,2.0,1.0,2.0,False
931,Loyal Actives,444.79742282311696,710.97,1943.66,17,30,236,False,4.0,2.0,2.0,False
932,Loyal Actives,485.60950069703085,1110.6,1943.29,51,19,251,True,5.0,3.0,4.0,False
933,Loyal Actives,340.5031349623879,445.37,1374.92,40,6,254,False,4.0,2.0,4.0,False
934,Loyal Actives,930.5520606065472,1985.18,4582.81,114,3,267,True,5.0,5.0,5.0,False
935,Champions,125.08023777002812,164.08,425.73,14,31,232,False,2.0,3.0,2.0,False
936,Loyal Actives,937.5870123096968,1155.56,3770.08,255,6,266,False,5.0,5.0,5.0,False
937,Loyal Actives,171.09665202677672,300.19,601.56,28,4,263,False,3.0,4.0,3.0,False
938,Declining,208.22431964752317,111.71,638.55,9,4,246,False,2.0,3.0,1.0,False
939,Loyal Actives,483.8794011694177,1203.54,1729.79,55,1,270,True,4.0,3.0,4.0,False
940,Loyal Actives,138.06643019638503,167.23,480.43,32,8,265,False,2.0,3.0,3.0,False
941,Loyal Actives,358.7806955791603,121.95,1083.79,59,3,269,True,3.0,5.0,4.0,False
942,Loyal Actives,955.4010539107308,1063.99,3640.78,129,2,268,False,5.0,2.0,5.0,False
943,Champions,594.179785380829,246.95,2595.98,116,5,240,False,4.0,5.0,5.0,False
944,Champions,326.0135347738612,383.86,1187.59,42,7,252,False,3.0,2.0,4.0,False
945,Loyal Actives,217.8335103108992,624.87,663.11,21,7,265,False,3.0,3.0,3.0,False
946,Loyal Actives,371.4328221214327,485.05,1051.31,54,1,266,True,3.0,5.0,4.0,False
947,Loyal Actives,383.7637385258139,267.27,853.4,79,1,271,True,3.0,4.0,5.0,False
948,Single-Trip,5.743001322329661,0.0,14.35,1,186,0,False,,,,False
949,Champions,747.5806903649894,816.06,2481.23,60,5,267,True,5.0,5.0,4.0,False
950,Declining,306.51946579044574,282.55,1131.38,31,5,255,False,3.0,1.0,3.0,False
951,Truly Lapsed,27.260298885796505,241.97,46.78,2,33,79,False,1.0,2.0,1.0,False
952,Loyal Actives,470.400291137518,238.75,1189.7,61,1,272,False,3.0,3.0,4.0,False
953,Loyal Actives,120.53244087985516,971.13,465.13,33,12,258,False,3.0,4.0,4.0,False
954,Loyal Actives,360.16920131965253,396.75,920.3,20,1,267,False,3.0,3.0,2.0,False
955,Loyal Actives,510.0545747868693,688.4,1764.45,109,2,267,True,4.0,4.0,5.0,False
956,Champions,1211.277639141069,1237.39,4366.7,257,1,268,True,5.0,3.0,5.0,False
957,Loyal Actives,603.1476547629318,345.91,1887.65,269,1,271,False,4.0,4.0,5.0,False
958,Truly Lapsed,65.83934264900155,0.0,160.03,5,41,113,False,1.0,1.0,1.0,False
959,Champions,179.2352582996587,451.24,437.1,30,2,268,False,3.0,4.0,3.0,False
960,Loyal Actives,321.0806089508703,242.89,998.16,42,4,265,True,3.0,2.0,3.0,False
961,Loyal Actives,484.7308886893777,291.93,1458.87,28,14,246,False,4.0,1.0,3.0,False
962,Loyal Actives,182.06893218428016,273.99,685.05,25,7,257,False,3.0,3.0,3.0,False
963,Champions,279.72877993934145,172.01,981.52,21,6,259,False,3.0,1.0,2.0,False
964,Loyal Actives,174.94094327324436,336.68,892.82,30,26,243,False,3.0,3.0,3.0,False
965,Declining,245.6893627826398,94.44,1039.23,22,7,254,False,3.0,1.0,2.0,False
966,Declining,16.66658209678075,80.02,40.11,4,145,126,False,1.0,1.0,1.0,False
967,Single-Trip,2.3055224125476896,0.0,2.0,1,48,0,False,,,,False
968,Loyal Actives,1016.923684789886,1388.14,3430.4,54,2,267,True,5.0,4.0,4.0,False
969,Truly Lapsed,80.22865478331474,32.59,26.05,1,9,0,False,1.0,1.0,1.0,False
970,Champions,229.96074300308257,110.45,357.78,6,2,245,False,2.0,2.0,1.0,False
971,Loyal Actives,673.7374002627286,723.84,1733.51,56,1,255,True,4.0,3.0,4.0,False
972,Loyal Actives,316.3788601318324,602.31,880.36,54,4,267,False,3.0,4.0,5.0,False
973,Loyal Actives,1736.261255172752,2357.48,7058.35,36,2,269,True,5.0,3.0,3.0,False
974,Declining,214.46619637626767,137.87,732.89,16,9,205,False,2.0,1.0,2.0,False
975,Loyal Actives,586.9058651018819,704.15,2405.49,95,5,267,False,5.0,2.0,5.0,False
976,Loyal Actives,667.9968736422795,1435.46,2643.9,29,14,257,True,5.0,4.0,3.0,False
977,Loyal Actives,237.38314423437689,145.01,522.89,15,1,266,False,2.0,5.0,2.0,False
978,Loyal Actives,157.71753478119797,553.98,589.84,30,80,184,False,3.0,5.0,3.0,False
979,Loyal Actives,1377.094953952539,2166.52,5295.26,76,3,268,True,5.0,4.0,5.0,False
980,Loyal Actives,175.84512508081175,112.41,840.22,17,21,235,False,3.0,5.0,2.0,False
981,Declining,331.273119822677,303.21,493.95,11,1,201,True,2.0,5.0,2.0,False
982,Champions,2163.1062081933587,2359.18,6963.86,144,1,270,True,5.0,5.0,5.0,False
983,Loyal Actives,542.6618520099122,639.79,1594.02,83,2,270,True,4.0,4.0,5.0,False
984,Loyal Actives,120.36786790393616,288.75,552.75,16,26,221,False,2.0,3.0,2.0,False
985,Loyal Actives,317.9003231705093,418.03,1013.64,56,3,263,False,3.0,3.0,4.0,False
986,Loyal Actives,201.16120678196313,237.26,756.76,33,10,249,True,3.0,3.0,3.0,False
987,Loyal Actives,332.57372377180303,273.72,870.42,41,1,265,False,3.0,4.0,3.0,False
988,Champions,666.4337420503349,165.16,2241.51,79,1,271,False,4.0,2.0,4.0,False
989,Loyal Actives,578.9690793994531,576.39,2284.93,77,5,263,False,4.0,5.0,5.0,False
990,Champions,22.399321761274145,20.0,52.71,6,106,143,False,1.0,1.0,1.0,False
991,Declining,203.18134685724897,27.76,954.33,16,45,174,False,3.0,1.0,2.0,False
992,Loyal Actives,101.51549047307869,178.75,253.19,19,6,262,True,2.0,3.0,4.0,False
993,Loyal Actives,543.6435202501152,553.56,1616.36,60,4,269,True,4.0,4.0,4.0,False
994,Declining,76.61280746055057,255.06,208.67,8,10,263,False,2.0,4.0,1.0,False
995,Truly Lapsed,131.9669746877548,0.0,455.93,6,76,139,False,2.0,1.0,1.0,False
996,Loyal Actives,356.2007058574261,346.11,805.46,45,1,271,True,3.0,5.0,4.0,False
997,Loyal Actives,639.1929140656712,658.88,1817.07,39,4,269,True,4.0,2.0,3.0,False
998,Loyal Actives,886.6519817871722,1026.28,3784.27,131,3,269,False,5.0,3.0,5.0,False
999,Declining,177.77059415441826,544.0,412.67,15,1,269,False,3.0,2.0,2.0,False
1000,Loyal Actives,517.2704818704004,567.38,1940.0,62,5,265,False,4.0,5.0,4.0,False
1001,Loyal Actives,513.0716711185131,1060.43,1481.7,26,4,230,True,4.0,4.0,3.0,False
1002,Declining,65.14868038302544,365.02,173.48,7,12,187,False,2.0,4.0,2.0,False
1003,Declining,356.12912741677894,42.04,1362.39,30,2,245,True,3.0,1.0,2.0,False
1004,Champions,593.8027465158157,610.1,1876.83,113,1,271,True,4.0,4.0,5.0,False
1005,Loyal Actives,517.1985134682114,389.58,1364.38,102,1,271,False,4.0,2.0,5.0,False
1006,Champions,36.90405807627625,35.1,28.36,3,3,182,False,1.0,2.0,1.0,False
1007,Loyal Actives,142.12365393680167,73.5,483.86,58,5,266,False,2.0,2.0,4.0,False
1008,Champions,47.46581736356287,279.9,95.78,12,6,232,False,2.0,2.0,2.0,False
1009,Declining,37.50471199956854,3.6,88.54,15,14,252,False,1.0,1.0,1.0,False
1010,Champions,250.10243352955345,595.98,1137.57,43,10,254,False,4.0,3.0,4.0,False
1011,Champions,466.4542900254339,391.3,1510.19,68,4,268,False,4.0,3.0,4.0,False
1012,Loyal Actives,187.63904280088545,392.92,541.8,51,12,259,True,3.0,1.0,4.0,False
1013,Declining,48.84125001964177,7.86,167.46,10,34,183,False,1.0,1.0,1.0,False
1014,Loyal Actives,564.766940427493,726.87,1959.8,76,4,265,True,4.0,4.0,5.0,False
1015,Loyal Actives,562.7489341291148,319.91,1640.66,36,2,266,True,4.0,3.0,3.0,False
1016,Loyal Actives,297.45143361204885,933.21,1050.19,20,12,260,False,4.0,2.0,2.0,False
1017,Loyal Actives,334.52937955363797,1045.41,1370.14,28,40,230,False,4.0,5.0,3.0,False
1018,Loyal Actives,271.894014113332,322.54,651.76,42,2,269,True,3.0,3.0,4.0,False
1019,Loyal Actives,100.26352637742944,259.47,430.93,15,56,214,False,2.0,4.0,2.0,False
1020,Loyal Actives,944.9295451656176,1750.11,3532.46,59,3,255,True,5.0,5.0,5.0,False
1021,Loyal Actives,181.18470521517025,258.58,594.45,37,3,267,True,2.0,4.0,3.0,False
1022,Declining,19.761484828937228,7.18,57.56,8,69,170,False,1.0,1.0,1.0,False
1023,Loyal Actives,3125.890266276099,6931.12,17926.3,285,1,272,False,5.0,3.0,5.0,False
1024,Loyal Actives,876.0613627623484,1018.53,4255.99,72,8,262,True,5.0,2.0,4.0,False
1025,Loyal Actives,470.2675620436935,611.92,1993.47,52,5,266,False,4.0,2.0,4.0,False
1026,Truly Lapsed,51.05950498773893,0.0,263.08,7,127,107,False,1.0,1.0,1.0,False
1027,Declining,115.71164221431692,158.6,377.61,15,12,228,False,2.0,1.0,2.0,False
1028,Declining,12.066034825880514,5.75,36.59,3,114,157,False,1.0,1.0,1.0,False
1029,Champions,1923.431337046833,2025.42,6222.92,120,1,272,False,5.0,5.0,5.0,False
1030,Declining,132.41907125786167,116.93,432.78,13,35,230,False,2.0,3.0,1.0,False
1031,Truly Lapsed,845.6094292549133,0.0,2441.13,87,1,174,True,4.0,1.0,4.0,False
1032,Loyal Actives,453.817191832908,149.46,1584.24,54,20,250,False,4.0,2.0,4.0,False
1033,Declining,332.01692384814146,128.3,505.73,7,1,170,False,2.0,2.0,1.0,False
1034,Declining,56.15774056145226,11.79,224.78,24,42,228,False,1.0,3.0,2.0,False
1035,Single-Trip,12.700253300510326,0.0,37.32,2,151,0,False,,,,False
1036,Declining,87.9347158217407,24.58,295.54,10,154,97,False,1.0,3.0,1.0,False
1037,Declining,123.04342114953408,23.63,553.3,14,58,211,False,2.0,2.0,2.0,False
1038,Loyal Actives,168.05834757924467,122.53,718.31,129,8,265,True,2.0,1.0,5.0,False
1039,Loyal Actives,483.4408396681147,905.77,1909.99,36,10,257,False,4.0,4.0,3.0,False
1040,Loyal Actives,738.552402687206,618.52,2539.37,102,3,267,True,5.0,2.0,5.0,False
1041,Loyal Actives,656.2183701232088,1224.78,3400.24,146,12,253,True,5.0,5.0,5.0,False
1042,Loyal Actives,636.3588330133448,848.7,2126.58,103,1,271,True,4.0,4.0,5.0,False
1043,Declining,121.31074008281736,0.0,456.51,9,15,229,False,2.0,1.0,1.0,False
1044,Declining,54.80257356138908,3.0,182.59,8,47,224,False,1.0,2.0,1.0,False
1045,Champions,466.152520779405,759.98,1655.59,108,8,263,True,4.0,5.0,5.0,False
1046,Loyal Actives,603.733587973005,596.12,1793.78,88,1,266,False,4.0,4.0,5.0,False
1047,Loyal Actives,130.13796686042554,158.35,389.05,38,4,269,False,2.0,5.0,3.0,False
1048,Champions,667.4992775635119,217.0,1099.33,53,1,149,False,3.0,4.0,4.0,False
1049,Declining,122.62641078446372,130.66,330.8,24,4,247,False,2.0,2.0,3.0,False
1050,Champions,702.554318564094,783.21,2510.12,74,3,270,False,5.0,4.0,4.0,False
1051,Declining,96.52803745173348,344.78,349.46,13,39,212,False,2.0,1.0,2.0,False
1053,Loyal Actives,762.3171440114006,663.54,2538.84,43,5,266,True,5.0,3.0,4.0,False
1054,Loyal Actives,127.01428814720911,116.91,414.2,17,23,241,False,2.0,5.0,2.0,False
1055,Loyal Actives,141.98669845442217,169.78,331.45,25,2,269,False,2.0,3.0,3.0,False
1056,Loyal Actives,443.26209194279113,632.95,2046.08,28,19,251,False,4.0,4.0,3.0,False
1057,Loyal Actives,945.0437842800682,1068.02,3393.76,84,3,270,True,5.0,4.0,5.0,False
1058,Loyal Actives,647.6147122221379,257.65,1935.92,263,1,272,False,4.0,3.0,5.0,False
1059,Truly Lapsed,28.194843235892375,0.0,32.39,2,3,199,False,1.0,1.0,1.0,False
1060,Loyal Actives,931.8769275239436,352.42,2718.56,24,2,266,True,5.0,3.0,2.0,False
1061,Loyal Actives,709.1205757744452,1571.26,2674.57,48,4,213,False,5.0,5.0,4.0,False
1062,Loyal Actives,189.1741686594183,94.45,549.87,96,2,269,True,2.0,5.0,5.0,False
1063,Declining,58.34121061857117,68.88,196.25,13,55,215,False,1.0,1.0,1.0,False
1064,Loyal Actives,335.98782663546496,411.46,1527.0,23,52,215,False,4.0,3.0,2.0,False
1065,Loyal Actives,510.7434933439079,690.39,2186.4,23,17,250,False,4.0,2.0,2.0,False
1066,Loyal Actives,516.9004185828838,319.35,1554.46,127,2,270,True,4.0,4.0,5.0,False
1067,Loyal Actives,411.1422924953056,1068.11,1145.0,15,1,265,False,4.0,2.0,3.0,False
1068,Declining,79.54126995591486,133.74,286.8,20,35,238,False,2.0,3.0,2.0,False
1069,Loyal Actives,519.6584808444012,531.45,1687.8,31,4,267,True,4.0,5.0,3.0,False
1070,Champions,521.9718867327563,565.68,1972.69,73,13,256,True,4.0,3.0,4.0,False
1071,Loyal Actives,309.9755185421868,284.05,802.18,32,2,258,False,3.0,4.0,3.0,False
1072,Loyal Actives,294.7034045901745,333.27,1357.82,33,7,262,False,4.0,4.0,3.0,False
1073,Loyal Actives,558.6685456955036,499.05,1412.4,60,1,271,False,4.0,5.0,4.0,False
1074,Loyal Actives,824.2522517692692,1380.06,3817.77,62,10,260,True,5.0,3.0,4.0,False
1075,Loyal Actives,115.03192886900143,225.97,440.34,23,18,248,False,2.0,5.0,3.0,False
1076,Loyal Actives,200.55241699961263,321.6,569.05,25,6,260,True,3.0,5.0,3.0,False
1077,Truly Lapsed,190.23349240389243,820.48,262.33,9,5,104,False,3.0,3.0,2.0,False
1078,Champions,860.4801150140821,523.09,3099.87,103,4,266,False,5.0,2.0,5.0,False
1079,Declining,87.82710964820495,0.0,280.42,16,13,251,False,1.0,1.0,1.0,False
1080,Loyal Actives,229.28985109258895,153.49,681.91,31,1,263,False,2.0,5.0,3.0,False
1081,Loyal Actives,1093.7353484174705,1776.46,3930.0,56,3,270,True,5.0,4.0,4.0,False
1082,Loyal Actives,345.3534858930329,412.09,836.48,53,1,267,True,3.0,4.0,4.0,False
1083,Loyal Actives,319.30412332932826,285.56,652.41,23,2,260,False,3.0,5.0,3.0,False
1084,Loyal Actives,293.9221114718192,233.99,1195.59,90,28,243,True,3.0,5.0,5.0,False
1085,Champions,679.976465928997,578.48,2701.1,58,7,265,False,5.0,3.0,4.0,False
1086,Loyal Actives,97.2960279031166,274.24,324.33,9,20,234,False,2.0,4.0,2.0,False
1087,Champions,328.9390579750664,348.94,1333.28,79,8,264,False,4.0,2.0,4.0,False
1088,Loyal Actives,189.39968829844236,149.1,609.04,37,4,268,False,2.0,5.0,3.0,False
1089,Champions,61.73253485616391,208.04,232.39,24,36,231,False,2.0,4.0,3.0,False
1090,Declining,32.57863689601979,77.74,87.42,4,96,118,False,1.0,2.0,1.0,False
1091,Champions,602.4634173434271,170.4,2599.43,51,20,249,True,4.0,2.0,3.0,False
1092,Declining,126.05911153310328,219.94,427.37,22,20,233,False,2.0,2.0,2.0,False
1093,Declining,39.30098648897376,38.67,123.58,7,49,197,False,1.0,1.0,1.0,False
1094,Loyal Actives,1130.0980470758295,841.28,3285.15,38,1,269,True,5.0,2.0,4.0,False
1095,Declining,55.627482017299265,43.62,239.44,15,117,153,False,1.0,3.0,2.0,False
1096,Declining,28.078935525773932,26.32,28.12,2,2,210,False,1.0,1.0,1.0,False
1097,Loyal Actives,851.4718955747614,1035.93,2542.24,67,1,266,False,5.0,3.0,4.0,False
1098,Champions,1084.9657351689214,1441.41,4406.51,202,2,269,False,5.0,5.0,5.0,False
1099,Declining,42.7105347597431,68.09,151.81,8,63,200,False,1.0,5.0,1.0,False
1100,Champions,34.30326231718217,39.11,89.71,8,106,147,False,1.0,2.0,1.0,False
1101,Declining,42.02043709006428,3.58,115.54,8,53,192,False,1.0,3.0,1.0,False
1102,Loyal Actives,238.9718954540093,364.81,570.98,26,2,271,False,3.0,3.0,3.0,False
1103,Champions,801.0601806616838,526.86,2967.72,90,3,267,True,5.0,3.0,5.0,False
1104,Loyal Actives,507.3598503471264,475.22,2001.88,62,10,263,False,4.0,3.0,4.0,False
1106,Declining,89.1143115031571,232.43,242.9,9,40,211,False,2.0,3.0,2.0,False
1107,Declining,78.48797055115129,274.38,235.7,6,14,256,False,2.0,5.0,1.0,False
1108,Declining,57.994180068415176,15.63,192.49,10,126,91,False,1.0,1.0,1.0,False
1109,Loyal Actives,379.5743702398063,411.74,1616.95,42,4,268,False,4.0,5.0,3.0,False
1110,Loyal Actives,960.4485957354402,1115.15,3610.49,98,4,260,False,5.0,5.0,5.0,False
1111,Loyal Actives,2248.4516272813594,2284.98,10078.89,132,3,270,False,5.0,3.0,5.0,False
1112,Champions,175.0753523886926,235.42,644.85,20,24,245,False,3.0,2.0,2.0,False
1113,Loyal Actives,606.7701112001097,610.41,1551.0,66,1,263,True,4.0,4.0,4.0,False
1114,Declining,95.9022974259029,51.59,334.15,15,16,248,False,2.0,1.0,2.0,False
1115,Champions,138.50929845578813,17.98,541.88,17,33,202,False,2.0,1.0,2.0,False
1116,Declining,104.21497897115717,443.47,320.55,11,23,192,False,2.0,1.0,2.0,False
1117,Champions,593.9386781001562,301.79,1636.87,79,1,272,False,4.0,2.0,4.0,False
1118,Declining,132.971730857478,61.45,578.99,8,39,227,False,2.0,1.0,1.0,False
1119,Loyal Actives,193.15545329083093,126.71,927.33,30,36,221,False,3.0,4.0,3.0,False
1120,Loyal Actives,249.02439087071977,68.8,729.91,36,3,270,True,2.0,1.0,3.0,False
1121,Loyal Actives,196.21373508883053,623.0,698.11,19,6,267,False,3.0,2.0,2.0,False
1122,Truly Lapsed,105.13628984744707,0.0,496.56,29,59,212,False,2.0,1.0,2.0,False
1123,Loyal Actives,267.63967859424514,658.62,1375.06,31,22,244,True,4.0,2.0,3.0,False
1124,Loyal Actives,291.9439246705629,101.78,1204.85,37,6,266,False,3.0,1.0,3.0,False
1125,Loyal Actives,228.25742128517203,33.18,506.91,37,1,184,False,2.0,4.0,4.0,False
1126,Declining,276.93271817442763,364.29,1001.48,10,12,248,False,3.0,1.0,1.0,False
1127,Declining,402.26049197439016,153.81,1070.62,16,4,203,False,3.0,2.0,2.0,False
1128,Loyal Actives,259.9588435029821,722.32,869.84,75,6,265,True,3.0,4.0,5.0,False
1129,Loyal Actives,160.02044300221723,403.67,482.61,26,7,263,False,3.0,5.0,3.0,False
1130,Loyal Actives,574.3526332027643,696.85,2063.67,131,2,271,True,4.0,5.0,5.0,False
1131,Loyal Actives,515.8298604416595,827.52,1434.37,45,1,267,True,4.0,5.0,4.0,False
1132,Declining,159.98551599047246,376.25,723.68,14,23,244,False,3.0,2.0,2.0,False
1133,Loyal Actives,157.73174320310716,345.28,600.58,51,18,255,False,3.0,5.0,4.0,False
1134,Loyal Actives,844.1302501925923,504.14,2811.56,29,7,258,False,5.0,2.0,3.0,False
1135,Declining,119.23404002756548,108.24,207.95,22,5,224,True,1.0,2.0,2.0,False
1136,Loyal Actives,104.7487487991524,350.16,391.19,17,15,251,False,2.0,3.0,3.0,False
1137,Loyal Actives,335.18237117113495,278.84,916.5,55,1,270,True,3.0,4.0,4.0,False
1138,Loyal Actives,580.703801128702,472.65,2040.38,88,2,269,True,4.0,4.0,5.0,False
1139,Loyal Actives,788.2531842123058,726.98,3441.85,35,17,251,False,5.0,1.0,3.0,False
1140,Truly Lapsed,289.2196859438746,668.05,356.28,14,4,26,False,3.0,2.0,2.0,False
1141,Loyal Actives,100.3230758348791,434.78,369.51,23,20,247,False,2.0,2.0,3.0,False
1142,Loyal Actives,1752.1866828164534,2443.47,6417.7,114,2,269,True,5.0,5.0,5.0,False
1143,Declining,22.843442470599143,65.98,43.37,2,14,198,False,1.0,2.0,1.0,False
1144,Truly Lapsed,44.9901281854379,0.0,99.79,9,56,185,False,1.0,1.0,1.0,False
1145,Loyal Actives,367.440016218208,676.08,2118.57,42,59,211,False,4.0,1.0,3.0,False
1146,Champions,1080.5347807863848,1548.72,3663.13,160,1,267,True,5.0,5.0,5.0,False
1147,Declining,330.08103276830565,957.83,1266.36,16,7,235,True,4.0,2.0,2.0,False
1148,Champions,149.37207984336064,136.04,185.24,10,2,129,False,1.0,2.0,2.0,False
1149,Declining,24.17424772421567,78.02,37.46,2,130,9,False,1.0,3.0,1.0,False
1150,Truly Lapsed,283.85106250564826,0.0,834.91,13,6,186,False,2.0,1.0,1.0,False
1151,Loyal Actives,414.2150731550008,510.59,1473.65,66,2,262,True,4.0,5.0,5.0,False
1152,Declining,181.5781607740762,205.67,216.93,12,1,160,False,2.0,5.0,2.0,False
1153,Declining,128.90259775359857,69.11,399.74,30,3,262,False,2.0,1.0,2.0,False
1154,Loyal Actives,561.9205597295942,544.15,1609.83,46,1,258,True,4.0,4.0,4.0,False
1155,Loyal Actives,167.44760795402271,328.16,900.73,23,26,227,False,3.0,4.0,2.0,False
1156,Declining,90.61207931335032,249.38,390.13,13,90,177,False,2.0,2.0,2.0,False
1157,Loyal Actives,238.00071905449516,384.94,1176.63,41,29,234,False,3.0,4.0,4.0,False
1158,Champions,324.9006057141864,600.13,1391.7,96,14,256,True,4.0,5.0,5.0,False
1159,Loyal Actives,340.19416684895907,409.78,1102.65,67,3,270,True,3.0,5.0,4.0,False
1160,Loyal Actives,386.0276554772092,602.2,1657.42,57,8,259,True,4.0,5.0,4.0,False
1161,Declining,194.7351882778649,265.85,388.53,14,4,248,False,2.0,2.0,2.0,False
1162,Champions,58.43308190337937,0.0,214.77,13,61,206,False,1.0,1.0,1.0,False
1163,Champions,560.2110961452296,454.45,2244.13,68,9,261,True,4.0,3.0,4.0,False
1164,Loyal Actives,625.8556964017639,764.47,2014.22,46,2,264,True,4.0,4.0,4.0,False
1165,Loyal Actives,123.5515504046453,292.47,498.03,20,16,255,False,2.0,4.0,2.0,False
1166,Champions,1762.06056859019,1431.48,5185.69,175,2,268,True,5.0,4.0,5.0,False
1167,Loyal Actives,1066.1782221440178,818.36,3020.84,67,1,270,True,5.0,3.0,4.0,False
1168,Declining,173.0314227404422,159.82,383.84,29,4,259,False,2.0,3.0,3.0,False
1169,Loyal Actives,630.4882392541707,454.87,1890.63,40,1,261,True,4.0,4.0,4.0,False
1170,Declining,5.044436038389414,2.0,13.99,2,86,96,False,1.0,5.0,1.0,False
1171,Declining,126.7526056107926,140.64,496.33,19,12,258,False,2.0,2.0,2.0,False
1172,Loyal Actives,572.5476687499687,1035.26,2105.09,75,4,265,True,5.0,5.0,5.0,False
1173,Truly Lapsed,202.37259471840565,55.9,323.34,18,8,94,False,2.0,2.0,2.0,False
1174,Loyal Actives,240.82623223366497,359.78,965.51,64,8,262,True,3.0,5.0,4.0,False
1175,Champions,906.4955137148278,645.61,3308.13,65,5,267,True,5.0,2.0,4.0,False
1176,,,,,,,,False,,,,True
1177,Declining,119.91484461066229,90.06,167.34,9,6,155,False,1.0,5.0,1.0,False
1178,Loyal Actives,493.69859326706785,845.73,1665.5,86,1,270,True,4.0,5.0,5.0,False
1179,Champions,1326.712731357031,1687.89,4574.94,99,1,272,True,5.0,4.0,5.0,False
1180,Champions,983.0137767518768,528.41,3360.23,82,1,265,False,5.0,4.0,5.0,False
1181,Loyal Actives,421.1836437618616,169.06,1149.1,46,1,264,False,3.0,3.0,3.0,False
1182,Loyal Actives,95.76111451865938,215.47,271.02,24,5,267,False,2.0,3.0,3.0,False
1185,Loyal Actives,75.72491722682999,523.3,183.34,12,3,256,False,2.0,4.0,2.0,False
1186,Loyal Actives,895.7071189568682,1309.89,2410.09,35,1,259,True,5.0,3.0,3.0,False
1187,Loyal Actives,499.53550747282736,644.12,1681.01,80,4,269,False,4.0,5.0,5.0,False
1188,Loyal Actives,224.97865615673052,806.77,859.72,41,5,262,True,4.0,5.0,4.0,False
1189,Declining,147.346436928539,170.41,299.77,12,1,230,False,2.0,4.0,2.0,False
1190,Champions,677.4566090592028,392.52,1718.32,122,1,271,True,4.0,5.0,5.0,False
1191,Loyal Actives,444.52532798049464,334.15,1109.3,44,1,271,False,3.0,2.0,4.0,False
1192,Loyal Actives,233.2653824696671,127.52,629.42,34,1,270,False,2.0,5.0,3.0,False
1193,Loyal Actives,144.05039592328112,278.64,665.08,48,17,249,False,3.0,4.0,4.0,False
1194,Declining,107.88013875154536,158.24,311.42,17,39,234,False,2.0,2.0,2.0,False
1195,Declining,137.75575499355838,188.93,341.88,13,21,214,False,2.0,1.0,1.0,False
1196,Declining,247.89410537291172,386.62,628.68,9,6,207,False,3.0,2.0,1.0,False
1197,Champions,998.2116800279188,2236.06,2898.26,56,3,259,True,5.0,5.0,5.0,False
1198,Declining,136.1586338151269,157.04,373.77,18,2,268,False,2.0,3.0,2.0,False
1200,Declining,237.6234226015206,334.95,797.93,15,5,258,False,3.0,1.0,2.0,False
1201,Loyal Actives,111.00121396042924,58.28,278.51,21,9,253,False,1.0,5.0,2.0,False
1202,Declining,69.18375401407843,165.64,151.17,7,26,173,False,1.0,3.0,1.0,False
1203,Loyal Actives,750.2054280842162,1052.57,2791.67,96,3,267,False,5.0,4.0,5.0,False
1204,Loyal Actives,350.5585458288259,219.25,958.99,34,1,272,False,3.0,2.0,3.0,False
1205,Loyal Actives,405.5929972137797,591.28,1604.28,68,4,267,False,4.0,2.0,4.0,False
1206,Loyal Actives,714.3145525207839,677.06,2277.46,99,1,272,False,4.0,5.0,5.0,False
1207,Loyal Actives,121.28751447985393,65.2,355.9,49,7,262,False,2.0,3.0,3.0,False
1208,Loyal Actives,119.12081951784327,125.22,411.57,23,24,218,False,2.0,4.0,3.0,False
1209,Declining,30.36064672221949,99.19,35.93,3,4,233,False,1.0,2.0,1.0,False
1210,Declining,209.28654155703376,112.81,472.5,18,9,202,False,2.0,2.0,2.0,False
1211,Loyal Actives,753.3963950489532,1347.97,3262.84,56,7,264,False,5.0,5.0,4.0,False
1212,Single-Trip,3.5055477827825943,0.0,15.97,1,264,0,False,,,,False
1213,Declining,96.5147667702232,93.56,121.8,9,3,182,False,1.0,5.0,1.0,False
1214,Truly Lapsed,27.884580315525085,0.0,58.39,3,18,227,False,1.0,1.0,1.0,False
1215,Declining,2.2873393811601956,327.36,6.34,1,195,0,False,1.0,4.0,1.0,False
1216,Loyal Actives,834.3345385928633,197.89,3165.49,65,5,266,False,5.0,4.0,4.0,False
1217,Loyal Actives,204.77241989838,545.11,1000.31,21,20,252,False,3.0,4.0,2.0,False
1218,Loyal Actives,448.9998842465508,256.95,1803.01,44,6,264,True,4.0,4.0,4.0,False
1219,Loyal Actives,110.21953033057328,140.71,299.48,42,5,267,True,2.0,3.0,4.0,False
1220,Declining,80.02964836445847,64.58,271.99,25,12,241,False,1.0,2.0,2.0,False
1221,Declining,85.66539772039654,111.91,197.23,2,261,7,False,1.0,3.0,1.0,False
1222,Loyal Actives,787.4764838270222,540.72,2804.03,75,2,271,True,5.0,4.0,5.0,False
1223,Declining,203.83901738890032,224.43,894.09,25,19,244,False,3.0,2.0,2.0,False
1224,Loyal Actives,187.3129847590848,536.33,754.93,35,10,259,False,3.0,4.0,3.0,False
1225,Loyal Actives,188.05557528338664,208.94,585.98,23,4,257,False,2.0,5.0,3.0,False
1226,Loyal Actives,562.045451409148,1366.4,2578.68,30,20,240,True,5.0,4.0,3.0,False
1227,Loyal Actives,655.8722244143906,396.45,2334.92,51,3,264,False,4.0,2.0,4.0,False
1228,Champions,1665.9071935661734,2262.48,5561.63,281,1,272,True,5.0,5.0,5.0,False
1229,Champions,1654.8071506385518,2454.56,7138.74,154,3,269,True,5.0,5.0,5.0,False
1230,Declining,43.52832809349061,11.51,144.09,11,40,232,False,1.0,1.0,1.0,False
1231,Loyal Actives,185.6260846819445,376.5,730.13,24,9,252,False,3.0,2.0,3.0,False
1232,Declining,95.54929621189376,0.0,364.21,16,13,257,False,2.0,1.0,1.0,False
1233,Champions,134.47732739118868,5.0,549.15,11,26,211,False,2.0,1.0,1.0,False
1234,Loyal Actives,805.152506885605,687.96,2785.19,51,2,269,True,5.0,4.0,4.0,False
1235,Declining,90.5801955283984,216.97,290.76,7,100,152,False,2.0,1.0,1.0,False
1236,Loyal Actives,478.17056128006914,230.2,1534.87,82,2,265,True,4.0,5.0,5.0,False
1237,Truly Lapsed,184.1934393135577,221.05,381.42,7,28,98,False,2.0,1.0,1.0,False
1238,Declining,568.0565985608426,114.82,1049.87,10,1,232,False,3.0,1.0,1.0,False
1239,Declining,177.57245659611132,84.82,722.5,9,35,234,False,2.0,1.0,1.0,False
1240,Loyal Actives,1482.9554416004198,2092.37,4684.87,85,1,271,True,5.0,5.0,5.0,False
1241,Loyal Actives,203.3516642616339,112.03,721.73,44,5,256,False,2.0,4.0,3.0,False
1242,Declining,44.08022801682643,2.78,168.66,8,24,232,False,1.0,1.0,1.0,False
1243,Declining,62.20470310144494,21.22,183.17,8,126,129,False,1.0,1.0,1.0,False
1244,Loyal Actives,87.70864961783504,53.22,306.66,16,16,250,False,2.0,5.0,2.0,False
1245,Champions,550.4058100974333,916.86,1555.1,103,1,266,False,4.0,4.0,5.0,False
1246,Loyal Actives,519.7357922811937,718.2,1334.8,26,1,265,False,4.0,4.0,3.0,False
1247,Loyal Actives,765.6811427471827,832.88,3253.46,56,10,261,True,5.0,3.0,4.0,False
1248,Loyal Actives,794.4226775647835,497.74,3548.91,62,10,262,True,5.0,2.0,4.0,False
1249,Declining,38.36673541845504,98.53,127.08,8,53,165,False,1.0,2.0,1.0,False
1250,Truly Lapsed,26.63987134626358,46.54,65.5,1,122,0,False,1.0,3.0,1.0,False
1251,Declining,28.02615390857016,10.74,119.99,16,26,242,False,1.0,1.0,2.0,False
1252,Loyal Actives,57.20973405354049,429.95,124.82,9,21,224,False,2.0,5.0,2.0,False
1253,Truly Lapsed,,,,,,,False,1.0,1.0,1.0,True
1254,Truly Lapsed,61.38203771316159,36.86,80.69,2,71,2,False,1.0,2.0,1.0,False
1255,Declining,34.701286595673196,156.41,138.16,5,106,165,False,1.0,2.0,1.0,False
1256,Loyal Actives,614.9958398250562,984.58,1793.45,70,3,267,True,4.0,3.0,4.0,False
1257,Declining,426.8596552401025,194.26,881.1,17,4,127,True,3.0,2.0,2.0,False
1258,Loyal Actives,520.5549691245196,416.16,1735.91,112,4,267,True,4.0,4.0,5.0,False
1259,Declining,112.77653145371109,139.12,499.6,16,23,240,False,2.0,3.0,2.0,False
1260,Loyal Actives,816.8904880751654,1367.8,3813.88,52,6,266,True,5.0,3.0,4.0,False
1261,Loyal Actives,584.3257567934616,548.66,1735.87,114,1,268,True,4.0,4.0,5.0,False
1262,Truly Lapsed,85.67675788970341,0.0,210.87,7,150,49,False,1.0,1.0,1.0,False
1263,Loyal Actives,703.6014968781886,319.13,2519.11,52,4,266,True,4.0,2.0,4.0,False
1264,Loyal Actives,742.2900105369558,690.63,3119.47,68,7,262,True,5.0,4.0,4.0,False
1265,Loyal Actives,183.3321903601494,172.58,727.78,32,11,257,False,3.0,2.0,3.0,False
1266,Loyal Actives,138.52527673239825,268.72,629.89,50,16,255,False,3.0,5.0,4.0,False
1267,Loyal Actives,327.7557853539497,304.14,823.72,29,2,266,True,3.0,3.0,3.0,False
1268,Loyal Actives,263.0989911068514,405.88,961.84,20,7,233,True,3.0,3.0,3.0,False
1269,Loyal Actives,300.6831862411402,174.66,1405.27,53,11,262,False,3.0,4.0,4.0,False
1270,Loyal Actives,391.1719842482958,880.82,1296.25,33,10,259,True,4.0,1.0,3.0,False
1271,Loyal Actives,472.178540411692,792.73,1863.22,61,5,265,False,4.0,5.0,4.0,False
1272,Loyal Actives,1308.4030311640925,1333.01,4026.7,110,1,270,True,5.0,4.0,5.0,False
1273,Truly Lapsed,,,,,,,False,1.0,2.0,1.0,True
1274,Loyal Actives,1254.9384518827585,1613.56,5315.13,108,1,272,False,5.0,4.0,5.0,False
1275,Truly Lapsed,46.57525168855181,0.0,84.33,5,267,3,False,1.0,1.0,1.0,False
1276,Declining,107.84034814527834,33.76,192.84,5,7,266,False,1.0,3.0,1.0,False
1277,Loyal Actives,591.8152894617509,1109.15,2039.95,104,3,270,False,5.0,5.0,5.0,False
1278,Declining,227.87314029697112,5.79,404.54,8,2,244,False,2.0,2.0,1.0,False
1279,Loyal Actives,802.3206352431029,634.14,2467.75,106,1,271,False,5.0,3.0,5.0,False
1280,Truly Lapsed,34.24168121896337,20.06,46.48,3,28,46,False,1.0,1.0,1.0,False
1281,Loyal Actives,30.91910769862144,265.18,80.52,6,92,175,False,1.0,5.0,2.0,False
1282,Loyal Actives,689.6090035153148,601.6,3187.5,104,4,268,False,5.0,3.0,5.0,False
1283,Declining,48.80780559848979,46.39,132.65,25,33,235,False,1.0,2.0,3.0,False
1284,Loyal Actives,286.9419187137572,660.05,665.36,78,1,244,False,3.0,5.0,5.0,False
1285,Loyal Actives,643.5898871298905,1105.49,1888.89,61,2,268,True,5.0,3.0,4.0,False
1286,Declining,31.814289504960243,37.93,73.9,6,45,219,False,1.0,1.0,1.0,False
1287,Loyal Actives,395.7211392707134,332.65,937.2,54,1,269,False,3.0,4.0,4.0,False
1288,Loyal Actives,176.28570952407637,304.88,883.58,13,40,229,False,3.0,4.0,2.0,False
1289,Loyal Actives,232.8118578751368,271.97,606.53,247,1,271,False,3.0,5.0,5.0,False
1290,Declining,134.45462492618404,194.94,298.81,12,13,158,False,2.0,4.0,2.0,False
1291,Loyal Actives,445.3714856868999,622.82,1690.93,49,11,260,True,4.0,3.0,4.0,False
1292,Declining,78.12365407273938,48.33,215.09,5,46,217,False,1.0,3.0,1.0,False
1293,Loyal Actives,406.4046331139957,595.59,1471.86,80,3,262,False,4.0,4.0,5.0,False
1294,Loyal Actives,608.1766085290245,735.03,2355.76,22,27,244,False,5.0,3.0,2.0,False
1295,Loyal Actives,270.64808715782544,231.81,727.66,29,1,217,False,3.0,4.0,3.0,False
1296,Loyal Actives,300.6382972068459,359.64,902.82,34,4,267,True,3.0,4.0,3.0,False
1297,Loyal Actives,330.1387723170248,890.43,1003.86,68,4,267,True,4.0,5.0,5.0,False
1298,Loyal Actives,204.3459758374231,331.96,658.62,22,10,246,False,3.0,4.0,3.0,False
1299,Champions,835.1072958597343,757.27,2472.36,83,2,268,True,5.0,5.0,5.0,False
1300,Champions,395.76862950194464,787.77,1066.43,33,1,267,True,4.0,4.0,3.0,False
1301,Declining,158.31305306287854,20.3,591.23,38,43,223,False,2.0,1.0,3.0,False
1302,Champions,126.64156300502954,107.2,369.26,16,14,237,False,2.0,5.0,2.0,False
1303,Champions,583.6500315952463,1571.71,2396.8,96,14,257,False,5.0,5.0,5.0,False
1304,Loyal Actives,97.57417954320998,127.29,368.25,39,9,264,False,2.0,3.0,4.0,False
1305,Champions,967.5553884712316,469.04,3688.0,162,1,270,True,5.0,3.0,5.0,False
1306,Loyal Actives,434.7713735827288,540.36,1347.41,86,2,269,True,4.0,4.0,5.0,False
1307,Loyal Actives,306.9021560760482,115.38,1033.08,76,3,268,False,3.0,5.0,4.0,False
1308,Declining,6.378914615370936,17.96,16.5,2,181,81,False,1.0,1.0,1.0,False
1309,Single-Trip,81.6678325857125,0.0,29.76,1,8,0,False,,,,False
1310,Declining,139.8431334827243,60.97,394.49,14,10,222,False,2.0,2.0,2.0,False
1311,Truly Lapsed,56.297641147987285,145.17,113.33,4,20,106,False,1.0,1.0,1.0,False
1312,Champions,443.43288919216633,348.78,1742.38,52,22,249,False,4.0,3.0,4.0,False
1313,Declining,155.64597147379175,113.63,514.27,12,16,247,False,2.0,2.0,2.0,False
1314,Champions,2000.001322969978,1909.95,6546.03,170,1,271,False,5.0,5.0,5.0,False
1315,Truly Lapsed,293.64552700129315,119.21,338.87,3,2,55,False,2.0,1.0,1.0,False
1316,Loyal Actives,651.3270293358275,493.01,1934.42,30,2,265,True,4.0,4.0,3.0,False
1317,Loyal Actives,353.39140286603055,239.75,1559.82,81,9,262,False,4.0,4.0,5.0,False
1318,Loyal Actives,721.358004893351,1098.72,2358.59,35,14,253,True,5.0,4.0,3.0,False
1319,Declining,94.49775918194575,100.08,282.39,18,3,259,False,2.0,1.0,2.0,False
1320,Declining,28.922043927527778,54.03,105.27,6,112,152,False,1.0,3.0,1.0,False
1321,Loyal Actives,228.61368444175295,287.89,687.95,98,2,270,True,3.0,5.0,5.0,False
1322,Truly Lapsed,25.26697461805355,0.0,87.18,9,92,170,False,1.0,1.0,1.0,False
1323,Truly Lapsed,23.761285055124937,3.26,47.4,3,205,17,False,1.0,1.0,1.0,False
1324,Declining,190.92493949080733,693.51,858.03,20,25,223,False,3.0,2.0,2.0,False
1325,Loyal Actives,416.52024410536393,783.3,1227.54,28,2,271,False,4.0,4.0,3.0,False
1326,Champions,1199.0669968157547,2026.09,4932.92,195,1,271,True,5.0,4.0,5.0,False
1327,Single-Trip,14.963205113189336,0.0,48.51,1,149,0,False,,,,False
1328,Loyal Actives,212.19974343938355,434.41,733.95,31,4,243,False,3.0,2.0,4.0,False
1329,Declining,268.5308648078699,94.41,897.21,16,3,238,False,3.0,2.0,2.0,False
1330,Loyal Actives,236.3412097544497,175.03,818.68,33,13,250,False,3.0,2.0,3.0,False
1331,Loyal Actives,184.528882145985,167.58,675.76,37,6,265,False,2.0,4.0,3.0,False
1332,Loyal Actives,259.64444432498584,357.23,1093.23,24,12,261,False,3.0,5.0,3.0,False
1333,Loyal Actives,896.2494938184506,1342.05,3608.13,64,9,264,True,5.0,4.0,4.0,False
1334,Truly Lapsed,59.05656929320515,197.12,69.55,8,9,63,False,1.0,1.0,2.0,False
1335,Declining,124.01616123704218,119.75,517.49,17,29,238,False,2.0,2.0,2.0,False
1336,Loyal Actives,600.1195556979765,892.93,2395.6,44,8,262,False,5.0,5.0,4.0,False
1337,Champions,1458.706170862717,1718.88,5535.5,112,1,271,True,5.0,4.0,5.0,False
1338,Champions,340.16831497796227,601.66,558.1,79,1,146,False,3.0,4.0,5.0,False
1339,Truly Lapsed,98.65287899786831,129.99,179.28,2,18,35,False,1.0,1.0,1.0,False
1340,Declining,120.26981925129864,29.74,263.09,27,1,248,False,1.0,3.0,3.0,False
1341,Truly Lapsed,90.32824561558904,56.84,263.23,6,73,51,False,1.0,2.0,1.0,False
1342,Champions,78.31935435439266,6.38,111.49,7,4,249,False,1.0,2.0,1.0,False
1343,Truly Lapsed,12.76365906457605,0.0,38.23,6,146,112,False,1.0,1.0,1.0,False
1344,Declining,314.6857842415594,494.11,937.44,9,49,204,False,3.0,1.0,1.0,False
1345,Declining,91.70898966268597,207.15,305.13,14,34,203,False,2.0,4.0,2.0,False
1346,Loyal Actives,193.1328837905236,285.78,560.47,36,7,231,False,2.0,3.0,3.0,False
1347,Loyal Actives,447.0535605545083,851.84,1312.92,49,1,261,False,4.0,3.0,4.0,False
1348,Declining,86.56350603512449,57.83,119.36,8,5,221,False,1.0,2.0,1.0,False
1349,Loyal Actives,622.2747150768272,576.06,2448.64,86,4,267,False,5.0,1.0,5.0,False
1350,Loyal Actives,131.9758590210683,667.42,584.25,39,45,227,False,3.0,5.0,3.0,False
1351,Declining,41.5848874485233,135.31,106.92,27,6,255,False,1.0,3.0,3.0,False
1352,Champions,691.8235461107197,763.74,2411.84,62,4,267,True,5.0,4.0,4.0,False
1353,Loyal Actives,576.721321445796,454.23,2272.79,72,3,260,False,4.0,4.0,4.0,False
1354,Loyal Actives,406.6074147237322,510.82,1112.87,44,1,263,True,4.0,4.0,4.0,False
1355,,,,,,,,False,,,,True
1356,Loyal Actives,333.2070417480989,155.99,1036.61,42,6,264,False,3.0,2.0,3.0,False
1357,Champions,450.3875136907439,597.86,1619.97,37,9,259,True,4.0,4.0,3.0,False
1358,Truly Lapsed,213.6610262612121,811.38,299.11,12,13,23,False,3.0,5.0,4.0,False
1359,Declining,165.79913070264212,150.53,559.8,45,10,260,False,2.0,1.0,3.0,False
1360,Declining,94.79427387749676,93.33,196.29,8,2,269,False,1.0,2.0,1.0,False
1361,Truly Lapsed,19.11941987757999,0.0,64.58,2,85,174,False,1.0,1.0,1.0,False
1362,Loyal Actives,202.55548328655615,242.25,655.14,29,12,252,False,3.0,5.0,3.0,False
1363,Declining,653.0621611684127,737.98,2233.81,35,10,162,True,4.0,1.0,3.0,False
1364,Loyal Actives,271.7278374177618,378.09,796.4,53,10,250,True,3.0,5.0,4.0,False
1365,Truly Lapsed,5.389586891398813,0.0,19.41,2,169,87,False,1.0,1.0,1.0,False
1366,Loyal Actives,472.1153913322915,998.44,1690.21,100,5,265,False,4.0,5.0,5.0,False
1367,Champions,1288.3769213393016,1883.54,4547.94,124,1,270,True,5.0,5.0,5.0,False
1368,Declining,241.49677103553609,653.97,1166.86,13,30,237,False,4.0,2.0,2.0,False
1369,Loyal Actives,293.5226899997464,401.58,868.39,36,3,269,True,3.0,5.0,4.0,False
1370,Loyal Actives,943.4095556760816,1293.05,3727.51,35,7,259,True,5.0,5.0,3.0,False
1371,Truly Lapsed,116.6852333946738,0.0,413.91,29,27,226,False,2.0,1.0,2.0,False
1372,Declining,169.30430300042275,109.48,556.64,9,21,232,False,2.0,1.0,1.0,False
1373,Declining,65.03874380192882,97.49,211.65,12,33,204,False,1.0,4.0,2.0,False
1374,Loyal Actives,339.0908501887833,247.73,1521.58,50,15,254,False,4.0,4.0,4.0,False
1375,Loyal Actives,621.242111062949,208.86,2053.52,60,4,262,False,4.0,2.0,4.0,False
1376,Champions,1171.1048592229429,1478.4,4867.56,104,7,266,True,5.0,5.0,5.0,False
1377,Declining,119.51841841277756,13.36,398.39,13,28,237,False,2.0,2.0,1.0,False
1378,Loyal Actives,1060.3990143904168,953.48,3069.89,51,2,271,True,5.0,5.0,4.0,False
1379,Champions,1408.098243871451,2593.43,6287.0,221,5,268,False,5.0,5.0,5.0,False
1380,Declining,109.91772388328448,12.67,255.61,13,5,262,False,1.0,1.0,1.0,False
1381,Declining,20.6661799896501,2.99,53.46,17,29,211,False,1.0,2.0,2.0,False
1382,Loyal Actives,339.48815499718967,153.91,1115.27,51,3,262,True,3.0,4.0,4.0,False
1383,Loyal Actives,135.0481162807592,481.53,380.62,48,7,264,False,2.0,3.0,4.0,False
1384,Loyal Actives,103.36484183499238,245.44,351.2,17,15,252,False,2.0,4.0,2.0,False
1385,Loyal Actives,595.4274787036769,724.03,1958.67,35,2,271,False,4.0,3.0,3.0,False
1386,Truly Lapsed,21.80127494214975,0.0,51.53,4,134,129,False,1.0,1.0,1.0,False
1387,Loyal Actives,177.4940966878217,371.85,759.71,30,14,253,False,3.0,4.0,3.0,False
1388,Loyal Actives,836.8063594963124,558.74,2624.53,49,3,269,True,5.0,3.0,4.0,False
1389,Declining,235.7400012383383,664.1,834.55,13,20,180,True,3.0,3.0,2.0,False
1390,Loyal Actives,651.8532352613933,649.32,3346.46,137,7,262,False,5.0,2.0,5.0,False
1391,Champions,811.567123999043,998.3,3282.75,65,4,267,True,5.0,3.0,4.0,False
1392,Loyal Actives,187.84221702059816,91.05,896.94,46,55,209,False,3.0,2.0,3.0,False
1393,Loyal Actives,645.7721862187974,1089.24,2253.42,85,4,267,True,5.0,2.0,5.0,False
1394,Loyal Actives,617.8552988951534,667.02,1835.14,68,3,270,True,4.0,3.0,4.0,False
1395,Declining,113.21152594474064,496.84,318.44,14,58,149,False,2.0,4.0,2.0,False
1396,Loyal Actives,716.1843293293667,173.82,3157.85,116,4,266,True,5.0,1.0,5.0,False
1397,Loyal Actives,585.6332346502862,1200.42,2087.59,112,4,266,True,5.0,4.0,5.0,False
1398,Declining,139.6330296890393,37.2,225.24,9,1,209,False,1.0,1.0,1.0,False
1399,Declining,129.99358803406244,177.35,387.6,12,7,261,False,2.0,2.0,2.0,False
1400,Truly Lapsed,0.6966176549080877,22.58,2.0,1,153,0,False,1.0,1.0,1.0,False
1401,Champions,67.19655932731148,179.71,215.72,23,6,264,False,2.0,2.0,3.0,False
1402,Champions,216.5933581535436,66.39,991.65,81,13,260,True,3.0,5.0,5.0,False
1403,Champions,442.154798255194,35.29,1833.43,64,14,258,False,4.0,1.0,4.0,False
1404,Declining,83.59967993107564,304.53,170.67,12,21,187,False,2.0,2.0,2.0,False
1405,Loyal Actives,173.84535925069392,471.39,671.46,15,12,237,False,3.0,5.0,2.0,False
1406,Loyal Actives,532.2799788111467,620.32,1231.22,36,1,262,False,4.0,5.0,4.0,False
1407,Loyal Actives,198.5603051254174,937.26,327.51,16,4,219,False,3.0,4.0,2.0,False
1408,Declining,213.55079826075672,37.97,672.96,36,8,245,False,2.0,1.0,3.0,False
1409,Loyal Actives,666.8831662888881,507.41,2429.04,44,2,263,False,4.0,2.0,4.0,False
1410,Declining,196.6701654637787,31.1,880.89,7,57,181,False,3.0,1.0,1.0,False
1411,Single-Trip,5.94228645196136,0.0,9.52,1,115,0,False,,,,False
1412,Loyal Actives,606.9101911503307,569.02,2281.76,40,6,266,True,4.0,3.0,3.0,False
1413,Declining,18.277841543576564,55.6,30.61,2,37,128,False,1.0,2.0,1.0,False
1414,Declining,47.15124657828807,21.66,95.0,4,17,244,False,1.0,2.0,1.0,False
1415,Declining,28.35922366991663,87.05,80.61,7,55,216,False,1.0,5.0,2.0,False
1416,Declining,1.3064313925302944,33.77,7.98,1,224,0,False,1.0,1.0,1.0,False
1417,Loyal Actives,459.738694921419,1215.29,2159.81,34,9,175,False,5.0,4.0,4.0,False
1418,Loyal Actives,325.613887316969,425.11,1058.21,25,6,261,True,3.0,4.0,3.0,False
1419,Loyal Actives,810.8144595111723,635.6,3061.94,211,3,270,True,5.0,5.0,5.0,False
1420,Loyal Actives,507.1518204651749,154.37,2381.8,35,17,253,False,4.0,2.0,3.0,False
1421,Champions,686.0691469974212,732.08,2472.79,97,2,271,True,5.0,4.0,5.0,False
1422,Declining,20.27324717882424,165.89,73.92,1,198,0,False,1.0,1.0,1.0,False
1423,Champions,341.90584736484243,328.67,885.22,71,2,270,True,3.0,5.0,4.0,False
1424,Loyal Actives,112.238026554619,188.83,212.99,22,1,271,False,2.0,3.0,3.0,False
1425,Loyal Actives,441.7279785549897,360.51,1703.31,52,5,263,True,4.0,4.0,4.0,False
1426,Declining,145.49049690917727,185.81,456.88,11,12,249,False,2.0,3.0,1.0,False
1427,Loyal Actives,44.55486079187105,989.26,168.13,11,42,224,False,3.0,3.0,2.0,False
1428,Champions,616.9583627543374,1242.29,2532.15,85,4,268,True,5.0,3.0,5.0,False
1429,Loyal Actives,140.5876791820173,112.64,292.06,34,6,264,True,2.0,3.0,3.0,False
1430,Champions,1995.5539220893208,2697.42,10117.22,156,7,266,True,5.0,4.0,5.0,False
1431,Loyal Actives,312.15442670193295,389.01,1158.04,69,4,268,False,3.0,5.0,4.0,False
1432,Declining,56.43547336053303,130.83,90.92,4,58,80,False,1.0,2.0,1.0,False
1433,Truly Lapsed,,,,,,,False,1.0,5.0,1.0,True
1434,Loyal Actives,597.5607016294068,612.09,2034.02,110,3,264,False,4.0,4.0,5.0,False
1435,Declining,47.5918857726005,195.26,112.18,5,35,204,False,1.0,1.0,1.0,False
1436,Truly Lapsed,21.404304547462853,55.8,21.57,2,31,104,False,1.0,1.0,1.0,False
1437,Loyal Actives,437.32209437007174,587.8,1783.09,38,15,257,True,4.0,5.0,3.0,False
1438,Loyal Actives,276.2787702695974,229.28,989.25,18,5,260,True,3.0,3.0,2.0,False
1439,Declining,62.28580042077476,71.26,224.41,17,28,232,False,1.0,2.0,2.0,False
1440,Champions,399.1301543291549,356.67,977.4,47,1,224,False,3.0,3.0,4.0,False
1441,Declining,62.397402414486066,99.28,108.97,5,10,230,False,1.0,2.0,1.0,False
1442,Truly Lapsed,88.46619157907878,0.0,227.13,18,37,122,False,1.0,1.0,2.0,False
1443,Loyal Actives,206.71222176909424,291.76,519.3,41,2,266,True,2.0,4.0,4.0,False
1444,Declining,87.82218152720486,23.67,241.63,13,11,240,False,1.0,1.0,2.0,False
1445,Loyal Actives,862.4683570444136,928.09,2723.66,85,2,271,True,5.0,3.0,5.0,False
1446,Loyal Actives,556.16791056177,160.81,1187.72,22,1,266,False,3.0,4.0,2.0,False
1447,Declining,101.8299816719598,125.72,296.91,17,23,208,False,2.0,2.0,2.0,False
1448,Declining,271.1830977398911,0.0,1419.7,68,26,225,False,3.0,1.0,4.0,False
1449,Declining,73.78872178665566,54.18,273.0,17,30,242,False,1.0,2.0,2.0,False
1450,Champions,196.828116777388,116.2,698.46,32,4,266,False,2.0,4.0,3.0,False
1451,Champions,1175.8675611754877,1029.98,3256.06,137,1,271,True,5.0,3.0,5.0,False
1452,Loyal Actives,340.426493585804,412.76,908.13,173,1,272,True,3.0,4.0,5.0,False
1453,Loyal Actives,1946.662831204962,3626.79,9681.56,370,4,267,True,5.0,5.0,5.0,False
1454,Champions,709.7576769716231,1145.73,3050.35,97,6,251,True,5.0,5.0,5.0,False
1456,Declining,182.98168705138775,4.19,814.33,38,13,257,False,2.0,2.0,3.0,False
1457,Loyal Actives,412.08221248046704,751.47,1130.95,21,1,240,False,4.0,4.0,2.0,False
1458,Loyal Actives,350.3386461854009,702.79,1202.37,51,3,265,False,4.0,4.0,4.0,False
1459,Loyal Actives,707.054754328639,868.61,2322.32,40,5,264,False,5.0,5.0,3.0,False
1460,Loyal Actives,332.4796796863174,254.49,1051.13,23,5,246,False,3.0,3.0,2.0,False
1461,Champions,590.8487224696709,1679.53,2654.2,103,4,266,True,5.0,5.0,5.0,False
1462,Loyal Actives,530.0585725586167,1125.84,1889.18,51,5,262,True,5.0,5.0,4.0,False
1463,Champions,319.92320248099503,190.84,1343.85,52,7,265,False,3.0,2.0,4.0,False
1464,Loyal Actives,294.31472377641654,273.85,1235.61,33,8,265,False,3.0,2.0,3.0,False
1465,Loyal Actives,127.0649431609208,119.3,341.09,17,9,264,False,2.0,4.0,2.0,False
1466,Declining,113.73976312131052,50.62,348.05,12,70,189,False,2.0,1.0,1.0,False
1467,Loyal Actives,372.23104862413487,745.15,1341.99,520,1,272,True,4.0,5.0,5.0,False
1468,Truly Lapsed,1059.6511287809997,100.4,1678.77,32,1,148,True,4.0,1.0,3.0,False
1469,Declining,235.0518841512147,0.0,823.36,29,8,265,False,2.0,1.0,2.0,False
1470,Champions,233.71418180843304,483.71,569.92,46,3,258,True,3.0,3.0,4.0,False
1471,Champions,67.18942737278186,76.79,171.21,13,19,236,False,1.0,3.0,2.0,False
1472,Single-Trip,112.30335863901084,0.0,180.01,1,141,0,False,,,,False
1473,Loyal Actives,471.50900545572335,858.3,1762.48,49,10,258,False,4.0,5.0,4.0,False
1474,Loyal Actives,425.5211393265196,518.61,1389.74,40,1,256,True,4.0,3.0,4.0,False
1475,Loyal Actives,1730.0823942628078,2490.01,6900.68,161,1,272,True,5.0,5.0,5.0,False
1476,Champions,1108.1595162216577,1358.65,3861.81,147,1,271,False,5.0,4.0,5.0,False
1477,Truly Lapsed,30.20815797473308,10.56,44.67,3,19,150,False,1.0,1.0,1.0,False
1478,Truly Lapsed,11.665768070853364,0.0,26.2,2,45,150,False,1.0,1.0,1.0,False
1479,Loyal Actives,861.6526579274837,1783.42,3803.83,324,1,272,True,5.0,5.0,5.0,False
1480,Declining,34.61739919114323,1.99,104.04,15,7,246,False,1.0,1.0,1.0,False
1481,Loyal Actives,501.5341538486913,830.65,1785.84,87,4,255,True,4.0,5.0,5.0,False
1482,Declining,19.330328544573796,35.74,52.05,3,159,57,False,1.0,1.0,1.0,False
1483,Loyal Actives,486.3860037883684,790.07,1770.64,46,2,271,True,4.0,4.0,4.0,False
1484,Loyal Actives,457.5554270008071,478.48,1349.05,53,1,265,True,4.0,3.0,4.0,False
1485,Loyal Actives,258.2721948973897,107.16,752.44,23,19,251,True,2.0,3.0,2.0,False
1486,Declining,67.15364214377642,129.78,218.87,6,155,103,False,1.0,1.0,1.0,False
1487,Declining,182.2425851227623,519.45,299.81,9,14,112,False,2.0,4.0,2.0,False
1488,Loyal Actives,355.6793100824314,743.05,1450.56,36,17,255,True,4.0,3.0,3.0,False
1489,Champions,1829.4086400674864,3271.4,7682.59,259,1,272,False,5.0,5.0,5.0,False
1490,Loyal Actives,631.9207372225595,681.31,1852.34,86,1,268,False,4.0,5.0,5.0,False
1491,Loyal Actives,780.2155715432037,874.72,2389.26,122,2,269,True,5.0,4.0,5.0,False
1492,Loyal Actives,158.0450747961928,154.33,524.42,38,9,258,True,2.0,5.0,3.0,False
1493,Champions,64.75355092668417,116.08,192.75,9,20,242,False,1.0,5.0,1.0,False
1494,Loyal Actives,364.33616662746226,351.03,1195.05,32,8,261,True,3.0,4.0,3.0,False
1495,Loyal Actives,215.13846468822723,292.47,753.0,67,3,268,False,3.0,4.0,4.0,False
1496,Truly Lapsed,51.709191994648926,0.0,163.76,5,78,162,False,1.0,1.0,1.0,False
1497,Declining,66.72741305345548,131.09,135.83,2,13,205,False,1.0,1.0,1.0,False
1498,Declining,127.4146027186463,94.98,359.83,8,10,251,False,2.0,1.0,1.0,False
1499,Loyal Actives,283.64111891162594,349.4,975.24,40,3,268,True,3.0,3.0,3.0,False
1500,Declining,69.59619758999291,163.43,225.72,18,69,193,False,2.0,3.0,2.0,False
1501,Champions,1072.4222000016016,1537.59,3620.09,92,1,269,False,5.0,4.0,5.0,False
1502,Declining,144.28998909470633,50.03,476.14,13,41,229,False,2.0,1.0,1.0,False
1503,Truly Lapsed,27.68049895887667,51.63,31.19,4,10,103,False,1.0,4.0,1.0,False
1505,Loyal Actives,509.9223192320842,746.34,1626.63,37,3,263,True,4.0,4.0,4.0,False
1506,Loyal Actives,268.7143624978725,315.81,1113.66,64,13,255,False,3.0,4.0,4.0,False
1507,Declining,25.79769058153524,641.12,95.09,3,211,45,False,2.0,4.0,1.0,False
1508,Loyal Actives,183.00981739468185,202.01,549.59,25,8,256,False,2.0,4.0,3.0,False
1509,Champions,910.0370580769973,882.28,2821.65,90,2,269,True,5.0,5.0,5.0,False
1510,Champions,1153.7025077396677,2135.97,4761.8,553,1,272,False,5.0,5.0,5.0,False
1511,Loyal Actives,482.34522718806073,776.01,1838.43,70,8,263,False,4.0,5.0,4.0,False
1512,Loyal Actives,137.72610094158108,304.78,545.38,26,16,236,False,2.0,2.0,3.0,False
1513,Declining,127.14120695898256,67.7,460.17,23,20,233,False,2.0,2.0,2.0,False
1514,Loyal Actives,377.5483178624363,296.46,1150.48,29,6,264,False,3.0,2.0,3.0,False
1515,Loyal Actives,432.56099933379056,40.54,1868.62,42,25,247,False,4.0,3.0,3.0,False
1516,Truly Lapsed,53.021197019602454,0.0,139.08,9,61,203,False,1.0,1.0,1.0,False
1517,Loyal Actives,548.9921871660271,736.36,1688.01,64,2,267,True,4.0,3.0,4.0,False
1518,Declining,73.24060748980378,50.66,322.11,12,54,173,False,2.0,2.0,1.0,False
1519,Loyal Actives,50.34702074581993,1579.49,88.29,4,15,258,False,4.0,4.0,2.0,False
1520,Champions,675.7820938150787,516.35,1821.83,61,1,266,False,4.0,5.0,4.0,False
1521,Declining,78.4384706223321,165.44,116.77,9,2,269,False,1.0,5.0,1.0,False
1522,Loyal Actives,169.27605830867316,163.29,621.59,27,7,249,False,2.0,2.0,2.0,False
1523,Truly Lapsed,53.32160154472674,0.0,184.46,10,126,134,False,1.0,1.0,1.0,False
1524,Champions,461.4319209013456,248.96,1434.64,30,2,259,True,4.0,1.0,3.0,False
1525,Declining,260.4141442566206,576.45,585.2,15,14,105,False,3.0,5.0,2.0,False
1526,Loyal Actives,296.7323989020396,391.67,1263.31,88,8,264,False,4.0,3.0,5.0,False
1527,Champions,1904.5988832813869,2435.41,7473.01,126,2,270,True,5.0,5.0,5.0,False
1528,Loyal Actives,1031.6273520778543,1425.67,3208.34,81,1,271,True,5.0,5.0,5.0,False
1529,Champions,1158.9570525570034,1049.57,4250.12,126,2,268,True,5.0,2.0,5.0,False
1530,Declining,120.57208023188204,105.43,378.75,16,15,249,False,2.0,2.0,2.0,False
1531,Declining,154.14657812526644,116.74,389.46,16,7,195,False,2.0,2.0,2.0,False
1532,Declining,80.98291311604372,128.88,142.58,5,25,248,False,1.0,2.0,1.0,False
1533,Declining,29.881571038681308,44.86,57.28,7,38,229,False,1.0,3.0,1.0,False
1534,Champions,1316.026072715008,1435.2,4172.12,156,1,264,True,5.0,5.0,5.0,False
1535,Loyal Actives,865.5342982787159,1418.63,4191.61,144,5,266,False,5.0,5.0,5.0,False
1536,Champions,746.3780171973842,890.79,2761.85,62,6,266,True,5.0,3.0,4.0,False
1537,Loyal Actives,302.86561271980753,297.63,817.21,43,3,257,True,3.0,5.0,4.0,False
1538,Truly Lapsed,36.36334936505282,0.0,117.55,6,220,49,False,1.0,1.0,1.0,False
1539,Truly Lapsed,26.846672954309422,6.47,39.69,3,17,150,False,1.0,1.0,1.0,False
1540,Loyal Actives,641.8795742633306,451.85,1886.4,74,1,271,True,4.0,5.0,5.0,False
1541,Loyal Actives,966.434158462334,1427.42,3051.64,41,4,269,True,5.0,3.0,4.0,False
1542,Loyal Actives,233.91884504885752,232.93,804.8,48,18,249,False,3.0,3.0,4.0,False
1543,Loyal Actives,219.84455325664425,177.67,836.99,26,10,247,False,3.0,5.0,2.0,False
1544,Champions,181.84157805013817,42.91,592.36,13,11,260,False,2.0,2.0,1.0,False
1545,Loyal Actives,718.4816252789842,535.74,2046.16,91,1,267,True,4.0,4.0,5.0,False
1546,Loyal Actives,451.4731131032974,895.22,1974.62,49,8,257,False,4.0,4.0,4.0,False
1547,Champions,234.1538535349736,623.91,598.37,99,2,197,False,3.0,5.0,5.0,False
1548,Loyal Actives,134.96265000222775,485.11,302.05,14,12,248,False,2.0,3.0,2.0,False
1549,Loyal Actives,282.4635068920418,273.67,724.15,67,1,271,True,3.0,5.0,5.0,False
1550,Truly Lapsed,137.77102112736273,490.2,129.1,20,3,22,False,2.0,5.0,5.0,False
1552,Declining,75.1120819314944,182.09,257.77,14,35,229,False,2.0,3.0,2.0,False
1553,Declining,3.731814863178326,0.75,10.29,2,206,0,False,1.0,1.0,1.0,False
1554,Truly Lapsed,79.29608890398588,0.0,256.46,14,27,155,False,1.0,1.0,1.0,False
1555,Loyal Actives,210.11397624420096,90.03,789.17,41,9,257,False,3.0,5.0,3.0,False
1556,Loyal Actives,396.4887089421979,728.8,1234.95,51,5,267,True,4.0,4.0,4.0,False
1557,Champions,1100.7438891797312,548.69,3242.36,99,1,265,True,5.0,3.0,5.0,False
1558,Loyal Actives,649.9484698268446,708.22,1955.23,54,4,269,False,4.0,4.0,4.0,False
1559,Declining,251.83914218749675,218.16,1217.98,26,75,164,False,3.0,3.0,3.0,False
1560,Declining,148.2669960882627,412.71,399.41,21,3,209,False,2.0,4.0,3.0,False
1561,,,,,,,,False,,,,True
1562,Declining,116.4249910384904,275.21,452.95,22,9,242,False,2.0,1.0,2.0,False
1563,Loyal Actives,393.7032233253725,905.91,1627.87,58,5,268,True,4.0,5.0,4.0,False
1564,Declining,45.71323223396725,16.58,200.16,17,116,153,False,1.0,2.0,2.0,False
1565,Declining,60.767338008778594,22.74,208.7,14,35,235,False,1.0,5.0,2.0,False
1566,Champions,1536.9978534610193,3104.35,5248.48,166,1,245,True,5.0,5.0,5.0,False
1567,Loyal Actives,300.12751096977496,288.21,970.04,77,2,264,True,3.0,3.0,5.0,False
1568,Loyal Actives,377.03350706798886,967.95,1792.22,37,21,242,True,4.0,5.0,3.0,False
1569,Declining,109.7688359960881,62.41,398.56,26,27,212,False,2.0,4.0,2.0,False
1570,Declining,138.77388922462717,582.1,584.39,16,38,175,False,3.0,2.0,2.0,False
1571,Declining,43.175453201455696,79.78,122.78,10,48,217,False,1.0,1.0,1.0,False
1572,Declining,371.2327142904806,321.4,525.31,14,1,121,True,2.0,3.0,2.0,False
1573,Declining,30.610851756493258,41.33,37.92,12,1,246,False,1.0,1.0,1.0,False
1574,Declining,339.1374094204357,820.07,1844.55,13,26,244,False,4.0,1.0,2.0,False
1575,Loyal Actives,279.4464466080698,273.3,1006.5,31,7,256,False,3.0,2.0,3.0,False
1576,Declining,28.23168120277795,107.37,44.22,3,14,202,False,1.0,3.0,1.0,False
1577,Loyal Actives,510.7424617510871,448.65,1834.75,38,5,267,False,4.0,3.0,3.0,False
1578,Loyal Actives,268.5848157998731,341.37,1138.19,44,10,261,True,3.0,5.0,3.0,False
1579,Champions,1381.340063608731,1719.65,5542.39,267,1,272,False,5.0,3.0,5.0,False
1580,Loyal Actives,323.8394712424105,520.84,940.49,113,2,245,True,3.0,5.0,5.0,False
1581,Declining,390.35574948437807,379.33,634.02,15,5,120,False,3.0,2.0,2.0,False
1582,Declining,197.386651012438,170.3,601.14,12,19,240,False,2.0,1.0,2.0,False
1583,Declining,36.68520035764057,68.68,131.06,7,20,244,False,1.0,1.0,1.0,False
1584,Loyal Actives,957.471905538138,806.32,3661.66,172,1,271,False,5.0,5.0,5.0,False
1585,Champions,1240.4893863420152,2058.71,3625.04,70,1,269,True,5.0,4.0,5.0,False
1586,Declining,298.7348052282881,234.23,861.82,30,3,268,False,3.0,3.0,3.0,False
1587,Loyal Actives,121.76735433509752,85.02,378.77,27,9,256,False,2.0,3.0,3.0,False
1588,Loyal Actives,719.6571083689321,567.3,2085.01,107,2,269,True,4.0,5.0,5.0,False
1589,Declining,57.152128470065215,40.86,146.36,7,38,226,False,1.0,2.0,1.0,False
1590,Loyal Actives,984.8420610684168,911.5,2932.95,40,2,261,False,5.0,2.0,3.0,False
1591,Champions,734.9447892329983,1069.9,2193.0,47,1,271,True,5.0,3.0,4.0,False
1592,Champions,291.46704903140176,900.85,1048.5,24,7,256,False,4.0,5.0,3.0,False
1593,Declining,273.1942740490977,170.32,584.8,13,5,236,False,2.0,2.0,2.0,False
1594,Loyal Actives,319.0694274015331,748.46,1073.37,49,1,264,False,4.0,4.0,4.0,False
1595,Champions,485.33595518575936,491.74,1979.76,57,7,265,True,4.0,4.0,4.0,False
1596,Declining,390.96462081889024,331.52,964.64,11,3,184,False,3.0,2.0,2.0,False
1597,Declining,55.18735323719526,63.1,143.14,18,7,262,False,1.0,2.0,2.0,False
1598,Loyal Actives,1645.6697961238128,1759.43,6779.96,285,1,272,False,5.0,5.0,5.0,False
1599,Loyal Actives,885.2048485810511,1125.25,2813.39,59,1,272,False,5.0,3.0,4.0,False
1600,Champions,155.68023885379915,126.31,280.49,22,1,209,False,2.0,1.0,2.0,False
1601,Truly Lapsed,138.28340536894086,0.0,565.51,8,80,184,False,2.0,1.0,1.0,False
1602,Loyal Actives,827.046561967827,788.0,2882.36,79,3,269,False,5.0,3.0,5.0,False
1603,Declining,100.67718410478771,30.54,403.62,8,59,181,False,2.0,1.0,1.0,False
1604,Loyal Actives,155.4606451620191,140.66,348.29,77,1,271,True,2.0,5.0,5.0,False
1605,Declining,94.69595553042892,111.06,184.67,27,62,202,False,1.0,4.0,3.0,False
1606,Declining,142.56023347925603,97.73,342.47,6,12,260,False,2.0,1.0,1.0,False
1607,Declining,322.7987820908048,269.38,1804.98,51,8,265,False,4.0,5.0,4.0,False
1608,Loyal Actives,162.39125308062714,198.46,545.69,16,22,237,False,2.0,5.0,2.0,False
1609,Loyal Actives,2187.205865534932,4213.91,12324.3,175,3,269,True,5.0,5.0,5.0,False
1610,Truly Lapsed,17.127686579455425,0.0,52.49,3,92,117,False,1.0,1.0,1.0,False
1611,Declining,98.12165323868275,131.3,252.02,19,9,249,False,2.0,1.0,2.0,False
1612,Champions,883.1140376350314,1053.1,3905.98,61,4,266,False,5.0,5.0,4.0,False
1613,Loyal Actives,1006.6157333758592,987.47,3097.28,67,1,272,False,5.0,5.0,4.0,False
1614,Declining,126.85399031766164,45.08,278.53,38,2,260,False,1.0,1.0,3.0,False
1615,Declining,65.8302066483023,26.04,273.81,19,28,244,False,1.0,3.0,2.0,False
1616,Declining,159.5498821327946,357.35,577.27,14,20,232,False,3.0,2.0,2.0,False
1617,Declining,485.5589683125655,286.55,2299.65,43,31,241,False,4.0,1.0,3.0,False
1618,Champions,672.8552343205653,831.96,1980.52,47,7,263,True,4.0,3.0,4.0,False
1619,Champions,735.662821797232,578.37,2162.93,87,1,271,False,4.0,3.0,5.0,False
1620,Champions,1098.3605125574622,1554.56,4728.17,167,2,271,False,5.0,5.0,5.0,False
1621,Loyal Actives,234.2856145540709,954.3,1202.15,28,21,250,False,4.0,5.0,4.0,False
1622,Loyal Actives,317.80783428368727,675.23,1386.04,43,8,262,False,4.0,4.0,4.0,False
1623,Loyal Actives,583.034318960722,1004.9,2119.33,77,1,245,False,5.0,3.0,5.0,False
1624,Loyal Actives,286.8096537003733,285.96,1083.46,43,5,256,False,3.0,2.0,4.0,False
1625,Declining,58.8501810613446,256.01,114.93,16,12,261,False,2.0,2.0,2.0,False
1626,Single-Trip,20.307469241480742,0.0,40.96,1,118,0,False,,,,False
1627,Champions,503.0531634866171,924.93,1541.52,47,1,254,True,4.0,3.0,4.0,False
1629,Declining,51.443360686202794,118.64,126.53,3,69,130,False,1.0,1.0,1.0,False
1630,Loyal Actives,1159.6236198348452,1528.88,3847.21,74,1,270,False,5.0,5.0,5.0,False
1631,Loyal Actives,1204.4145708980795,1171.0,5008.84,154,1,272,True,5.0,5.0,5.0,False
1632,Champions,235.21751183245175,139.38,983.39,28,13,257,False,3.0,1.0,2.0,False
1633,Loyal Actives,1216.8463649716552,1552.17,4656.26,75,7,263,True,5.0,5.0,5.0,False
1634,Loyal Actives,280.127811214214,499.1,926.92,22,5,264,True,3.0,4.0,3.0,False
1635,Declining,26.110562239637353,21.52,56.26,7,15,196,False,1.0,1.0,1.0,False
1636,Truly Lapsed,,,,,,,False,1.0,3.0,1.0,True
1637,Declining,29.264984327770797,169.15,120.63,9,66,188,False,1.0,4.0,2.0,False
1638,Loyal Actives,96.37217816515054,94.55,320.84,24,12,256,False,2.0,2.0,3.0,False
1639,Loyal Actives,268.54484533110076,363.46,1086.98,50,12,261,False,3.0,5.0,4.0,False
1640,Champions,326.8886613569322,291.66,2049.13,70,57,211,False,4.0,3.0,4.0,False
1641,Declining,72.066552560446,10.79,257.45,19,19,247,False,1.0,1.0,2.0,False
1642,Loyal Actives,230.33270501411877,237.96,708.32,48,5,267,False,3.0,5.0,4.0,False
1643,Loyal Actives,171.08829960475148,216.09,670.52,16,13,259,False,3.0,3.0,2.0,False
1644,Truly Lapsed,,,,,,,False,1.0,5.0,1.0,True
1645,Single-Trip,11.928410427215,0.0,136.47,1,232,0,False,,,,False
1646,Declining,75.66275542811061,122.24,264.49,23,12,256,False,2.0,1.0,2.0,False
1647,Truly Lapsed,7.284898573604022,4.39,7.81,3,17,76,False,1.0,2.0,1.0,False
1648,Champions,1024.132472525837,794.44,3485.16,74,2,258,True,5.0,5.0,5.0,False
1649,Declining,138.06847883691475,349.28,412.21,21,7,247,True,2.0,2.0,2.0,False
1650,Loyal Actives,343.28867820635503,342.92,1273.76,56,4,267,True,3.0,5.0,4.0,False
1651,Loyal Actives,224.26130153165897,537.98,907.88,30,8,265,False,3.0,3.0,3.0,False
1652,Declining,68.10820617954172,61.93,242.6,10,25,246,False,1.0,2.0,1.0,False
1653,Champions,1724.484808766342,3250.84,7917.86,248,2,270,True,5.0,4.0,5.0,False
1654,Declining,66.77476996516562,107.28,186.47,12,34,212,False,1.0,4.0,2.0,False
1655,Truly Lapsed,17.976863191213656,105.18,16.0,1,30,0,False,1.0,1.0,1.0,False
1656,Declining,84.52589608461497,103.36,217.62,3,63,75,False,1.0,4.0,1.0,False
1657,Champions,100.2500176911548,6.65,217.56,18,2,253,False,1.0,1.0,2.0,False
1658,Loyal Actives,169.73227333848104,268.36,545.91,18,8,244,False,2.0,5.0,3.0,False
1659,Loyal Actives,443.22565559063617,648.93,1498.48,72,5,264,False,4.0,2.0,5.0,False
1660,Declining,90.7913650423188,267.17,261.91,12,9,225,False,2.0,2.0,2.0,False
1661,Declining,148.366139660624,245.93,420.82,16,11,233,False,2.0,2.0,2.0,False
1662,Loyal Actives,1028.5785353864649,1211.54,3953.83,37,4,267,True,5.0,2.0,3.0,False
1663,Champions,359.9527163276787,337.87,985.27,101,1,271,False,3.0,2.0,5.0,False
1664,Truly Lapsed,454.6787672076671,789.21,845.83,16,5,43,False,4.0,5.0,3.0,False
1665,Loyal Actives,96.87303994257294,203.86,240.73,26,5,265,False,2.0,4.0,3.0,False
1666,Declining,145.32413118463785,86.85,535.02,44,8,259,False,2.0,1.0,3.0,False
1667,Declining,22.44688513548045,44.58,84.13,8,17,216,False,1.0,3.0,1.0,False
1668,Loyal Actives,244.1344887377792,451.34,909.51,35,12,256,False,3.0,4.0,3.0,False
1669,Truly Lapsed,100.12981715088964,83.74,62.62,1,26,0,False,1.0,1.0,1.0,False
1670,Declining,19.371802101035577,10.0,37.81,10,11,188,False,1.0,1.0,1.0,False
1671,Declining,120.74614067079408,123.48,434.97,11,48,190,False,2.0,1.0,1.0,False
1672,Loyal Actives,121.00528804495076,354.89,491.62,26,19,252,False,2.0,4.0,3.0,False
1673,Champions,399.9911145273704,311.82,2002.16,42,49,214,False,4.0,2.0,3.0,False
1674,Single-Trip,5.816375166202326,0.0,14.59,1,139,0,False,,,,False
1675,Loyal Actives,709.2147024090256,522.28,2464.05,54,3,266,False,5.0,2.0,4.0,False
1676,Loyal Actives,557.9169035209603,972.64,2035.5,48,5,257,True,5.0,4.0,4.0,False
1677,Loyal Actives,1443.0438125692478,1823.48,5519.1,82,2,268,True,5.0,3.0,5.0,False
1678,Declining,153.06195299251848,27.97,639.4,30,28,244,True,2.0,1.0,3.0,False
1679,Truly Lapsed,,,,,,,False,1.0,4.0,1.0,True
1680,Declining,365.3890711144166,194.45,1193.62,32,6,258,True,3.0,1.0,3.0,False
1681,Loyal Actives,320.4305429522422,439.59,1103.65,36,7,261,False,3.0,3.0,3.0,False
1682,Truly Lapsed,28.38096525832761,10.76,13.16,1,27,0,False,1.0,1.0,1.0,False
1683,Loyal Actives,238.21554048348875,325.26,631.31,31,4,268,False,3.0,3.0,3.0,False
1684,Declining,242.44176849043515,127.38,982.83,28,18,173,False,3.0,3.0,3.0,False
1685,Loyal Actives,118.1432933730145,233.48,360.07,34,7,265,False,2.0,4.0,3.0,False
1686,Loyal Actives,156.98732004040608,231.44,502.75,40,5,262,True,2.0,4.0,4.0,False
1687,Loyal Actives,553.6470140655424,435.7,1724.18,47,14,250,False,4.0,3.0,4.0,False
1688,Declining,144.08537925751384,132.27,542.78,23,27,195,False,2.0,4.0,2.0,False
1689,Loyal Actives,419.0646732115306,519.32,1592.76,57,3,270,True,4.0,4.0,4.0,False
1690,Declining,138.9620752631525,369.22,257.63,14,1,241,False,2.0,2.0,2.0,False
1691,Loyal Actives,343.25473762051115,408.86,1022.96,20,2,265,False,3.0,4.0,2.0,False
1692,Champions,289.582874145365,431.8,902.39,66,1,271,True,3.0,3.0,5.0,False
1693,Loyal Actives,746.9109196073074,1438.99,3352.57,76,9,262,True,5.0,4.0,4.0,False
1694,Champions,763.506209044526,1615.39,3454.5,103,6,265,True,5.0,4.0,5.0,False
1695,Declining,123.89305002018908,83.84,332.13,44,1,268,True,2.0,4.0,4.0,False
1696,Loyal Actives,393.21858072781816,268.56,1364.04,33,10,251,True,4.0,2.0,3.0,False
1697,Loyal Actives,152.65483123668065,169.05,486.68,20,6,258,False,2.0,4.0,2.0,False
1698,Loyal Actives,191.50136035766073,562.91,730.42,16,26,247,False,3.0,4.0,2.0,False
1699,Declining,174.91298022235543,124.62,451.9,11,23,232,False,2.0,1.0,1.0,False
1700,Declining,159.95457259368578,677.45,481.87,8,6,250,False,3.0,1.0,1.0,False
1701,Declining,233.9215367946903,216.3,671.52,11,7,225,False,3.0,3.0,1.0,False
1702,Loyal Actives,203.33738385662065,756.7,863.75,11,16,254,False,3.0,5.0,2.0,False
1703,Loyal Actives,760.4238956413012,1065.8,2289.26,114,1,251,False,5.0,4.0,5.0,False
1704,Declining,52.17923430137818,76.33,231.93,13,87,146,False,1.0,4.0,2.0,False
1705,Loyal Actives,245.4530230767712,317.89,828.23,75,5,267,False,3.0,3.0,5.0,False
1706,Truly Lapsed,45.11741238874428,83.54,67.34,3,22,58,False,1.0,3.0,1.0,False
1707,Loyal Actives,603.8614338162305,556.33,2010.4,264,2,271,True,4.0,5.0,5.0,False
1708,Loyal Actives,441.5806575447431,626.88,1412.09,19,3,270,True,4.0,5.0,2.0,False
1709,Loyal Actives,331.8891823361846,156.88,1328.75,56,6,257,True,3.0,2.0,4.0,False
1710,Loyal Actives,1168.7539540712987,1250.41,4934.42,78,4,263,True,5.0,4.0,5.0,False
1711,Declining,17.24636731517537,125.83,54.55,2,89,146,False,1.0,3.0,1.0,False
1712,Declining,112.98997541563786,104.36,308.14,7,49,196,False,2.0,1.0,1.0,False
1713,Declining,239.1421525309195,449.71,774.08,18,7,238,False,3.0,2.0,2.0,False
1714,Truly Lapsed,21.062228891436003,0.0,46.88,3,29,158,False,1.0,1.0,1.0,False
1715,Loyal Actives,113.31881625901568,130.97,356.26,22,16,257,False,2.0,2.0,2.0,False
1716,Loyal Actives,292.0252930492944,177.57,734.0,61,2,263,False,3.0,4.0,4.0,False
1717,Loyal Actives,131.52392202230595,420.99,532.86,34,8,262,False,3.0,4.0,3.0,False
1718,Truly Lapsed,56.9286053586385,247.46,34.79,1,27,0,False,1.0,2.0,1.0,False
1719,Loyal Actives,103.61641056569728,546.42,390.37,8,27,216,False,3.0,5.0,3.0,False
1720,Loyal Actives,818.6838531263966,917.82,2574.73,64,4,269,True,5.0,3.0,4.0,False
1721,Truly Lapsed,205.8702944482017,78.08,212.38,7,1,73,False,1.0,1.0,1.0,False
1722,Loyal Actives,900.2295091592521,865.78,4970.9,132,4,265,True,5.0,3.0,5.0,False
1723,Declining,520.9638410006672,633.06,2384.74,40,6,259,False,5.0,2.0,3.0,False
1724,Loyal Actives,275.56308802370216,340.27,779.19,30,2,240,False,3.0,5.0,3.0,False
1725,Truly Lapsed,245.31083274469455,5.66,291.45,7,1,175,False,1.0,1.0,1.0,False
1726,Champions,1044.0584606750845,1671.67,2924.27,67,3,267,True,5.0,4.0,5.0,False
1728,Declining,213.6245007151648,519.56,665.43,9,24,205,False,3.0,2.0,1.0,False
1729,Loyal Actives,268.4594795298968,147.44,717.9,23,3,269,False,2.0,4.0,2.0,False
1730,Champions,364.94537606654393,252.22,1580.94,73,5,266,False,4.0,4.0,4.0,False
1731,Loyal Actives,157.47603919034177,718.05,644.8,17,87,174,False,3.0,4.0,2.0,False
1732,Loyal Actives,381.63604095173514,569.05,1379.01,35,14,258,False,4.0,3.0,4.0,False
1733,Truly Lapsed,210.11381808498516,341.66,251.15,4,6,25,False,2.0,1.0,1.0,False
1734,Declining,44.2861127662884,10.37,108.96,11,10,238,False,1.0,1.0,1.0,False
1735,Loyal Actives,310.6669576786833,933.6,1344.24,37,16,229,False,4.0,4.0,4.0,False
1736,Declining,62.68340519362426,21.27,221.35,12,51,215,False,1.0,2.0,1.0,False
1737,Truly Lapsed,93.49666857754478,136.21,94.18,6,8,27,False,1.0,4.0,2.0,False
1738,Loyal Actives,159.10304153650412,300.74,578.65,22,4,261,False,3.0,3.0,3.0,False
1739,Declining,116.71527847906376,173.77,397.86,14,10,244,False,2.0,3.0,2.0,False
1740,Loyal Actives,1561.2713015000602,2176.74,7818.17,245,2,269,True,5.0,4.0,5.0,False
1741,Declining,13.94412118743699,27.9,31.01,3,70,140,False,1.0,1.0,1.0,False
1742,Loyal Actives,299.2829397004133,295.13,1115.52,136,4,268,False,3.0,4.0,5.0,False
1743,Champions,191.70833004774713,97.48,436.64,18,3,241,False,2.0,3.0,2.0,False
1744,Loyal Actives,118.73704977689012,188.09,349.64,30,7,262,False,2.0,4.0,3.0,False
1745,Loyal Actives,266.0809170296601,71.24,1216.19,65,26,245,True,3.0,2.0,4.0,False
1746,Declining,155.29003493177268,334.91,870.61,27,70,190,False,3.0,1.0,3.0,False
1747,Champions,189.3011799271324,435.8,1084.47,30,44,224,False,3.0,3.0,3.0,False
1748,Champions,483.9954067809499,1052.58,2401.4,111,3,266,True,5.0,3.0,5.0,False
1749,Champions,548.2905842184683,593.0,1910.21,66,6,267,True,4.0,3.0,4.0,False
1750,Truly Lapsed,93.91039925754136,144.03,235.3,6,28,113,False,2.0,1.0,1.0,False
1751,Loyal Actives,792.7209942733606,595.45,3033.77,106,3,257,True,5.0,5.0,5.0,False
1752,Loyal Actives,953.6593761247832,888.91,3419.08,98,2,269,False,5.0,4.0,5.0,False
1753,Loyal Actives,448.4968044825778,610.94,1290.79,214,2,271,True,4.0,2.0,5.0,False
1754,Champions,815.8474518472967,484.81,2079.07,101,2,264,False,4.0,3.0,5.0,False
1755,Loyal Actives,71.4565499945271,237.85,206.28,9,18,248,False,2.0,5.0,1.0,False
1756,Declining,325.6427819643387,0.0,938.1,23,3,269,False,3.0,1.0,2.0,False
1757,Truly Lapsed,15.129738764837091,0.0,34.42,3,104,54,False,1.0,1.0,1.0,False
1758,Loyal Actives,413.91493073110576,452.27,1257.36,37,3,243,False,4.0,5.0,3.0,False
1759,Loyal Actives,624.7040335894483,602.34,2194.29,156,2,270,True,4.0,4.0,5.0,False
1760,Declining,61.282591648667584,118.54,191.26,20,48,200,False,1.0,5.0,3.0,False
1761,Declining,287.87768942140167,326.77,894.27,14,3,238,False,3.0,2.0,2.0,False
1762,Champions,1918.0057535092435,2355.4,6903.94,147,1,270,True,5.0,2.0,5.0,False
1763,Loyal Actives,764.966528114206,661.63,2471.15,91,2,269,False,5.0,5.0,5.0,False
1764,Loyal Actives,1477.3755874448104,3371.37,5426.23,47,3,264,True,5.0,4.0,4.0,False
1765,Loyal Actives,463.95673694792936,425.47,2031.73,34,4,269,True,4.0,3.0,3.0,False
1766,Declining,49.06966095908638,183.74,161.56,14,58,191,False,1.0,2.0,2.0,False
1767,Loyal Actives,849.893813460396,489.08,4923.79,251,10,263,False,5.0,3.0,5.0,False
1768,Loyal Actives,150.09898157608305,253.49,848.52,43,26,245,False,3.0,2.0,3.0,False
1769,Loyal Actives,1017.6745409679178,1069.99,3088.16,68,1,272,False,5.0,5.0,4.0,False
1770,Champions,664.7570085154758,427.06,3481.52,159,9,263,False,5.0,5.0,5.0,False
1771,Declining,94.00102714390307,146.84,189.73,4,18,213,False,1.0,5.0,1.0,False
1772,Declining,277.79261360270596,76.38,970.81,41,5,267,False,3.0,1.0,3.0,False
1773,Champions,480.77253099329783,355.73,1442.0,43,7,266,False,4.0,2.0,3.0,False
1774,Loyal Actives,467.8441241372783,786.63,1621.29,24,9,253,False,4.0,5.0,3.0,False
1775,Champions,1008.3462941924852,1459.4,4810.75,107,3,267,True,5.0,2.0,5.0,False
1776,Loyal Actives,416.16831024955354,95.05,1247.46,65,2,271,False,3.0,5.0,4.0,False
1777,Loyal Actives,154.76157834583273,212.69,577.03,36,10,263,False,2.0,3.0,3.0,False
1778,Champions,1114.60270588704,1041.71,4342.09,127,3,267,True,5.0,4.0,5.0,False
1779,Loyal Actives,549.6388021548715,419.7,1968.29,53,3,265,True,4.0,2.0,4.0,False
1780,Declining,42.332846038561534,183.05,90.98,7,28,238,False,1.0,1.0,1.0,False
1781,Champions,438.4276619351483,274.47,1429.95,45,4,267,False,4.0,2.0,3.0,False
1782,Declining,236.58788202664553,81.59,941.99,20,12,233,False,3.0,3.0,2.0,False
1783,Loyal Actives,544.5993199394286,791.27,1685.41,32,4,264,False,4.0,5.0,3.0,False
1784,Loyal Actives,225.9503951804128,229.38,803.09,17,10,262,False,3.0,4.0,2.0,False
1785,Loyal Actives,238.8401831459683,356.25,751.61,29,3,215,True,3.0,4.0,3.0,False
1786,Champions,68.33425806532847,68.43,165.1,19,22,168,False,1.0,5.0,2.0,False
1787,Declining,128.86618351474607,49.01,547.26,35,43,220,False,2.0,1.0,3.0,False
1788,Loyal Actives,1317.772803113188,1478.72,4365.78,81,2,269,True,5.0,4.0,5.0,False
1789,Declining,74.70381694776086,25.16,124.92,6,22,110,False,1.0,3.0,1.0,False
1790,Loyal Actives,341.09756112835225,357.14,1029.09,22,3,254,False,3.0,2.0,2.0,False
1791,Loyal Actives,585.5235016620857,446.43,1410.96,65,1,272,True,4.0,4.0,4.0,False
1792,Truly Lapsed,,,,,,,False,2.0,3.0,2.0,True
1793,Declining,253.04815747881855,182.59,1001.5,28,21,249,False,3.0,1.0,2.0,False
1794,Loyal Actives,355.7047375820843,536.36,1529.55,30,13,257,False,4.0,5.0,3.0,False
1795,Loyal Actives,1159.3369548635608,1427.16,4357.07,497,1,272,True,5.0,5.0,5.0,False
1796,Loyal Actives,424.4519893299199,484.43,1028.69,27,2,240,True,3.0,4.0,3.0,False
1797,Loyal Actives,452.6884499529183,1074.7,1792.01,42,9,250,True,4.0,4.0,4.0,False
1798,Declining,250.0487585408815,421.06,1097.22,19,18,237,False,3.0,1.0,2.0,False
1799,Declining,113.2353121821278,38.78,238.06,27,2,254,False,1.0,1.0,2.0,False
1800,Champions,483.25737748531145,345.83,1921.28,41,8,254,True,4.0,3.0,3.0,False
1801,Declining,51.020874411318594,251.7,101.93,14,6,258,False,1.0,2.0,2.0,False
1802,Loyal Actives,529.0909216411243,960.12,2224.22,21,14,239,True,5.0,2.0,2.0,False
1803,Loyal Actives,1612.80782470445,1265.25,5546.89,85,1,268,True,5.0,4.0,5.0,False
1804,Champions,1398.4833933002508,1224.95,4716.61,142,1,270,True,5.0,4.0,5.0,False
1805,Declining,78.25177931286196,59.22,232.42,19,14,247,False,1.0,5.0,2.0,False
1806,Loyal Actives,502.16267240828296,634.55,1628.88,57,3,263,False,4.0,3.0,4.0,False
1807,Loyal Actives,1180.393621468197,1003.09,3890.76,96,1,270,False,5.0,2.0,5.0,False
1808,Loyal Actives,287.49796262297764,178.05,1027.58,38,5,256,False,3.0,2.0,3.0,False
1809,Loyal Actives,162.07595126686277,335.25,617.78,22,12,254,False,3.0,2.0,3.0,False
1810,Champions,498.759504755806,667.35,1600.82,107,1,271,False,4.0,3.0,5.0,False
1811,Declining,156.47426548124062,93.53,412.95,8,13,218,False,2.0,2.0,1.0,False
1812,Loyal Actives,276.1864425332587,327.62,1122.67,51,5,267,True,3.0,4.0,4.0,False
1813,Truly Lapsed,,,,,,,False,1.0,1.0,1.0,True
1814,Loyal Actives,437.94388294224945,293.76,1824.26,25,7,262,True,4.0,2.0,2.0,False
1815,Champions,542.3793949784343,1330.87,2125.19,44,3,260,True,5.0,4.0,4.0,False
1816,Loyal Actives,452.9650247551374,495.3,1404.28,68,2,269,True,4.0,4.0,4.0,False
1817,Declining,236.77056188441543,329.37,381.64,19,3,201,False,2.0,3.0,2.0,False
1818,Truly Lapsed,16.06194372358158,107.35,4.0,1,7,0,False,1.0,5.0,1.0,False
1819,Loyal Actives,223.7837222386484,161.2,916.71,31,14,250,False,3.0,3.0,3.0,False
1820,Loyal Actives,866.1064117345264,387.23,3324.17,54,3,268,True,5.0,3.0,4.0,False
1821,Loyal Actives,814.0300227151523,1115.47,2834.77,81,4,262,False,5.0,4.0,5.0,False
1822,Loyal Actives,284.4692850884484,198.63,1288.95,86,15,256,True,3.0,2.0,5.0,False
1823,Champions,1579.768606599082,2187.35,5286.68,153,1,265,True,5.0,4.0,5.0,False
1824,Loyal Actives,364.8546315281137,368.52,1310.43,63,7,261,False,4.0,2.0,4.0,False
1825,Declining,286.6071684619169,25.99,913.36,23,2,269,False,3.0,1.0,2.0,False
1826,Loyal Actives,171.0751315399532,214.18,617.7,43,3,267,False,2.0,4.0,4.0,False
1827,Declining,180.8249142498044,159.93,373.72,23,12,141,False,2.0,3.0,2.0,False
1828,Declining,211.88868308236655,130.35,625.41,8,138,106,False,2.0,1.0,1.0,False
1829,Champions,677.1550196048275,726.2,3206.7,160,5,266,True,5.0,2.0,5.0,False
1831,Champions,784.181481665864,1085.05,2431.23,74,4,269,True,5.0,5.0,5.0,False
1832,Declining,102.93428528942331,165.72,303.7,21,12,206,False,2.0,2.0,2.0,False
1833,Loyal Actives,340.0018073974515,312.02,1190.54,43,13,250,True,3.0,5.0,3.0,False
1834,Loyal Actives,570.7206201506665,150.78,2093.13,79,3,268,True,4.0,2.0,4.0,False
1835,Champions,1158.4993522405905,1485.43,4689.77,136,3,267,False,5.0,4.0,5.0,False
1836,Loyal Actives,293.17929599696726,330.13,950.99,32,9,261,False,3.0,2.0,3.0,False
1837,Loyal Actives,899.0564142193726,1653.43,3982.74,95,4,268,False,5.0,4.0,5.0,False
1838,Declining,215.3791680405715,62.69,578.01,17,2,247,False,2.0,1.0,2.0,False
1839,Loyal Actives,277.35066813351557,387.28,793.21,39,2,264,False,3.0,4.0,4.0,False
1840,Truly Lapsed,185.92019878209248,0.0,331.22,36,1,180,False,1.0,1.0,3.0,False
1841,Loyal Actives,237.2400822806787,609.2,908.31,14,11,250,True,3.0,3.0,2.0,False
1842,Declining,106.87018599138834,11.33,177.02,6,7,217,False,1.0,1.0,1.0,False
1843,Declining,76.7587830091157,223.96,193.65,11,8,186,False,2.0,2.0,2.0,False
1844,Loyal Actives,177.07216859826656,273.59,569.67,38,10,260,True,2.0,1.0,3.0,False
1845,Loyal Actives,1040.6452580015423,1404.71,4200.52,56,5,264,True,5.0,5.0,4.0,False
1846,Declining,71.37784474748807,205.21,389.79,12,42,224,False,2.0,5.0,2.0,False
1847,Loyal Actives,281.0456742311976,366.71,1291.65,50,14,254,True,4.0,3.0,4.0,False
1848,Loyal Actives,1107.8500438706558,1403.15,4234.81,38,4,265,True,5.0,4.0,3.0,False
1849,Loyal Actives,276.238661865723,425.14,932.42,80,7,260,False,3.0,2.0,5.0,False
1850,Champions,1079.527981607388,892.95,3269.89,109,1,266,True,5.0,5.0,5.0,False
1851,Declining,154.48880041771318,139.5,667.03,18,30,200,False,2.0,2.0,2.0,False
1852,Champions,726.0008735737388,363.94,3786.35,118,33,240,False,5.0,4.0,5.0,False
1853,Declining,51.86138284188997,46.37,106.51,18,6,252,False,1.0,1.0,2.0,False
1854,Champions,947.7150389417492,1194.25,2531.97,87,1,266,False,5.0,3.0,5.0,False
1855,Declining,70.23706258239547,5.5,172.48,6,62,123,False,1.0,2.0,1.0,False
1856,Loyal Actives,612.7161533073362,650.26,1864.26,200,3,270,False,4.0,5.0,5.0,False
1857,Loyal Actives,384.5023803242591,75.06,1363.16,50,2,259,False,3.0,3.0,4.0,False
1858,Loyal Actives,429.1275426660695,429.13,1441.85,33,8,262,True,4.0,2.0,3.0,False
1859,Declining,181.03106193663427,61.8,681.13,12,12,256,False,2.0,1.0,1.0,False
1860,Truly Lapsed,83.41194964556585,97.63,160.05,17,13,122,False,1.0,2.0,2.0,False
1861,Loyal Actives,324.79499430228446,202.29,874.86,67,1,270,True,3.0,2.0,4.0,False
1862,Champions,259.83161819483104,29.56,1087.6,67,35,230,False,3.0,3.0,4.0,False
1863,Single-Trip,4.614680418391204,0.0,5.99,1,89,0,False,,,,False
1864,Loyal Actives,1838.4383086766395,2542.64,7354.71,76,2,270,True,5.0,2.0,5.0,False
1865,Loyal Actives,680.2516707987678,718.87,2536.44,65,7,262,True,5.0,5.0,4.0,False
1866,Truly Lapsed,45.65070389204288,25.5,65.48,5,10,83,False,1.0,4.0,1.0,False
1867,Declining,93.38447843526144,147.53,172.42,4,28,113,False,1.0,5.0,1.0,False
1868,Declining,78.17834078896202,3.0,268.99,13,10,242,False,1.0,3.0,1.0,False
1869,Loyal Actives,548.2069352469655,391.12,1530.08,53,2,271,True,4.0,4.0,4.0,False
1870,Declining,41.99473442690927,64.15,128.01,15,8,196,False,1.0,3.0,2.0,False
1871,Declining,42.16937542183592,46.29,113.21,6,28,227,False,1.0,2.0,1.0,False
1872,Loyal Actives,709.2804845539416,448.13,1849.97,76,1,271,False,4.0,5.0,4.0,False
1873,Champions,821.2525118001132,967.62,2547.85,112,1,272,True,5.0,4.0,5.0,False
1874,Declining,114.39477046954582,66.32,234.74,12,2,197,False,1.0,2.0,1.0,False
1875,Loyal Actives,187.93393034550704,339.47,287.39,12,1,266,False,2.0,4.0,2.0,False
1877,Loyal Actives,274.0935973308815,294.95,854.15,26,3,265,False,3.0,5.0,3.0,False
1878,Declining,80.76174602395929,0.0,154.74,8,8,256,False,1.0,1.0,1.0,False
1879,Loyal Actives,678.4070846854042,701.85,2420.12,127,2,268,True,5.0,4.0,5.0,False
1880,Declining,29.06614429004485,55.97,90.3,4,175,28,False,1.0,3.0,1.0,False
1881,Champions,310.6616515064378,496.76,1266.5,57,13,258,False,4.0,2.0,4.0,False
1882,Declining,7.90040503203172,22.71,16.18,2,33,239,False,1.0,2.0,1.0,False
1883,Loyal Actives,470.5409156366219,156.01,1476.4,56,2,271,False,4.0,2.0,4.0,False
1884,Declining,175.63951162084004,53.7,447.38,21,6,176,False,2.0,3.0,2.0,False
1885,Champions,36.02291400651015,146.06,48.84,3,13,160,False,1.0,2.0,1.0,False
1886,Truly Lapsed,30.64873048489698,0.0,131.6,3,161,75,False,1.0,1.0,1.0,False
1887,Loyal Actives,151.65974780512704,151.94,507.04,48,4,246,False,2.0,2.0,4.0,False
1888,Single-Trip,18.2884948803964,0.0,14.97,1,35,0,False,,,,False
1889,Loyal Actives,217.95124210436532,72.23,723.95,13,30,233,False,2.0,2.0,2.0,False
1890,Loyal Actives,218.0753699477237,285.29,719.48,17,15,186,False,3.0,4.0,2.0,False
1891,Declining,187.87823766077972,377.03,410.62,15,1,257,False,2.0,3.0,2.0,False
1892,Loyal Actives,592.2760952952457,549.57,2974.03,149,12,261,True,5.0,2.0,5.0,False
1893,Champions,90.76659251910743,7.99,200.96,7,19,189,False,1.0,1.0,1.0,False
1894,Loyal Actives,445.94524908656655,434.13,1488.84,22,7,239,True,4.0,4.0,3.0,False
1895,Declining,52.845038478211734,131.14,141.45,13,17,253,False,1.0,3.0,2.0,False
1896,Loyal Actives,453.65502702723575,546.72,1623.51,48,3,269,True,4.0,4.0,4.0,False
1898,Declining,60.31207868544805,58.12,94.43,8,4,264,False,1.0,1.0,1.0,False
1899,Loyal Actives,1199.5758477892523,2003.81,4759.9,27,7,266,True,5.0,5.0,3.0,False
1900,Loyal Actives,854.62760632354,1839.35,3221.63,21,5,182,False,5.0,2.0,3.0,False
1901,Loyal Actives,1287.8030008812227,1286.42,4419.79,352,1,272,True,5.0,5.0,5.0,False
1902,Declining,123.77448611212084,342.61,291.67,5,9,231,False,2.0,2.0,1.0,False
1903,Declining,144.49078672787996,148.21,547.5,21,12,259,False,2.0,1.0,2.0,False
1904,Declining,51.87448488620967,11.97,107.57,9,5,256,False,1.0,2.0,1.0,False
1905,Loyal Actives,285.24328838459576,107.81,615.76,34,2,270,False,2.0,5.0,3.0,False
1906,Loyal Actives,984.9780001519372,1810.68,2956.23,57,1,270,False,5.0,5.0,4.0,False
1907,Champions,591.5443723958963,1498.53,3234.84,163,47,226,True,5.0,5.0,5.0,False
1908,Truly Lapsed,207.83763986941923,56.58,360.26,19,8,116,False,2.0,1.0,2.0,False
1909,Declining,130.45443062879124,75.79,340.58,11,31,235,False,2.0,5.0,1.0,False
1910,Declining,68.85411106941427,64.97,208.78,10,29,244,False,1.0,1.0,1.0,False
1911,Champions,223.8372883528254,248.71,869.15,67,12,250,True,3.0,5.0,4.0,False
1912,Loyal Actives,254.3143016478179,184.58,920.7,32,17,255,False,3.0,4.0,3.0,False
1913,Declining,129.3789495718632,204.45,326.24,20,2,264,False,2.0,1.0,2.0,False
1914,Loyal Actives,497.9732511932996,588.23,1239.84,57,1,272,True,4.0,4.0,4.0,False
1915,Truly Lapsed,83.3540729264685,0.0,204.85,9,36,210,False,1.0,1.0,1.0,False
1916,Loyal Actives,390.55139309995934,305.73,1193.65,65,3,258,False,3.0,2.0,4.0,False
1917,Loyal Actives,902.8767557876834,830.82,2370.6,102,1,266,True,5.0,5.0,5.0,False
1918,Loyal Actives,78.25895350165754,576.41,261.16,9,57,213,False,2.0,5.0,2.0,False
1919,Champions,559.4624342855668,746.33,1708.88,40,3,265,True,4.0,4.0,4.0,False
1920,Loyal Actives,221.02032202910576,269.35,751.66,36,11,256,True,3.0,4.0,3.0,False
1921,Declining,241.96724890262192,291.09,645.65,49,3,190,True,3.0,4.0,4.0,False
1922,Loyal Actives,487.48760751868525,624.08,1309.56,45,4,264,False,4.0,3.0,4.0,False
1923,Champions,925.6131080633244,779.71,2195.02,76,1,266,True,4.0,3.0,5.0,False
1924,Loyal Actives,754.1116069605997,673.19,3325.76,114,10,263,False,5.0,3.0,5.0,False
1925,Loyal Actives,264.60832156209364,162.33,858.38,37,7,261,False,3.0,2.0,3.0,False
1926,Loyal Actives,269.67241225317156,283.93,990.11,36,2,268,True,3.0,2.0,3.0,False
1927,Loyal Actives,480.4000326830136,803.99,2496.88,49,21,250,True,5.0,3.0,4.0,False
1928,Loyal Actives,276.1465032460796,239.03,923.17,47,4,266,True,3.0,3.0,4.0,False
1929,Loyal Actives,381.8945090676061,627.77,1492.8,19,15,252,True,4.0,3.0,2.0,False
1930,Loyal Actives,325.2877179469152,76.67,1173.29,59,19,250,False,3.0,4.0,4.0,False
1931,Loyal Actives,295.57140164784266,240.55,1248.78,51,8,259,True,3.0,2.0,4.0,False
1932,Champions,487.2950725032067,26.63,2068.52,53,6,244,False,4.0,2.0,4.0,False
1933,Loyal Actives,286.85783798064136,169.6,1100.38,42,8,254,False,3.0,3.0,3.0,False
1934,Truly Lapsed,44.610953691402614,0.0,68.14,3,9,128,False,1.0,1.0,1.0,False
1935,Loyal Actives,1875.7939254170496,2372.41,5648.02,75,1,259,True,5.0,4.0,5.0,False
1936,Champions,776.9065633103927,521.68,2426.13,229,1,272,False,4.0,3.0,5.0,False
1937,Loyal Actives,724.541751568767,967.05,2629.61,70,8,252,True,5.0,4.0,4.0,False
1938,Declining,71.18712709572688,264.1,231.97,7,61,168,False,2.0,4.0,1.0,False
1939,Champions,301.5317474526757,837.11,1088.15,28,11,247,True,4.0,2.0,3.0,False
1940,Loyal Actives,237.86279125526016,114.97,888.95,25,24,225,False,3.0,2.0,2.0,False
1941,Loyal Actives,88.24273452379141,80.18,320.45,67,7,266,False,2.0,2.0,4.0,False
1942,Loyal Actives,321.53301294854964,944.63,893.19,47,4,219,False,4.0,2.0,4.0,False
1943,Loyal Actives,722.0422113167189,312.74,2164.38,72,1,268,False,4.0,4.0,4.0,False
1944,Champions,1272.497174914359,2033.94,4076.4,68,3,269,True,5.0,3.0,5.0,False
1945,Declining,185.34592760403925,53.95,609.85,12,9,255,False,2.0,1.0,1.0,False
1946,Loyal Actives,480.36536220876553,553.54,2024.2,22,13,255,True,4.0,3.0,2.0,False
1947,Loyal Actives,1315.1426123611438,1197.68,4120.63,46,2,271,False,5.0,5.0,4.0,False
1948,Loyal Actives,295.49330467875467,375.37,806.2,46,1,261,True,3.0,5.0,4.0,False
1949,Declining,272.8135628343422,448.74,978.94,30,3,224,True,3.0,2.0,3.0,False
1950,Truly Lapsed,146.3663116024464,288.08,284.4,8,32,53,False,2.0,1.0,2.0,False
1951,Declining,35.013403053869254,90.09,64.16,3,38,232,False,1.0,1.0,1.0,False
1952,Champions,14.37558135903994,248.8,30.84,2,229,19,False,1.0,2.0,1.0,False
1953,Loyal Actives,340.06411537759004,124.72,1987.98,60,28,244,True,4.0,3.0,4.0,False
1954,Loyal Actives,323.04954433772394,335.29,974.38,72,3,256,False,3.0,3.0,4.0,False
1955,Loyal Actives,1013.3629605591506,1221.51,3143.95,57,2,263,True,5.0,2.0,4.0,False
1956,Loyal Actives,192.7136799003898,754.9,297.98,11,1,258,False,3.0,4.0,2.0,False
1957,Declining,240.88329636903524,457.59,914.58,19,20,238,False,3.0,2.0,2.0,False
1958,Declining,159.39399089633196,102.9,394.36,18,3,253,False,2.0,1.0,2.0,False
1959,Champions,901.6054248347764,301.41,3185.18,60,3,178,False,5.0,1.0,4.0,False
1960,Champions,343.1649887764693,368.94,1204.09,42,2,264,False,3.0,2.0,3.0,False
1961,Loyal Actives,210.22330245286383,259.74,386.47,23,2,266,False,2.0,3.0,3.0,False
1962,Champions,534.8371991908228,720.95,1575.71,58,1,267,True,4.0,4.0,4.0,False
1963,Declining,303.12485507945513,202.3,818.25,19,7,262,False,3.0,1.0,2.0,False
1964,Loyal Actives,283.29416881523525,220.45,1027.95,32,8,260,True,3.0,4.0,3.0,False
1965,Champions,613.7859098223249,399.87,2187.99,81,9,258,True,4.0,4.0,5.0,False
1966,Loyal Actives,665.8136458070304,1128.49,2369.58,62,4,263,False,5.0,4.0,4.0,False
1967,Loyal Actives,302.012198910795,402.53,829.69,33,2,237,False,3.0,4.0,3.0,False
1968,Loyal Actives,300.19351831794813,344.95,1047.29,40,5,265,False,3.0,4.0,3.0,False
1969,Loyal Actives,283.1893092112113,443.97,1033.48,116,3,269,False,3.0,4.0,5.0,False
1970,Loyal Actives,141.61200364312342,309.13,547.12,33,9,230,False,2.0,5.0,3.0,False
1971,Champions,241.4764439700476,280.31,1070.82,50,19,253,False,3.0,3.0,4.0,False
1972,Loyal Actives,230.44428177654729,185.29,849.86,52,10,261,False,3.0,2.0,4.0,False
1973,Declining,62.719953706932976,10.81,207.33,13,124,148,False,1.0,1.0,1.0,False
1974,Declining,385.1134808792124,0.0,2475.93,89,48,225,False,4.0,1.0,4.0,False
1975,Loyal Actives,1811.8200534064424,2787.95,7917.52,149,3,265,True,5.0,5.0,5.0,False
1976,Loyal Actives,372.8908441687746,341.93,1417.54,77,14,256,True,4.0,2.0,4.0,False
1977,Declining,68.23359625445474,77.26,261.03,20,51,203,False,1.0,3.0,2.0,False
1978,Loyal Actives,244.97559466519945,67.4,614.89,34,8,261,False,2.0,2.0,3.0,False
1979,Champions,164.8805930790575,98.64,398.4,40,2,268,True,2.0,4.0,3.0,False
1980,Loyal Actives,494.88743467051216,952.9,1670.83,21,2,257,True,4.0,4.0,3.0,False
1981,Loyal Actives,119.29729513690164,278.49,385.75,29,3,261,False,2.0,5.0,3.0,False
1982,Loyal Actives,385.60063872018344,854.3,1483.95,50,5,267,True,4.0,2.0,4.0,False
1983,Declining,138.21299334097927,88.05,455.61,12,30,224,False,2.0,1.0,1.0,False
1984,Truly Lapsed,,,,,,,False,1.0,4.0,1.0,True
1985,Loyal Actives,1294.228767398802,1553.36,3875.08,65,1,272,True,5.0,5.0,4.0,False
1986,Declining,34.440728700780035,9.41,84.33,5,58,151,False,1.0,2.0,1.0,False
1987,Loyal Actives,277.77095518976466,458.48,1032.57,33,5,252,False,3.0,2.0,3.0,False
1988,Champions,825.6181598092758,1448.86,3229.54,83,1,268,False,5.0,4.0,5.0,False
1989,Champions,554.5105044698629,415.28,1398.05,75,1,269,True,4.0,2.0,5.0,False
1990,Champions,986.9315329375823,719.59,2147.77,60,1,267,True,4.0,5.0,4.0,False
1991,Champions,64.06927101295412,51.31,118.31,17,2,248,False,1.0,2.0,2.0,False
1992,Declining,71.6259246514825,131.39,204.18,17,23,247,False,1.0,2.0,2.0,False
1993,Loyal Actives,168.0577530797359,179.73,516.94,29,5,268,False,2.0,5.0,3.0,False
1994,Declining,119.64225538111754,155.68,422.53,16,25,229,False,2.0,2.0,2.0,False
1995,Loyal Actives,1826.865027813224,2699.04,6356.15,61,2,269,True,5.0,3.0,4.0,False
1996,Loyal Actives,385.0214802396284,296.24,1227.46,57,1,263,False,3.0,5.0,4.0,False
1997,Loyal Actives,491.7968328462685,575.6,2024.24,29,20,240,True,4.0,4.0,3.0,False
1998,Loyal Actives,381.84343548502943,162.55,1279.84,142,1,271,False,3.0,4.0,5.0,False
1999,Declining,141.51847152622926,63.54,174.35,20,1,183,False,1.0,3.0,2.0,False
2000,Declining,89.67440298348079,98.94,214.31,21,5,257,False,1.0,2.0,2.0,False
2001,Champions,51.456697913731695,166.76,130.79,4,58,198,False,1.0,2.0,1.0,False
2002,Declining,218.31613330393927,566.79,675.9,16,6,184,True,3.0,2.0,2.0,False
2003,Declining,195.88413583288147,492.56,643.14,14,12,203,False,3.0,2.0,2.0,False
2004,Loyal Actives,1203.967355505829,1515.17,4277.64,115,5,268,True,5.0,5.0,5.0,False
2005,Loyal Actives,184.4241438565039,212.71,768.87,28,11,255,False,3.0,5.0,3.0,False
2006,Loyal Actives,265.1337397722983,1053.59,932.08,29,7,266,True,4.0,3.0,3.0,False
2007,Champions,977.1386644395774,1677.06,3620.23,81,4,267,True,5.0,5.0,5.0,False
2008,Loyal Actives,292.70100333001375,401.01,1057.32,34,15,242,False,3.0,5.0,3.0,False
2009,Truly Lapsed,10.85657242017083,0.0,20.48,2,242,8,False,1.0,1.0,1.0,False
2010,Truly Lapsed,,,,,,,False,1.0,2.0,1.0,True
2011,Loyal Actives,275.8712107510166,188.84,744.15,51,2,270,True,3.0,4.0,4.0,False
2012,Champions,1026.5812800697568,1675.8,3665.77,134,1,271,True,5.0,4.0,5.0,False
2013,Declining,158.8679426174846,9.56,448.66,57,4,268,True,2.0,1.0,4.0,False
2014,Declining,172.734720454921,145.95,453.74,11,2,265,False,2.0,2.0,1.0,False
2015,Loyal Actives,741.1108588741224,945.12,2797.59,55,8,264,False,5.0,4.0,4.0,False
2016,Loyal Actives,225.03789663032873,43.33,849.06,47,4,265,False,3.0,5.0,3.0,False
2017,Champions,1041.197501865572,1374.67,3464.85,77,2,270,True,5.0,4.0,5.0,False
2018,Loyal Actives,471.05001519197185,1197.54,1348.16,71,1,270,True,4.0,5.0,5.0,False
2019,Loyal Actives,1423.3051688602925,1107.71,8806.97,187,18,249,False,5.0,4.0,5.0,False
2020,Loyal Actives,1341.505923607872,1249.66,4443.56,123,1,270,True,5.0,5.0,5.0,False
2021,Loyal Actives,153.62204081018632,112.67,547.03,28,13,251,False,2.0,3.0,3.0,False
2022,Loyal Actives,756.3306124194173,1569.68,3319.7,36,9,261,False,5.0,5.0,3.0,False
2023,Loyal Actives,203.02668150606937,434.32,887.74,52,5,263,True,3.0,5.0,4.0,False
2024,Champions,645.1824558068625,760.45,1818.44,35,2,268,True,4.0,4.0,3.0,False
2025,Champions,146.51440894419466,64.0,436.54,11,9,259,False,2.0,3.0,1.0,False
2026,Declining,168.67443984074387,78.01,795.74,11,14,236,False,3.0,4.0,1.0,False
2027,Loyal Actives,261.08876861497413,72.18,1173.99,79,15,257,False,3.0,1.0,4.0,False
2028,Loyal Actives,266.238695883084,196.73,701.34,35,1,261,False,3.0,3.0,3.0,False
2029,Declining,242.94586883920024,400.23,833.08,22,21,160,False,3.0,2.0,2.0,False
2030,Loyal Actives,399.6625461256219,598.25,1063.21,40,2,270,True,4.0,5.0,4.0,False
2031,Truly Lapsed,10.893198232356408,0.0,30.59,4,209,46,False,1.0,1.0,1.0,False
2032,Champions,92.2785417270505,15.65,448.47,22,51,220,False,2.0,5.0,2.0,False
2033,Champions,509.1117431650422,405.75,1352.22,61,1,270,False,4.0,1.0,4.0,False
2034,Champions,369.507678640453,611.59,1690.89,72,4,266,False,4.0,4.0,5.0,False
2035,Loyal Actives,85.19184903856952,56.54,395.93,25,32,239,False,2.0,3.0,2.0,False
2036,Loyal Actives,322.2815378473522,1365.51,1284.79,17,25,205,False,4.0,3.0,2.0,False
2037,Loyal Actives,133.9685322159039,152.12,488.23,28,19,250,False,2.0,3.0,3.0,False
2038,Declining,186.80365060611325,253.39,619.9,19,15,169,False,3.0,3.0,2.0,False
2040,Loyal Actives,293.71184651540966,98.9,1304.8,186,7,266,True,3.0,3.0,5.0,False
2041,Loyal Actives,863.3219722005924,1347.38,3414.3,79,2,269,True,5.0,4.0,5.0,False
2042,Loyal Actives,475.78445114333925,663.9,2284.55,15,31,234,False,4.0,2.0,2.0,False
2043,Loyal Actives,283.95821464903014,384.66,663.36,26,1,272,False,3.0,3.0,3.0,False
2044,Loyal Actives,108.7868558153626,58.26,378.33,16,19,246,False,2.0,4.0,2.0,False
2045,Declining,80.87704044862171,42.07,177.98,6,8,254,False,1.0,1.0,1.0,False
2046,Declining,69.70496787366869,3.99,223.9,21,14,238,False,1.0,2.0,2.0,False
2047,Champions,451.2828951338678,598.69,2284.81,74,31,239,False,4.0,2.0,4.0,False
2048,Declining,196.55581862739473,612.63,535.94,12,16,242,False,3.0,2.0,2.0,False
2049,Declining,86.23252226589011,118.58,166.8,14,2,264,False,1.0,2.0,2.0,False
2050,Champions,438.4453697504571,397.43,2022.99,64,9,261,True,4.0,4.0,4.0,False
2051,Truly Lapsed,119.57780621316454,0.0,336.59,28,96,177,False,1.0,1.0,2.0,False
2052,Truly Lapsed,51.6917877266245,3.0,79.95,3,17,67,False,1.0,1.0,1.0,False
2053,Loyal Actives,546.9017905998492,494.52,1575.56,81,1,263,True,4.0,4.0,5.0,False
2054,Declining,34.28005694107712,26.34,73.69,10,12,240,False,1.0,1.0,1.0,False
2055,Loyal Actives,415.2420244704353,445.58,1290.83,79,3,257,False,4.0,5.0,5.0,False
2056,Loyal Actives,476.0954804592002,302.68,1208.36,49,1,268,False,3.0,5.0,4.0,False
2057,Champions,493.6427898677164,516.95,1462.37,57,3,262,True,4.0,4.0,4.0,False
2058,Loyal Actives,712.4028540951219,1009.73,1959.87,58,2,264,True,4.0,4.0,4.0,False
2059,Declining,199.4147962982348,152.73,885.14,18,8,261,False,3.0,1.0,2.0,False
2060,Declining,103.04363897631366,122.17,322.72,16,31,240,False,2.0,2.0,2.0,False
2061,Declining,69.51395175591226,9.2,72.54,7,52,202,False,1.0,3.0,1.0,False
2062,Loyal Actives,310.87111484962344,315.47,1460.97,57,11,261,True,4.0,4.0,4.0,False
2063,Declining,236.20664481506944,232.03,967.32,30,11,260,True,3.0,1.0,3.0,False
2064,Loyal Actives,707.4272049252954,1150.92,2804.51,126,4,267,True,5.0,4.0,5.0,False
2065,Loyal Actives,578.182326938804,537.69,1719.86,36,2,270,False,4.0,5.0,3.0,False
2066,Declining,302.4455991598709,7.93,972.92,63,2,269,False,3.0,1.0,4.0,False
2068,Loyal Actives,354.5524290171184,401.81,1173.73,53,9,256,True,3.0,5.0,4.0,False
2069,Loyal Actives,171.0421368518616,237.38,672.77,35,15,245,True,3.0,3.0,3.0,False
2070,Loyal Actives,1024.1531072328364,1676.75,3642.32,302,1,271,True,5.0,5.0,5.0,False
2071,Loyal Actives,377.1695515056253,236.15,1130.69,134,1,271,False,3.0,3.0,5.0,False
2073,Declining,115.05269149529887,19.84,450.71,11,120,151,False,2.0,1.0,1.0,False
2074,Declining,57.44090232747106,35.02,268.68,15,56,217,False,1.0,3.0,2.0,False
2075,Loyal Actives,781.5466536822013,737.89,2637.02,95,1,255,False,5.0,4.0,5.0,False
2076,Champions,933.651169966117,698.56,3137.42,100,2,271,True,5.0,4.0,5.0,False
2077,Loyal Actives,135.6547250483362,361.24,449.63,31,15,255,False,2.0,2.0,3.0,False
2078,Champions,66.22251517550983,152.23,212.61,12,108,162,False,2.0,3.0,2.0,False
2079,Loyal Actives,486.222934874927,303.44,1939.47,47,9,264,False,4.0,2.0,3.0,False
2080,Loyal Actives,532.8390819222842,456.43,1791.8,20,6,261,False,4.0,3.0,2.0,False
2081,Declining,68.08173986759421,119.99,232.41,9,19,242,False,1.0,1.0,1.0,False
2082,Champions,483.4873227963397,747.56,2045.59,80,8,264,True,4.0,5.0,5.0,False
2083,Loyal Actives,1005.9756964699916,1322.22,2890.96,149,1,271,False,5.0,5.0,5.0,False
2084,Loyal Actives,383.3250509032202,787.11,1287.45,52,4,269,True,4.0,5.0,4.0,False
2085,Loyal Actives,1817.7081935928036,1767.36,6607.68,176,1,268,True,5.0,3.0,5.0,False
2086,Loyal Actives,606.5771039642699,1679.82,2172.3,210,2,270,True,5.0,5.0,5.0,False
2087,Champions,1144.1110498994326,1098.7,3468.26,96,1,268,True,5.0,5.0,5.0,False
2088,Loyal Actives,546.1894868675173,1158.58,1941.79,39,7,261,True,5.0,3.0,4.0,False
2089,Declining,21.582254980353156,21.72,62.77,16,15,257,False,1.0,2.0,2.0,False
2090,Loyal Actives,208.52550927180576,170.45,435.92,18,1,258,False,2.0,4.0,2.0,False
2091,Declining,100.71671942374248,36.94,409.45,7,40,203,False,2.0,1.0,1.0,False
2092,Champions,193.2286323306405,13.98,749.48,55,88,182,True,2.0,1.0,4.0,False
2093,Champions,169.46301454112103,22.4,328.71,9,7,243,False,1.0,1.0,1.0,False
2094,Loyal Actives,250.1700995953875,552.61,1085.65,30,7,238,True,4.0,5.0,3.0,False
2095,Loyal Actives,435.3893517027169,633.9,1643.21,68,7,266,False,4.0,1.0,5.0,False
2096,Declining,253.4342741033863,336.73,581.65,10,6,247,False,3.0,1.0,1.0,False
2097,Champions,1032.9885228579406,428.43,4481.99,102,3,270,True,5.0,4.0,5.0,False
2098,Declining,397.3086841567658,26.67,636.17,10,1,262,False,2.0,2.0,1.0,False
2099,Champions,201.64671524519665,38.59,442.67,35,1,209,False,2.0,2.0,3.0,False
2100,Loyal Actives,534.4174754142405,583.76,1622.98,43,1,265,True,4.0,5.0,3.0,False
2101,Truly Lapsed,,,,,,,False,1.0,2.0,1.0,True
2102,Loyal Actives,502.2146497906441,888.05,1427.18,45,2,256,True,4.0,4.0,4.0,False
2103,Declining,48.777550102296736,4.59,118.34,8,19,211,False,1.0,1.0,1.0,False
2104,Declining,55.74912047380674,198.39,203.93,18,32,160,False,2.0,2.0,2.0,False
2105,Declining,44.09836034699702,0.0,141.76,7,32,241,False,1.0,1.0,1.0,False
2106,Truly Lapsed,140.69450845472144,0.0,383.85,10,66,188,False,2.0,1.0,1.0,False
2107,Loyal Actives,402.9666147918301,550.39,1789.01,45,11,259,True,4.0,2.0,3.0,False
2108,Loyal Actives,319.5088597355785,154.57,1149.51,67,4,261,False,3.0,5.0,4.0,False
2109,Loyal Actives,464.8834692708153,412.37,1291.7,62,1,266,False,4.0,3.0,4.0,False
2110,Loyal Actives,1104.9023990893866,1955.73,3948.56,78,5,265,True,5.0,4.0,5.0,False
2111,Loyal Actives,477.57851362264927,185.19,1070.39,48,3,267,True,3.0,5.0,4.0,False
2112,Loyal Actives,712.3791535135118,804.02,2345.68,56,2,266,True,5.0,2.0,4.0,False
2113,Declining,272.7152303082146,430.4,633.56,36,2,243,False,3.0,1.0,3.0,False
2114,Loyal Actives,481.5012562383435,363.69,1286.27,60,2,263,False,4.0,4.0,4.0,False
2115,Champions,2014.1745036414052,2165.92,6032.42,137,1,271,True,5.0,5.0,5.0,False
2116,Loyal Actives,1225.4705951990327,934.61,5327.52,89,2,270,True,5.0,4.0,5.0,False
2117,Loyal Actives,149.6572329532713,193.99,445.76,30,12,258,False,2.0,3.0,3.0,False
2118,Declining,182.082672449543,180.37,578.32,15,5,259,False,2.0,1.0,2.0,False
2119,Loyal Actives,445.8053000714499,401.0,1024.5,22,8,259,True,3.0,5.0,2.0,False
2120,Loyal Actives,163.89065729709066,583.0,719.56,28,19,253,False,3.0,2.0,3.0,False
2121,Champions,676.6419577445514,959.41,2169.13,62,6,262,True,5.0,3.0,4.0,False
2122,Truly Lapsed,32.28760550386104,113.09,25.49,1,46,0,False,1.0,2.0,1.0,False
2123,Loyal Actives,577.9227360605829,985.15,2049.52,30,5,265,True,5.0,4.0,3.0,False
2124,Champions,1046.090002079717,1134.07,3224.51,100,2,270,True,5.0,5.0,5.0,False
2125,Champions,648.8413335183277,1187.13,2650.94,60,8,168,False,5.0,5.0,4.0,False
2126,Loyal Actives,550.2729512186605,464.13,2251.0,64,4,255,False,4.0,3.0,4.0,False
2127,Declining,182.69715315147909,179.56,1029.46,16,52,181,False,3.0,3.0,2.0,False
2128,Truly Lapsed,57.72657020928928,0.0,186.73,19,45,186,False,1.0,1.0,2.0,False
2129,Champions,1055.0115414830725,1145.29,3349.65,74,1,269,True,5.0,3.0,5.0,False
2130,Loyal Actives,656.6497839567061,1976.87,2215.98,42,7,266,True,5.0,2.0,4.0,False
2131,Loyal Actives,499.5050237991838,363.89,1940.41,49,7,266,False,4.0,4.0,4.0,False
2132,Declining,131.08890722359016,148.17,260.92,19,8,218,False,2.0,5.0,2.0,False
2133,Champions,942.56984099203,1301.68,3011.45,61,2,270,True,5.0,4.0,4.0,False
2134,Loyal Actives,1235.3803215399216,1433.86,3921.74,32,2,266,True,5.0,4.0,3.0,False
2135,Declining,126.83090280311995,38.57,399.2,22,8,258,False,2.0,1.0,2.0,False
2136,Loyal Actives,156.07705134784368,362.36,521.38,8,70,196,False,3.0,5.0,1.0,False
2137,Champions,463.1979191076679,368.97,1682.89,94,1,271,False,4.0,5.0,5.0,False
2138,Loyal Actives,243.90197104666632,235.13,858.44,34,12,257,False,3.0,2.0,3.0,False
2139,Loyal Actives,907.4419737718492,236.3,3516.59,228,3,268,False,5.0,4.0,5.0,False
2140,Loyal Actives,418.5390122502337,584.52,922.59,29,1,192,True,3.0,3.0,3.0,False
2141,Loyal Actives,580.3128351763544,597.81,2210.84,39,11,259,False,4.0,3.0,3.0,False
2142,Loyal Actives,923.0040371866376,1215.4,3010.1,34,2,270,False,5.0,4.0,3.0,False
2143,Truly Lapsed,30.141349767598022,70.05,113.78,2,151,0,False,1.0,1.0,1.0,False
2144,Loyal Actives,304.389534357887,713.61,1388.27,26,8,252,False,4.0,3.0,3.0,False
2145,Declining,162.9553763138381,70.24,504.75,16,6,263,False,2.0,1.0,2.0,False
2146,Declining,131.8853540301426,272.25,551.49,16,28,244,False,2.0,1.0,2.0,False
2147,Loyal Actives,890.682711274117,987.72,2722.4,40,1,267,True,5.0,4.0,3.0,False
2148,Loyal Actives,348.59628974774995,415.81,1129.49,48,8,263,True,3.0,2.0,4.0,False
2149,Champions,628.403070224646,591.45,2221.07,59,1,262,False,4.0,5.0,4.0,False
2150,,,,,,,,False,,,,True
2151,Truly Lapsed,10.7722516948832,85.35,5.76,2,59,1,False,1.0,1.0,1.0,False
2152,Declining,22.640332265575378,55.59,34.88,8,17,182,False,1.0,2.0,1.0,False
2153,Loyal Actives,133.18578978997166,475.11,248.93,11,4,254,False,2.0,5.0,2.0,False
2154,Loyal Actives,397.66131852697293,409.98,1699.69,80,6,258,True,4.0,5.0,5.0,False
2155,Truly Lapsed,63.6922543811543,23.43,70.67,4,4,116,False,1.0,1.0,1.0,False
2156,Champions,791.5953018102224,795.13,2758.64,49,8,259,True,5.0,2.0,4.0,False
2157,Declining,65.66963829403569,26.84,165.73,4,90,163,False,1.0,1.0,1.0,False
2158,Champions,245.29187645435368,526.82,1211.86,51,21,251,True,4.0,5.0,4.0,False
2159,Loyal Actives,325.2415942597702,217.02,1093.46,63,1,269,False,3.0,4.0,4.0,False
2160,Declining,103.16511736246636,178.7,285.45,23,6,230,False,2.0,3.0,3.0,False
2161,Champions,53.993850824030616,803.55,111.65,3,182,20,False,3.0,3.0,2.0,False
2162,Loyal Actives,1386.246746152342,3184.88,5586.33,80,5,260,True,5.0,5.0,5.0,False
2163,Declining,55.804940641890695,82.65,192.73,7,31,238,False,1.0,2.0,1.0,False
2164,Truly Lapsed,141.04768920963548,0.0,553.24,12,158,106,False,2.0,1.0,1.0,False
2165,Declining,14.670178107315405,129.33,49.98,6,127,85,False,1.0,3.0,1.0,False
2166,Truly Lapsed,7.616289015978488,0.0,19.13,5,51,155,False,1.0,1.0,1.0,False
2167,Declining,167.98539925069414,13.49,686.73,30,49,223,False,2.0,1.0,2.0,False
2168,Loyal Actives,693.5617931817987,750.61,2104.36,79,1,268,True,4.0,5.0,5.0,False
2169,Declining,109.31815753703292,145.54,370.73,21,14,248,False,2.0,2.0,2.0,False
2170,Loyal Actives,581.3795907166378,1002.2,2462.48,116,6,267,False,5.0,5.0,5.0,False
2171,Loyal Actives,565.928419135618,774.87,1756.58,46,5,259,False,4.0,4.0,4.0,False
2172,Loyal Actives,323.6238995531004,584.61,1094.12,43,4,254,True,4.0,5.0,4.0,False
2173,Loyal Actives,323.09559548563783,613.16,1101.42,35,13,255,True,4.0,5.0,4.0,False
2174,Loyal Actives,152.97040028709517,16.27,290.91,17,1,263,False,1.0,4.0,2.0,False
2175,Declining,59.39222996076439,179.17,198.21,9,29,230,False,2.0,4.0,1.0,False
2176,Declining,410.0691914958398,36.7,1352.52,80,1,271,False,3.0,1.0,4.0,False
2177,Truly Lapsed,,,,,,,False,1.0,1.0,1.0,True
2178,Champions,741.8185850331441,49.32,2494.79,108,3,268,False,4.0,1.0,5.0,False
2179,Declining,180.68838041706033,287.65,514.67,21,4,235,True,2.0,3.0,2.0,False
2180,Declining,64.94219161507975,288.1,215.01,15,22,193,False,2.0,2.0,2.0,False
2181,Loyal Actives,250.7751256952565,1840.55,545.93,18,1,267,True,4.0,4.0,3.0,False
2182,Loyal Actives,172.06269476700933,119.01,455.72,31,3,270,True,2.0,3.0,3.0,False
2183,Champions,701.7124433924035,752.46,2164.61,83,1,260,True,4.0,4.0,5.0,False
2184,Champions,478.69598513516513,327.08,1527.21,79,3,270,True,4.0,3.0,4.0,False
2185,Loyal Actives,920.3174646821768,362.59,2969.49,31,4,264,True,5.0,3.0,3.0,False
2186,Loyal Actives,618.2507517703299,1094.31,2379.56,60,4,255,True,5.0,2.0,4.0,False
2187,Declining,138.39488310674432,376.53,793.05,19,70,198,False,3.0,2.0,2.0,False
2188,Loyal Actives,581.0211964021896,619.03,2053.31,72,5,265,True,4.0,4.0,4.0,False
2189,Champions,301.99222660279185,194.31,710.11,51,1,265,False,3.0,4.0,4.0,False
2190,Champions,1066.8455397892603,1238.22,4579.63,115,6,266,True,5.0,5.0,5.0,False
2191,Declining,105.41245638704297,40.99,548.42,6,84,161,False,2.0,1.0,1.0,False
2192,Declining,55.56548509997906,2.42,87.98,10,19,142,False,1.0,1.0,1.0,False
2193,Loyal Actives,953.5951436735214,551.69,4174.31,55,7,265,True,5.0,5.0,4.0,False
2194,Loyal Actives,926.8367289101795,1063.31,2873.4,150,1,272,True,5.0,5.0,5.0,False
2195,Loyal Actives,147.7026090853834,194.46,424.44,32,22,237,False,2.0,5.0,3.0,False
2196,Loyal Actives,124.6253534157295,142.18,426.27,27,9,253,False,2.0,4.0,3.0,False
2197,Declining,36.635641208100274,38.88,110.89,11,25,200,False,1.0,2.0,1.0,False
2198,Champions,828.5914123559968,1269.75,2984.58,189,2,257,True,5.0,5.0,5.0,False
2199,Champions,644.386941121474,459.32,2647.39,69,7,262,True,5.0,3.0,4.0,False
2200,Loyal Actives,1010.0460242702007,1183.87,3086.9,80,1,268,True,5.0,4.0,5.0,False
2202,Declining,64.52571119017396,24.82,152.1,5,31,193,False,1.0,1.0,1.0,False
2203,Loyal Actives,685.0983190210682,313.44,2329.81,42,3,261,True,4.0,1.0,3.0,False
2204,Loyal Actives,235.66989384302852,213.74,1070.16,84,14,256,False,3.0,5.0,5.0,False
2205,Declining,128.28979294195926,145.32,466.3,18,12,260,False,2.0,2.0,2.0,False
2206,Declining,70.18892695392154,44.9,214.29,21,9,263,False,1.0,1.0,2.0,False
2207,Loyal Actives,707.1957427849038,554.94,2757.51,186,3,261,False,5.0,4.0,5.0,False
2208,Loyal Actives,724.0498532569952,223.53,3818.04,62,17,253,True,5.0,3.0,4.0,False
2209,Champions,761.9676109516212,1240.49,2173.63,94,1,270,True,5.0,5.0,5.0,False
2210,Loyal Actives,421.6259666193039,77.61,1488.06,24,5,267,False,3.0,5.0,2.0,False
2211,Loyal Actives,245.68781875023367,368.44,948.64,35,11,241,False,3.0,5.0,3.0,False
2212,Truly Lapsed,31.98098494125434,0.0,136.94,29,94,164,False,1.0,1.0,2.0,False
2213,Declining,86.50373557443015,178.04,364.7,12,64,195,False,2.0,3.0,2.0,False
2214,Declining,19.65363729329421,149.46,52.45,4,119,127,False,1.0,2.0,1.0,False
2215,Loyal Actives,305.9714502062083,272.05,1207.55,57,9,258,False,3.0,2.0,4.0,False
2216,Loyal Actives,78.3598500892136,89.57,248.16,19,21,246,False,1.0,5.0,2.0,False
2217,Loyal Actives,482.47107153286777,549.71,1638.45,83,6,266,True,4.0,5.0,5.0,False
2218,Declining,177.76229358211134,165.95,273.48,7,1,252,False,2.0,3.0,1.0,False
2219,Champions,45.38557576294107,21.0,149.96,5,140,108,False,1.0,1.0,1.0,False
2220,Declining,5.156484837533955,10.07,16.66,2,140,90,False,1.0,3.0,1.0,False
2221,Loyal Actives,371.20169873420866,271.13,1120.16,57,2,271,True,3.0,4.0,4.0,False
2222,Loyal Actives,576.6148378724307,273.81,1677.26,23,2,270,False,4.0,2.0,2.0,False
2223,Declining,102.57498925906994,178.85,126.26,14,1,270,False,1.0,3.0,2.0,False
2224,Loyal Actives,437.6290108474511,539.03,1522.74,41,8,255,True,4.0,4.0,4.0,False
2225,Loyal Actives,548.6101435860325,470.6,1395.38,45,2,267,False,4.0,4.0,4.0,False
2226,Champions,1685.8180137816155,1048.49,5998.89,417,1,271,False,5.0,2.0,5.0,False
2227,Loyal Actives,467.4142753537307,325.4,2599.06,86,14,258,False,4.0,3.0,5.0,False
2228,Truly Lapsed,540.347029596141,0.0,2809.77,88,57,209,False,4.0,1.0,4.0,False
2229,Loyal Actives,115.63292508742622,1266.66,287.06,13,5,243,False,3.0,4.0,3.0,False
2230,Declining,86.31400455202126,361.3,352.09,11,40,226,False,2.0,2.0,2.0,False
2231,Loyal Actives,613.514764895845,523.69,1165.41,27,1,260,True,4.0,2.0,3.0,False
2232,Declining,125.85716066285072,124.57,531.5,18,18,238,False,2.0,2.0,2.0,False
2233,Champions,985.0686157737788,1371.76,3407.02,105,6,267,True,5.0,5.0,5.0,False
2234,Loyal Actives,962.3954684174778,1550.16,2880.22,66,1,265,True,5.0,5.0,5.0,False
2235,Loyal Actives,489.5084738546008,809.79,1708.32,39,7,262,True,4.0,4.0,4.0,False
2236,Champions,461.48770960625063,114.37,1697.08,113,5,267,False,4.0,2.0,5.0,False
2237,Loyal Actives,613.8524866997647,825.94,2198.72,71,4,259,True,5.0,5.0,4.0,False
2238,Loyal Actives,353.0263540387847,721.21,1189.23,91,3,262,False,4.0,5.0,5.0,False
2239,Declining,214.2295134450388,198.73,1134.63,28,25,225,False,3.0,1.0,2.0,False
2240,Loyal Actives,612.0429418372735,659.34,1962.13,74,3,255,False,4.0,5.0,5.0,False
2241,Loyal Actives,219.71498242979823,116.13,914.23,41,5,268,False,3.0,3.0,3.0,False
2242,Loyal Actives,108.9135150447698,92.13,366.48,18,10,242,False,2.0,3.0,2.0,False
2243,Loyal Actives,468.3268972294889,919.44,2166.72,22,14,244,True,5.0,2.0,2.0,False
2244,Loyal Actives,454.8305590432398,525.16,2040.21,133,12,260,False,4.0,4.0,5.0,False
2245,Loyal Actives,521.9240736075297,864.6,1550.3,65,1,272,False,4.0,3.0,5.0,False
2246,Truly Lapsed,63.51326422954299,0.0,187.35,3,106,60,False,1.0,1.0,1.0,False
2247,Loyal Actives,315.5158012591833,660.31,1091.05,21,3,259,False,4.0,5.0,3.0,False
2248,Declining,126.14148536511716,73.28,500.12,12,74,156,False,2.0,2.0,2.0,False
2249,Single-Trip,13.74413791129914,0.0,139.68,1,252,0,False,,,,False
2250,Loyal Actives,228.5305372197257,281.25,1252.24,29,23,245,True,3.0,2.0,3.0,False
2251,Declining,114.42611191145076,554.08,525.22,7,112,116,False,3.0,3.0,1.0,False
2252,Champions,970.9644060315316,1880.45,4343.82,128,1,267,True,5.0,5.0,5.0,False
2253,Declining,48.648950121961946,6.64,109.11,6,42,136,False,1.0,1.0,1.0,False
2254,Champions,232.9578490036238,21.95,674.25,54,3,265,True,2.0,1.0,4.0,False
2255,Declining,41.03070679825135,78.58,129.76,8,26,220,False,1.0,5.0,1.0,False
2256,Declining,206.70085774932303,204.1,840.47,18,13,249,False,3.0,1.0,2.0,False
2257,Declining,108.4519932327788,131.64,279.99,22,7,265,False,2.0,2.0,2.0,False
2258,Declining,197.22199597739584,295.4,515.49,19,5,264,False,2.0,2.0,2.0,False
2260,Champions,602.8252054854452,589.23,2194.62,46,4,264,True,4.0,3.0,4.0,False
2261,Champions,1386.6727445550882,2154.58,6262.26,240,3,270,False,5.0,5.0,5.0,False
2262,Loyal Actives,156.74033492987348,254.59,471.05,47,8,257,False,2.0,5.0,4.0,False
2263,Loyal Actives,513.6295510156408,522.49,1511.82,123,2,269,False,4.0,4.0,5.0,False
2264,Loyal Actives,1583.5731182581064,2731.03,7155.91,132,3,269,True,5.0,3.0,5.0,False
2266,Loyal Actives,1102.4397589370672,1324.49,4389.87,74,3,263,True,5.0,5.0,5.0,False
2267,Loyal Actives,127.13408569554674,656.93,343.77,13,4,238,False,3.0,3.0,2.0,False
2268,Declining,52.28289335439199,94.17,157.16,6,83,170,False,1.0,1.0,1.0,False
2269,Loyal Actives,431.68533674887897,485.59,1528.48,97,3,269,True,4.0,5.0,5.0,False
2270,Loyal Actives,515.1953477629024,556.89,2156.16,145,4,269,False,4.0,4.0,5.0,False
2271,Declining,95.07370433230538,37.15,229.51,29,1,271,False,1.0,1.0,3.0,False
2272,Truly Lapsed,581.7776318313545,672.23,934.55,37,2,103,True,3.0,3.0,3.0,False
2273,Declining,159.5420452416486,225.2,506.88,19,8,263,False,2.0,2.0,2.0,False
2274,Loyal Actives,534.1035457256495,1317.77,2484.91,18,37,232,False,5.0,5.0,2.0,False
2275,Loyal Actives,260.2309144694747,736.1,974.35,58,5,256,False,4.0,5.0,4.0,False
2276,Loyal Actives,132.62914612111962,202.74,477.67,19,6,264,False,2.0,2.0,2.0,False
2277,Loyal Actives,526.3504523354524,29.37,2441.86,83,6,265,False,4.0,2.0,4.0,False
2278,Loyal Actives,132.5840450419458,126.65,467.11,22,32,229,False,2.0,4.0,2.0,False
2279,Loyal Actives,127.51567245488349,344.01,344.52,23,4,227,True,2.0,5.0,3.0,False
2280,Loyal Actives,1208.1272966060158,1779.24,5532.09,111,4,266,True,5.0,4.0,5.0,False
2281,Loyal Actives,604.4895727207019,1785.25,1740.72,50,1,229,False,5.0,3.0,4.0,False
2282,Loyal Actives,155.4152400343426,141.76,438.19,31,10,261,True,2.0,3.0,3.0,False
2283,Truly Lapsed,258.9438037855163,425.82,361.17,7,10,64,False,2.0,2.0,1.0,False
2284,Loyal Actives,1600.7386479931042,2810.47,7347.95,121,4,269,True,5.0,5.0,5.0,False
2285,Loyal Actives,232.91456303928933,501.7,783.83,23,6,266,False,3.0,3.0,3.0,False
2286,Declining,56.91914991741374,193.11,98.32,5,15,239,False,1.0,2.0,1.0,False
2287,Declining,101.17314065187976,309.5,153.14,11,8,140,False,2.0,2.0,2.0,False
2288,Loyal Actives,276.32974064260145,90.6,812.33,43,4,268,False,3.0,3.0,3.0,False
2289,Loyal Actives,223.574663253166,625.46,805.59,32,12,260,False,3.0,4.0,3.0,False
2290,Loyal Actives,147.8055591691682,134.08,441.43,32,5,260,False,2.0,4.0,3.0,False
2291,Declining,69.69002405351553,121.68,218.78,22,44,187,False,1.0,3.0,3.0,False
2292,Champions,368.3063206118842,327.03,732.85,57,6,77,True,3.0,4.0,4.0,False
2293,Declining,269.07865390797673,524.33,1208.48,20,30,200,False,4.0,1.0,2.0,False
2294,Champions,848.099745833728,341.32,2823.97,61,2,271,True,5.0,3.0,4.0,False
2295,Loyal Actives,844.1129537209522,605.09,3371.72,42,5,260,True,5.0,3.0,3.0,False
2296,Loyal Actives,1625.5102721293415,2068.89,6110.31,114,1,271,True,5.0,5.0,5.0,False
2297,Declining,130.06847044153648,94.89,376.31,24,6,238,False,2.0,2.0,2.0,False
2298,Loyal Actives,376.1549649828184,492.63,1203.87,39,3,263,True,4.0,4.0,3.0,False
2299,Loyal Actives,249.9039379704321,154.49,1008.84,31,10,259,False,3.0,1.0,3.0,False
2300,Loyal Actives,761.7846632769732,923.3,2121.94,50,1,271,True,5.0,2.0,4.0,False
2301,Loyal Actives,418.99357810767265,156.5,1997.76,68,27,246,False,4.0,2.0,4.0,False
2302,Loyal Actives,197.74475443041595,269.02,798.6,28,11,256,True,3.0,4.0,3.0,False
2303,Loyal Actives,232.91533940606575,219.63,1100.82,36,29,241,False,3.0,4.0,3.0,False
2304,Declining,19.258527437397493,6.4,32.36,6,41,183,False,1.0,1.0,1.0,False
2305,Loyal Actives,624.1852772630023,698.53,2314.84,44,3,263,True,5.0,3.0,4.0,False
2306,Single-Trip,1.3820736887626486,0.0,11.6,1,217,0,False,,,,False
2307,Champions,734.9231688097161,942.95,2721.75,73,4,268,True,5.0,4.0,5.0,False
2308,Truly Lapsed,165.3188320582971,18.85,411.11,18,11,168,False,2.0,1.0,2.0,False
2309,Declining,90.6995128078785,144.88,99.16,5,1,264,False,1.0,2.0,1.0,False
2310,Loyal Actives,176.5597869118933,234.41,769.75,30,20,253,False,3.0,2.0,3.0,False
2311,Champions,218.0668116871722,63.3,904.91,22,42,209,False,3.0,2.0,2.0,False
2312,Loyal Actives,1503.8755768258643,2285.87,5778.59,138,2,271,True,5.0,2.0,5.0,False
2313,Champions,9.627371776612764,33.06,25.92,2,86,180,False,1.0,1.0,1.0,False
2314,Loyal Actives,572.660476121797,787.92,2058.95,36,6,266,True,4.0,5.0,3.0,False
2316,Declining,71.89712169244393,34.23,163.82,8,22,247,False,1.0,1.0,1.0,False
2317,Loyal Actives,1251.8365710741505,1723.73,6001.98,59,14,256,True,5.0,4.0,4.0,False
2318,Loyal Actives,985.3383622919424,186.24,4449.55,149,4,267,True,5.0,1.0,5.0,False
2319,Declining,166.7289796481614,117.89,562.92,16,19,215,False,2.0,3.0,2.0,False
2320,Declining,86.21653150590208,66.06,264.43,15,15,242,False,1.0,2.0,2.0,False
2321,Truly Lapsed,76.06264415396926,73.61,84.23,5,23,63,False,1.0,1.0,1.0,False
2322,Loyal Actives,2601.673264147972,3463.61,9708.13,126,1,271,True,5.0,4.0,5.0,False
2323,Champions,129.2618767602038,75.76,348.67,15,9,262,False,2.0,2.0,2.0,False
2324,Loyal Actives,462.52131176382545,640.1,1099.24,56,5,255,True,4.0,4.0,4.0,False
2326,Loyal Actives,131.20815768676357,484.3,460.77,25,6,253,False,3.0,2.0,3.0,False
2327,Declining,161.41003954123553,30.22,680.78,18,57,216,False,2.0,2.0,2.0,False
2328,Loyal Actives,1025.313350018048,2044.71,4792.95,51,23,250,True,5.0,3.0,4.0,False
2329,Declining,261.4121533697438,26.6,950.34,38,12,261,False,3.0,1.0,3.0,False
2330,Champions,829.6706715062187,605.43,2629.06,38,19,246,True,5.0,5.0,3.0,False
2331,Champions,904.4721807282496,561.9,2442.56,44,1,269,True,5.0,3.0,3.0,False
2332,Declining,35.140245547444714,149.87,51.18,3,10,200,False,1.0,2.0,1.0,False
2333,Declining,6.395243742209438,23.4,4.74,2,138,104,False,1.0,2.0,1.0,False
2334,Loyal Actives,1512.2060179610912,2053.63,4982.93,131,1,272,True,5.0,3.0,5.0,False
2335,Loyal Actives,278.9322329616187,572.62,758.6,19,1,265,False,3.0,4.0,3.0,False
2336,Loyal Actives,278.20460511881873,284.47,812.76,33,1,260,False,3.0,2.0,3.0,False
2337,Loyal Actives,1402.7010566723466,667.63,6242.23,728,1,272,True,5.0,5.0,5.0,False
2338,Loyal Actives,287.6860534213409,313.95,1178.02,39,7,262,False,3.0,2.0,3.0,False
2340,Champions,460.18756947754827,436.13,1394.39,61,1,257,False,4.0,2.0,4.0,False
2341,Loyal Actives,863.461393142563,513.9,2829.78,145,1,272,True,5.0,3.0,5.0,False
2342,Champions,607.3835319053595,955.47,2403.66,92,3,258,True,5.0,5.0,5.0,False
2343,Champions,708.1806450950172,622.19,2046.29,93,1,270,True,4.0,5.0,5.0,False
2344,Loyal Actives,241.75475104121816,319.25,1039.76,26,22,251,False,3.0,4.0,3.0,False
2345,Loyal Actives,336.0991342597623,737.59,1550.39,35,24,242,False,4.0,5.0,3.0,False
2346,Declining,170.76277838244198,230.41,459.27,12,4,267,False,2.0,2.0,1.0,False
2347,Champions,507.7725484429297,550.95,1761.56,46,1,256,True,4.0,3.0,4.0,False
2348,,,,,,,,False,,,,True
2349,Champions,225.5225903984306,365.15,753.55,26,10,232,False,3.0,3.0,3.0,False
2350,Truly Lapsed,151.91087060613023,0.0,772.59,20,85,182,False,2.0,1.0,2.0,False
2351,Champions,2024.8629830049804,2628.63,7275.09,154,1,270,True,5.0,4.0,5.0,False
2352,Declining,210.97440994697635,160.96,703.01,28,6,247,False,2.0,2.0,3.0,False
2353,Declining,93.5796465585518,50.32,191.92,6,60,175,False,1.0,1.0,1.0,False
2354,Champions,594.629053758521,702.97,2232.76,34,13,259,False,4.0,3.0,3.0,False
2355,Declining,30.42951501945819,31.11,33.7,5,4,212,False,1.0,1.0,1.0,False
2356,Declining,137.15638036880347,33.86,542.02,31,14,257,False,2.0,1.0,3.0,False
2357,Declining,32.428676339058256,17.16,100.4,15,60,212,False,1.0,1.0,2.0,False
2358,Loyal Actives,355.6101627182208,427.25,965.7,34,1,249,False,3.0,3.0,3.0,False
2359,Champions,416.97895474085794,344.31,1492.94,98,3,270,True,4.0,3.0,5.0,False
2360,Champions,1383.3491742383292,1100.5,4190.48,140,1,272,True,5.0,4.0,5.0,False
2361,Loyal Actives,980.9894368648752,567.26,2436.26,44,1,258,True,5.0,3.0,4.0,False
2362,Declining,45.59880018131828,28.74,132.47,12,42,230,False,1.0,5.0,1.0,False
2363,Declining,107.59395898535338,135.82,384.22,21,19,233,False,2.0,3.0,2.0,False
2364,Loyal Actives,824.5450034374321,1184.18,3389.61,52,4,262,True,5.0,3.0,4.0,False
2366,Champions,933.0181208487106,664.28,2931.22,93,1,272,False,5.0,4.0,5.0,False
2367,Loyal Actives,704.7077498997602,194.13,2587.01,82,2,271,True,4.0,3.0,4.0,False
2368,Loyal Actives,199.0234525488773,73.44,891.84,16,26,246,False,3.0,5.0,2.0,False
2369,Champions,514.7066973515587,294.06,1518.91,40,5,265,False,4.0,5.0,3.0,False
2370,Loyal Actives,680.4261509424377,790.63,2223.12,76,3,266,True,5.0,3.0,5.0,False
2371,Loyal Actives,316.10507819617817,147.3,689.4,36,1,269,False,2.0,2.0,3.0,False
2372,Loyal Actives,408.7387133677501,489.89,1598.84,29,8,262,False,4.0,3.0,3.0,False
2373,Declining,383.95507744914175,163.07,1780.03,78,4,243,False,4.0,1.0,4.0,False
2374,Loyal Actives,796.4572020379461,1206.94,2688.82,32,3,250,True,5.0,3.0,3.0,False
2375,Loyal Actives,618.6683317496953,648.64,1529.66,65,1,257,False,4.0,4.0,4.0,False
2376,Champions,355.113056861212,1038.77,1370.93,80,9,263,True,4.0,5.0,5.0,False
2377,Champions,127.11504691968156,224.15,459.38,26,13,219,False,2.0,4.0,3.0,False
2378,Loyal Actives,1132.355857877005,1826.33,4569.34,82,5,262,True,5.0,4.0,5.0,False
2379,Loyal Actives,193.77276640256,110.0,553.03,23,8,263,False,2.0,2.0,2.0,False
2380,Champions,651.0937029845862,1061.2,2510.4,94,4,268,True,5.0,4.0,5.0,False
2381,Loyal Actives,321.67499775099776,299.15,862.27,36,2,269,False,3.0,5.0,3.0,False
2382,Declining,164.50945143964302,74.47,452.11,21,2,269,False,2.0,1.0,2.0,False
2383,Declining,25.10529511764955,138.66,71.05,5,109,153,False,1.0,5.0,1.0,False
2384,Truly Lapsed,45.57625808328828,0.0,128.57,5,114,121,False,1.0,1.0,1.0,False
2385,Champions,808.9825028689498,558.79,4489.64,249,9,263,False,5.0,2.0,5.0,False
2386,Loyal Actives,97.86918499082084,212.77,487.4,15,90,179,False,2.0,3.0,2.0,False
2387,Declining,48.66591639037354,191.29,193.74,9,57,186,False,2.0,2.0,1.0,False
2388,Loyal Actives,250.50728747188785,315.46,762.25,32,1,272,False,3.0,2.0,3.0,False
2389,Loyal Actives,138.92206129062683,207.07,600.23,29,25,242,False,2.0,3.0,3.0,False
2390,Declining,142.82077905819435,219.62,329.08,20,5,267,True,2.0,1.0,2.0,False
2391,Declining,87.64149742210294,73.39,208.66,19,7,182,False,1.0,1.0,2.0,False
2392,Declining,186.37087541550596,570.79,433.12,10,8,222,False,3.0,2.0,2.0,False
2393,Loyal Actives,540.9936433855165,497.35,2006.01,29,4,261,True,4.0,5.0,3.0,False
2394,Champions,147.67045591122215,120.73,577.83,29,17,251,False,2.0,2.0,3.0,False
2395,Loyal Actives,792.9691656665403,395.0,2260.64,105,1,271,False,4.0,3.0,5.0,False
2396,Declining,27.716420883905073,214.59,71.56,3,232,24,False,1.0,3.0,1.0,False
2397,Truly Lapsed,298.49556151221066,477.0,420.87,17,5,59,True,3.0,1.0,2.0,False
2398,Declining,320.70336874094795,235.87,941.31,33,6,170,False,3.0,3.0,3.0,False
2399,Truly Lapsed,15.2610129131405,0.0,40.85,3,111,96,False,1.0,1.0,1.0,False
2400,Champions,1584.4969231099992,2283.35,7355.0,194,1,271,True,5.0,4.0,5.0,False
2401,Declining,132.21269122799475,143.17,404.29,33,8,250,False,2.0,2.0,3.0,False
2402,Declining,214.12309703099305,136.8,753.75,23,5,250,False,3.0,2.0,2.0,False
2403,Declining,9.64117795406742,55.26,25.54,3,136,50,False,1.0,1.0,1.0,False
2404,Truly Lapsed,154.11845349332825,191.76,103.48,3,3,1,False,1.0,4.0,1.0,False
2405,Champions,379.97959223192385,796.99,1485.74,67,4,264,True,4.0,3.0,4.0,False
2406,Loyal Actives,585.8413532490895,940.16,1934.54,68,4,257,True,4.0,5.0,4.0,False
2407,Loyal Actives,645.8934672988112,1277.84,3031.2,75,4,262,True,5.0,3.0,5.0,False
2408,Declining,231.11397238749424,916.72,463.76,8,3,260,False,3.0,5.0,2.0,False
2409,Single-Trip,57.52184247790208,0.0,77.78,1,60,0,False,,,,False
2410,Loyal Actives,308.046753647775,482.86,1103.68,23,10,253,False,3.0,5.0,3.0,False
2411,Declining,406.5114609732342,68.32,1158.33,39,2,269,True,3.0,1.0,3.0,False
2412,Loyal Actives,1324.1438298065625,1434.14,6814.68,139,4,264,False,5.0,4.0,5.0,False
2413,Declining,74.16184665766758,44.08,114.97,6,6,253,False,1.0,1.0,1.0,False
2414,Declining,43.92331333189367,14.9,137.78,3,88,140,False,1.0,1.0,1.0,False
2415,Loyal Actives,102.76978599156296,67.33,334.28,18,8,263,False,2.0,5.0,2.0,False
2416,Loyal Actives,519.6389614439447,581.37,2025.13,57,4,267,False,4.0,3.0,4.0,False
2417,Truly Lapsed,22.23221809037444,0.0,88.33,4,134,125,False,1.0,1.0,1.0,False
2418,Loyal Actives,290.6772665993467,371.82,685.26,45,1,267,False,3.0,4.0,4.0,False
2419,Declining,118.83014537948388,94.05,414.77,25,17,250,False,2.0,1.0,2.0,False
2420,Loyal Actives,519.8141298909817,952.31,1836.54,36,2,265,True,4.0,5.0,3.0,False
2421,Loyal Actives,753.0502551920405,1372.68,2650.45,29,6,259,True,5.0,5.0,3.0,False
2422,Truly Lapsed,65.11968113036204,0.0,130.7,2,117,15,False,1.0,1.0,1.0,False
2423,Loyal Actives,270.0159925169416,377.75,1222.28,22,10,260,False,3.0,1.0,2.0,False
2424,Loyal Actives,677.9922895154683,409.17,1868.96,47,2,265,False,4.0,3.0,4.0,False
2425,Champions,322.2586512649697,180.48,1356.53,40,15,256,False,3.0,3.0,3.0,False
2426,Champions,313.77697752303476,360.07,1161.66,49,3,265,True,3.0,2.0,4.0,False
2427,Champions,1125.11703408217,1205.93,3832.14,155,1,270,True,5.0,5.0,5.0,False
2428,Champions,58.525939261655786,35.82,172.36,11,14,228,False,1.0,2.0,1.0,False
2429,Declining,158.30738803016789,161.6,717.86,28,20,238,False,3.0,1.0,3.0,False
2430,Loyal Actives,192.6450127180366,189.11,898.63,24,55,216,False,3.0,3.0,2.0,False
2431,Declining,94.92864008879565,130.62,378.34,13,58,192,False,2.0,2.0,2.0,False
2432,Loyal Actives,690.6174555928699,408.4,3351.04,162,9,262,True,5.0,3.0,5.0,False
2433,Declining,101.50155302190888,91.89,395.17,18,25,217,False,2.0,1.0,2.0,False
2434,Declining,137.7622102918716,56.82,492.1,11,10,233,False,2.0,2.0,1.0,False
2435,Loyal Actives,349.67311889509705,453.65,1691.13,24,6,239,True,4.0,4.0,3.0,False
2436,Declining,47.22190361255901,96.45,132.97,3,61,163,False,1.0,1.0,1.0,False
2437,Loyal Actives,485.8148636864337,898.41,1731.92,25,6,266,True,4.0,2.0,3.0,False
2438,Loyal Actives,361.65933197414824,522.61,957.4,65,1,269,False,3.0,4.0,5.0,False
2439,Declining,68.37811137138264,15.69,248.77,25,5,260,False,1.0,2.0,2.0,False
2440,Loyal Actives,215.1112460772458,783.79,719.53,43,4,268,False,3.0,3.0,4.0,False
2441,Loyal Actives,173.62570736078987,193.13,434.11,43,8,259,False,2.0,3.0,3.0,False
2442,Declining,78.74568830140304,52.29,307.28,17,18,254,False,2.0,3.0,2.0,False
2443,Truly Lapsed,261.5168552276776,0.0,1531.09,67,104,168,False,3.0,1.0,4.0,False
2445,Loyal Actives,599.707909708033,938.8,2642.61,65,10,263,True,5.0,5.0,4.0,False
2446,Loyal Actives,627.9720977272514,783.24,2846.24,80,4,269,True,5.0,4.0,5.0,False
2447,Loyal Actives,810.0308127838107,646.56,2805.65,43,1,269,True,5.0,3.0,4.0,False
2448,Loyal Actives,945.0865964665476,1077.74,2917.08,66,5,266,True,5.0,5.0,5.0,False
2449,Loyal Actives,865.4899473816212,1172.6,4191.06,112,6,267,True,5.0,3.0,5.0,False
2450,Loyal Actives,162.64636519047673,753.92,631.15,25,22,249,False,3.0,3.0,3.0,False
2451,Loyal Actives,1131.5286882140524,1691.58,3212.13,79,2,269,False,5.0,4.0,5.0,False
2452,Loyal Actives,251.6553464596081,704.66,933.06,46,11,261,False,4.0,5.0,4.0,False
2453,Loyal Actives,411.771493724045,1016.41,1277.6,44,6,261,True,4.0,5.0,4.0,False
2454,Declining,77.08693235216904,110.32,198.56,17,12,194,False,1.0,2.0,2.0,False
2455,Loyal Actives,919.1894705666016,955.9,2811.01,47,1,270,True,5.0,2.0,4.0,False
2456,Loyal Actives,159.74342113851822,115.94,630.89,35,10,262,False,2.0,2.0,3.0,False
2457,Loyal Actives,285.5677105777366,248.64,545.93,29,3,269,False,2.0,2.0,3.0,False
2458,Loyal Actives,88.26930649702905,125.06,298.48,15,43,228,False,2.0,5.0,2.0,False
2459,Loyal Actives,1791.1111581727762,1731.99,8135.83,432,1,270,False,5.0,4.0,5.0,False
2460,Declining,129.78579933560167,197.22,533.97,16,39,231,False,2.0,3.0,2.0,False
2461,Declining,106.93166132186514,197.22,232.26,5,30,155,False,2.0,2.0,1.0,False
2462,Loyal Actives,1268.9303568778932,1992.36,4183.15,77,1,268,False,5.0,5.0,5.0,False
2463,Truly Lapsed,43.2231137145271,0.0,123.44,6,63,205,False,1.0,1.0,1.0,False
2464,Declining,152.11252386965515,78.3,619.14,25,24,228,False,2.0,1.0,2.0,False
2465,Loyal Actives,243.9417227262975,348.22,658.0,63,1,270,True,3.0,5.0,4.0,False
2466,Loyal Actives,521.2968196669651,287.82,1691.09,47,3,270,False,4.0,4.0,4.0,False
2467,Loyal Actives,1420.7643835536005,2195.68,5883.0,181,5,268,True,5.0,5.0,5.0,False
2468,Loyal Actives,481.73406559258115,100.0,1571.39,52,4,207,False,4.0,4.0,4.0,False
2469,Declining,63.38400665868359,63.75,150.59,8,17,215,False,1.0,4.0,1.0,False
2470,Champions,203.68018085453417,105.98,326.08,35,2,271,False,2.0,2.0,3.0,False
2471,Loyal Actives,67.01412329015135,247.8,178.25,13,8,246,False,2.0,5.0,2.0,False
2472,Loyal Actives,158.9991104802712,103.61,811.31,27,29,235,False,3.0,3.0,2.0,False
2473,Declining,15.822977867163257,71.88,55.32,3,154,64,False,1.0,1.0,1.0,False
2474,Declining,66.82966055029614,51.62,163.23,17,5,262,False,1.0,4.0,2.0,False
2475,Loyal Actives,747.690033593116,992.55,2303.77,58,2,257,False,5.0,5.0,4.0,False
2476,Truly Lapsed,117.76832075079533,0.0,379.53,12,76,187,False,2.0,1.0,1.0,False
2477,Declining,128.10996722351337,408.26,402.21,8,57,172,False,2.0,2.0,1.0,False
2478,Loyal Actives,298.812269946287,313.27,1059.02,52,18,252,False,3.0,3.0,4.0,False
2479,Loyal Actives,1907.2866433307008,2442.62,5932.99,56,1,269,True,5.0,5.0,4.0,False
2480,Truly Lapsed,251.14645086572477,0.0,781.57,16,14,179,False,2.0,1.0,1.0,False
2481,Champions,526.1328184364909,935.01,2074.29,63,7,264,False,5.0,4.0,4.0,False
2482,Declining,196.13681017241407,233.86,435.3,18,1,261,False,2.0,3.0,2.0,False
2483,Loyal Actives,130.12228938920595,573.89,374.99,33,7,217,True,3.0,5.0,4.0,False
2484,Loyal Actives,809.9939892088098,1005.26,3466.69,64,7,256,False,5.0,2.0,4.0,False
2485,Loyal Actives,161.55176652442435,58.69,617.55,36,14,259,False,2.0,2.0,3.0,False
2486,Loyal Actives,431.70159225896424,616.76,1753.0,32,7,250,True,4.0,5.0,4.0,False
2487,Declining,106.35794536336384,7.65,363.49,14,25,240,False,2.0,1.0,1.0,False
2488,Loyal Actives,1024.2030997039794,888.48,2857.56,51,1,272,True,5.0,4.0,4.0,False
2489,Loyal Actives,2213.8288798811573,753.29,5135.72,69,1,266,True,5.0,3.0,4.0,False
2490,Declining,81.81712171718239,95.17,200.99,11,4,237,False,1.0,3.0,2.0,False
2491,Declining,68.4434694555916,31.29,291.67,32,36,237,False,1.0,1.0,3.0,False
2492,Declining,288.2563902822303,380.53,1002.54,24,3,245,False,3.0,2.0,3.0,False
2493,Declining,242.27888476254745,0.0,1164.48,55,15,256,False,3.0,1.0,3.0,False
2494,Loyal Actives,278.6013768916031,291.1,1175.58,18,22,245,True,3.0,4.0,2.0,False
2495,Declining,67.92905835344766,2.49,170.8,14,47,166,False,1.0,3.0,1.0,False
2496,Loyal Actives,568.4719221204928,661.76,2051.08,33,4,262,True,4.0,2.0,3.0,False
2497,Loyal Actives,666.4142757333514,980.33,3196.41,91,5,268,True,5.0,4.0,5.0,False
2498,Loyal Actives,720.4296126233681,535.49,1742.95,103,1,270,True,4.0,4.0,5.0,False
2499,Loyal Actives,298.4289772217246,725.46,1201.05,33,7,265,True,4.0,3.0,3.0,False
2500,Champions,761.4675032303244,1022.02,2579.13,51,5,259,False,5.0,5.0,4.0,False
